time, x, y, aX, aY, DX, DY, Error
0, -4, -1.5, -4, -1.5, 0, 0, 0
0.001, -3.99514, -1.49245, -3.99514, -1.49244, -2.38419e-06, -9.77516e-06, 1.00617e-05
0.002, -3.99029, -1.48491, -3.99028, -1.48489, -4.52995e-06, -1.93119e-05, 1.98361e-05
0.003, -3.98544, -1.4774, -3.98543, -1.47737, -6.91414e-06, -2.87294e-05, 2.95497e-05
0.004, -3.98059, -1.4699, -3.98058, -1.46986, -9.29832e-06, -3.80278e-05, 3.9148e-05
0.005, -3.97575, -1.46242, -3.97574, -1.46237, -1.16825e-05, -4.78029e-05, 4.92098e-05
0.006, -3.97092, -1.45496, -3.9709, -1.45491, -1.43051e-05, -5.72205e-05, 5.89815e-05
0.007, -3.96609, -1.44752, -3.96607, -1.44746, -1.69277e-05, -6.71148e-05, 6.92167e-05
0.008, -3.96126, -1.4401, -3.96124, -1.44003, -1.95503e-05, -7.66516e-05, 7.91055e-05
0.009, -3.95644, -1.4327, -3.95642, -1.43262, -2.24113e-05, -8.59499e-05, 8.88237e-05
0.01, -3.95162, -1.42532, -3.9516, -1.42523, -2.55108e-05, -9.62019e-05, 9.95269e-05
0.011, -3.94681, -1.41796, -3.94678, -1.41785, -2.83718e-05, -0.0001055, 0.000109249
0.012, -3.942, -1.41061, -3.94197, -1.4105, -3.14713e-05, -0.000115037, 0.000119264
0.013, -3.9372, -1.40329, -3.93716, -1.40316, -3.45707e-05, -0.000124693, 0.000129397
0.014, -3.9324, -1.39598, -3.93236, -1.39585, -3.79086e-05, -0.000134706, 0.000139939
0.015, -3.9276, -1.3887, -3.92756, -1.38855, -4.07696e-05, -0.000144362, 0.000150009
0.016, -3.92281, -1.38143, -3.92277, -1.38127, -4.36306e-05, -0.000154018, 0.000160079
0.017, -3.91802, -1.37418, -3.91798, -1.37401, -4.64916e-05, -0.000163913, 0.000170379
0.018, -3.91324, -1.36695, -3.91319, -1.36677, -4.93526e-05, -0.000173807, 0.000180678
0.019, -3.90846, -1.35974, -3.90841, -1.35955, -5.19753e-05, -0.000183344, 0.000190569
0.02, -3.90369, -1.35254, -3.90363, -1.35235, -5.45979e-05, -0.000193357, 0.000200918
0.021, -3.89892, -1.34537, -3.89886, -1.34517, -5.6982e-05, -0.000202894, 0.000210744
0.022, -3.89415, -1.33821, -3.89409, -1.338, -5.93662e-05, -0.000213027, 0.000221144
0.023, -3.88939, -1.33108, -3.88933, -1.33085, -6.17504e-05, -0.000222445, 0.000230856
0.024, -3.88464, -1.32396, -3.88457, -1.32372, -6.41346e-05, -0.000232577, 0.000241258
0.025, -3.87988, -1.31686, -3.87982, -1.31662, -6.65188e-05, -0.000242591, 0.000251545
0.026, -3.87514, -1.30978, -3.87507, -1.30953, -6.84261e-05, -0.000251889, 0.000261018
0.027, -3.87039, -1.30271, -3.87032, -1.30245, -7.05719e-05, -0.000261664, 0.000271014
0.028, -3.86565, -1.29567, -3.86558, -1.2954, -7.29561e-05, -0.000272036, 0.000281649
0.029, -3.86092, -1.28865, -3.86084, -1.28836, -7.48634e-05, -0.000281572, 0.000291355
0.03, -3.85619, -1.28164, -3.85611, -1.28135, -7.70092e-05, -0.000291586, 0.000301584
0.031, -3.85146, -1.27465, -3.85138, -1.27435, -7.9155e-05, -0.000301361, 0.000311583
0.032, -3.84674, -1.26768, -3.84666, -1.26737, -8.10623e-05, -0.000311494, 0.000321869
0.033, -3.84202, -1.26073, -3.84194, -1.26041, -8.32081e-05, -0.000321507, 0.0003321
0.034, -3.83731, -1.2538, -3.83722, -1.25347, -8.51154e-05, -0.000331283, 0.000342042
0.035, -3.8326, -1.24688, -3.83251, -1.24654, -8.72612e-05, -0.000341296, 0.000352275
0.036, -3.82789, -1.23999, -3.8278, -1.23963, -8.91685e-05, -0.000350952, 0.000362103
0.037, -3.82319, -1.23311, -3.8231, -1.23275, -9.13143e-05, -0.000360847, 0.000372221
0.038, -3.81849, -1.22625, -3.8184, -1.22588, -9.34601e-05, -0.000371218, 0.000382802
0.039, -3.8138, -1.21941, -3.81371, -1.21903, -9.56059e-05, -0.000381112, 0.000392921
0.04, -3.80911, -1.21258, -3.80902, -1.21219, -9.77516e-05, -0.000391126, 0.000403156
0.041, -3.80443, -1.20578, -3.80433, -1.20538, -0.000100136, -0.000401497, 0.000413796
0.042, -3.79975, -1.19899, -3.79965, -1.19858, -0.000102282, -0.000411272, 0.0004238
0.043, -3.79507, -1.19223, -3.79497, -1.1918, -0.000104427, -0.000421166, 0.00043392
0.044, -3.7904, -1.18548, -3.7903, -1.18504, -0.00010705, -0.000432014, 0.00044508
0.045, -3.78574, -1.17874, -3.78563, -1.1783, -0.000109434, -0.000442147, 0.000455489
0.046, -3.78108, -1.17203, -3.78096, -1.17158, -0.000111818, -0.000451803, 0.000465435
0.047, -3.77642, -1.16533, -3.7763, -1.16487, -0.000114441, -0.000462174, 0.000476132
0.048, -3.77176, -1.15866, -3.77165, -1.15818, -0.000117064, -0.000472546, 0.00048683
0.049, -3.76711, -1.152, -3.76699, -1.15152, -0.000119925, -0.000482798, 0.000497469
0.05, -3.76247, -1.14536, -3.76235, -1.14486, -0.000122786, -0.00049305, 0.000508108
0.051, -3.75783, -1.13873, -3.7577, -1.13823, -0.000125647, -0.000502586, 0.000518054
0.052, -3.75319, -1.13213, -3.75306, -1.13161, -0.000128746, -0.000513434, 0.00052933
0.053, -3.74856, -1.12554, -3.74843, -1.12502, -0.000131845, -0.000523448, 0.000539797
0.054, -3.74393, -1.11897, -3.7438, -1.11844, -0.000134945, -0.000533342, 0.000550149
0.055, -3.73931, -1.11242, -3.73917, -1.11188, -0.000138283, -0.000543714, 0.000561023
0.056, -3.73469, -1.10589, -3.73455, -1.10533, -0.000141621, -0.000553846, 0.000571666
0.057, -3.73007, -1.09937, -3.72993, -1.09881, -0.00014472, -0.00056386, 0.000582136
0.058, -3.72546, -1.09287, -3.72531, -1.0923, -0.00014782, -0.00057435, 0.000593067
0.059, -3.72085, -1.08639, -3.7207, -1.08581, -0.000150681, -0.000584483, 0.000603594
0.06, -3.71625, -1.07993, -3.7161, -1.07933, -0.00015378, -0.000594854, 0.00061441
0.061, -3.71165, -1.07348, -3.71149, -1.07288, -0.000156403, -0.000605226, 0.000625108
0.062, -3.70706, -1.06706, -3.7069, -1.06644, -0.000159025, -0.000615001, 0.000635228
0.0629999, -3.70246, -1.06065, -3.7023, -1.06002, -0.000161648, -0.000625253, 0.00064581
0.064, -3.69788, -1.05426, -3.69771, -1.05362, -0.00016427, -0.000635743, 0.000656623
0.065, -3.69329, -1.04788, -3.69313, -1.04724, -0.000166893, -0.000645757, 0.000666975
0.066, -3.68871, -1.04153, -3.68855, -1.04087, -0.000169277, -0.000656009, 0.000677497
0.067, -3.68414, -1.03519, -3.68397, -1.03452, -0.000171661, -0.000666499, 0.00068825
0.068, -3.67957, -1.02887, -3.67939, -1.02819, -0.000174046, -0.000676513, 0.000698542
0.069, -3.675, -1.02256, -3.67483, -1.02188, -0.000176191, -0.000686646, 0.00070889
0.07, -3.67044, -1.01628, -3.67026, -1.01558, -0.000178576, -0.000696898, 0.000719413
0.071, -3.66588, -1.01001, -3.6657, -1.0093, -0.00018096, -0.000707269, 0.000730052
0.072, -3.66133, -1.00376, -3.66114, -1.00304, -0.000182867, -0.000717044, 0.000739995
0.073, -3.65677, -0.997525, -3.65659, -0.996798, -0.000185251, -0.000727534, 0.000750749
0.074, -3.65223, -0.991309, -3.65204, -0.990572, -0.000187397, -0.000737488, 0.000760925
0.075, -3.64769, -0.985111, -3.6475, -0.984363, -0.000189543, -0.000748158, 0.000771794
0.076, -3.64315, -0.97893, -3.64296, -0.978172, -0.000191689, -0.000758052, 0.000781912
0.077, -3.63861, -0.972766, -3.63842, -0.971998, -0.000193834, -0.000767946, 0.000792031
0.078, -3.63408, -0.96662, -3.63389, -0.965841, -0.00019598, -0.000778496, 0.000802786
0.079, -3.62956, -0.960491, -3.62936, -0.959702, -0.000198126, -0.000788927, 0.000813425
0.08, -3.62503, -0.954379, -3.62483, -0.95358, -0.00020051, -0.000799239, 0.000824007
0.081, -3.62052, -0.948285, -3.62031, -0.947475, -0.000202656, -0.00080955, 0.00083453
0.082, -3.616, -0.942208, -3.6158, -0.941388, -0.000204802, -0.000819564, 0.000844765
0.083, -3.61149, -0.936148, -3.61128, -0.935318, -0.000207186, -0.000829577, 0.000855058
0.084, -3.60698, -0.930105, -3.60678, -0.929265, -0.00020957, -0.000839949, 0.000865698
0.085, -3.60248, -0.92408, -3.60227, -0.92323, -0.000211716, -0.00085026, 0.000876223
0.086, -3.59798, -0.918072, -3.59777, -0.917211, -0.000214338, -0.00086087, 0.000887152
0.087, -3.59349, -0.912081, -3.59327, -0.91121, -0.000216722, -0.000871181, 0.000897734
0.088, -3.589, -0.906107, -3.58878, -0.905226, -0.000219345, -0.000881374, 0.000908258
0.089, -3.58452, -0.90015, -3.58429, -0.899259, -0.000221968, -0.000891745, 0.000918955
0.09, -3.58003, -0.894211, -3.57981, -0.893309, -0.00022459, -0.000901937, 0.000929479
0.091, -3.57556, -0.888288, -3.57533, -0.887376, -0.000227213, -0.000912309, 0.000940177
0.092, -3.57108, -0.882383, -3.57085, -0.88146, -0.000230074, -0.000923038, 0.000951279
0.093, -3.56661, -0.876494, -3.56638, -0.875561, -0.000233173, -0.00093329, 0.000961977
0.094, -3.56215, -0.870623, -3.56191, -0.86968, -0.000236034, -0.000943184, 0.00097227
0.095, -3.55769, -0.864768, -3.55745, -0.863814, -0.000239134, -0.000953972, 0.000983488
0.096, -3.55323, -0.858931, -3.55299, -0.857967, -0.000242472, -0.000964224, 0.000994244
0.097, -3.54877, -0.85311, -3.54853, -0.852136, -0.00024581, -0.000974715, 0.00100523
0.098, -3.54432, -0.847307, -3.54408, -0.846321, -0.000249147, -0.000985384, 0.00101639
0.099, -3.53988, -0.84152, -3.53963, -0.840524, -0.000252724, -0.000995457, 0.00102704
0.1, -3.53544, -0.83575, -3.53518, -0.834744, -0.000256062, -0.00100625, 0.00103831
0.101, -3.531, -0.829997, -3.53074, -0.82898, -0.000259399, -0.0010165, 0.00104907
0.102, -3.52657, -0.824261, -3.5263, -0.823234, -0.000262737, -0.00102681, 0.00105989
0.103, -3.52214, -0.818541, -3.52187, -0.817504, -0.000265837, -0.00103718, 0.00107071
0.104, -3.51771, -0.812839, -3.51744, -0.811791, -0.000268698, -0.00104749, 0.00108141
0.105, -3.51329, -0.807153, -3.51302, -0.806094, -0.000271797, -0.00105858, 0.00109291
0.106, -3.50887, -0.801484, -3.50859, -0.800415, -0.000274658, -0.00106883, 0.00110356
0.107, -3.50445, -0.795831, -3.50418, -0.794752, -0.000277281, -0.00107908, 0.00111414
0.108, -3.50004, -0.790196, -3.49976, -0.789106, -0.000280142, -0.00108987, 0.0011253
0.109, -3.49564, -0.784576, -3.49535, -0.783476, -0.000282764, -0.0011006, 0.00113634
0.11, -3.49123, -0.778974, -3.49095, -0.777863, -0.000285387, -0.00111121, 0.00114727
0.111, -3.48683, -0.773388, -3.48655, -0.772267, -0.000287771, -0.00112158, 0.00115791
0.112, -3.48244, -0.767819, -3.48215, -0.766687, -0.000290394, -0.00113189, 0.00116855
0.113, -3.47805, -0.762267, -3.47775, -0.761124, -0.000292778, -0.00114274, 0.00117965
0.114, -3.47366, -0.75673, -3.47336, -0.755577, -0.000295162, -0.00115317, 0.00119035
0.115, -3.46927, -0.751211, -3.46898, -0.750048, -0.000297308, -0.00116348, 0.00120087
0.116, -3.46489, -0.745708, -3.46459, -0.744534, -0.000299692, -0.00117403, 0.00121168
0.117, -3.46052, -0.740222, -3.46021, -0.739036, -0.000302076, -0.00118518, 0.00122307
0.118, -3.45614, -0.734751, -3.45584, -0.733556, -0.000304222, -0.00119525, 0.00123336
0.119, -3.45177, -0.729298, -3.45147, -0.728092, -0.000306606, -0.00120622, 0.00124458
0.12, -3.44741, -0.723861, -3.4471, -0.722644, -0.00030899, -0.00121701, 0.00125562
0.121, -3.44305, -0.71844, -3.44274, -0.717213, -0.000310898, -0.00122738, 0.00126614
0.122, -3.43869, -0.713036, -3.43838, -0.711798, -0.000313282, -0.00123787, 0.0012769
0.123, -3.43434, -0.707648, -3.43402, -0.706399, -0.000315428, -0.00124878, 0.001288
0.124, -3.42999, -0.702276, -3.42967, -0.701017, -0.000317574, -0.00125903, 0.00129846
0.125, -3.42564, -0.696921, -3.42532, -0.69565, -0.000319958, -0.00127023, 0.00130991
0.126, -3.4213, -0.691581, -3.42098, -0.690301, -0.000322104, -0.00128037, 0.00132026
0.127, -3.41696, -0.686259, -3.41664, -0.684967, -0.000324488, -0.00129122, 0.00133136
0.128, -3.41262, -0.680952, -3.4123, -0.67965, -0.00032711, -0.00130224, 0.0013427
0.129, -3.40829, -0.675662, -3.40796, -0.674349, -0.000329256, -0.00131267, 0.00135334
0.13, -3.40397, -0.670388, -3.40364, -0.669064, -0.00033164, -0.00132322, 0.00136415
0.131, -3.39964, -0.66513, -3.39931, -0.663796, -0.000334024, -0.00133371, 0.00137491
0.132, -3.39532, -0.659888, -3.39499, -0.658544, -0.000336647, -0.00134444, 0.00138595
0.133, -3.39101, -0.654662, -3.39067, -0.653307, -0.00033927, -0.00135559, 0.0013974
0.134, -3.3867, -0.649453, -3.38635, -0.648087, -0.000341892, -0.00136638, 0.0014085
0.135, -3.38239, -0.64426, -3.38204, -0.642883, -0.000344515, -0.00137681, 0.00141926
0.136, -3.37808, -0.639082, -3.37774, -0.637695, -0.000347137, -0.00138742, 0.00143019
0.137, -3.37378, -0.633921, -3.37343, -0.632522, -0.000349998, -0.0013985, 0.00144164
0.138, -3.36949, -0.628776, -3.36913, -0.627367, -0.000352859, -0.00140899, 0.00145251
0.139, -3.3652, -0.623646, -3.36484, -0.622227, -0.000355959, -0.00141978, 0.00146372
0.14, -3.36091, -0.618533, -3.36055, -0.617103, -0.000359058, -0.00143063, 0.001475
0.141, -3.35662, -0.613436, -3.35626, -0.611995, -0.000362158, -0.00144118, 0.00148599
0.142, -3.35234, -0.608355, -3.35197, -0.606903, -0.000365257, -0.00145161, 0.00149686
0.143, -3.34806, -0.603289, -3.34769, -0.601827, -0.000368834, -0.00146258, 0.00150837
0.144, -3.34379, -0.59824, -3.34342, -0.596767, -0.000372171, -0.00147319, 0.00151947
0.145, -3.33952, -0.593206, -3.33914, -0.591722, -0.000375986, -0.00148433, 0.00153121
0.146, -3.33525, -0.588189, -3.33487, -0.586693, -0.000379562, -0.00149524, 0.00154267
0.147, -3.33099, -0.583187, -3.33061, -0.581681, -0.000383139, -0.00150573, 0.00155371
0.148, -3.32673, -0.578201, -3.32634, -0.576684, -0.000386715, -0.00151664, 0.00156517
0.149, -3.32248, -0.57323, -3.32209, -0.571703, -0.000390053, -0.00152779, 0.00157679
0.15, -3.31822, -0.568276, -3.31783, -0.566738, -0.000393391, -0.00153792, 0.00158744
0.151, -3.31398, -0.563337, -3.31358, -0.561788, -0.00039649, -0.00154912, 0.00159906
0.152, -3.30973, -0.558414, -3.30933, -0.556854, -0.00039959, -0.00155979, 0.00161016
0.153, -3.30549, -0.553507, -3.30509, -0.551936, -0.000402689, -0.00157082, 0.00162162
0.154, -3.30125, -0.548615, -3.30085, -0.547034, -0.00040555, -0.00158125, 0.00163243
0.155, -3.29702, -0.543739, -3.29661, -0.542147, -0.000408649, -0.0015927, 0.00164429
0.156, -3.29279, -0.538879, -3.29238, -0.537276, -0.000411272, -0.00160283, 0.00165475
0.157, -3.28856, -0.534035, -3.28815, -0.532421, -0.000413895, -0.00161391, 0.00166614
0.158, -3.28434, -0.529206, -3.28392, -0.527581, -0.000416756, -0.00162506, 0.00167765
0.159, -3.28012, -0.524392, -3.2797, -0.522757, -0.000419378, -0.00163573, 0.00168864
0.16, -3.2759, -0.519594, -3.27548, -0.517948, -0.000421762, -0.00164658, 0.00169974
0.161, -3.27169, -0.514812, -3.27127, -0.513155, -0.000424147, -0.00165725, 0.00171066
0.162, -3.26748, -0.510046, -3.26706, -0.508377, -0.000426769, -0.00166827, 0.001722
0.163, -3.26328, -0.505294, -3.26285, -0.503615, -0.000429153, -0.00167906, 0.00173304
0.164, -3.25908, -0.500559, -3.25864, -0.498869, -0.000431538, -0.00169003, 0.00174426
0.165, -3.25488, -0.495838, -3.25444, -0.494137, -0.000433922, -0.00170097, 0.00175544
0.166, -3.25068, -0.491134, -3.25025, -0.489421, -0.000436544, -0.00171244, 0.00176721
0.167, -3.24649, -0.486444, -3.24605, -0.484721, -0.00043869, -0.00172338, 0.00177834
0.168, -3.24231, -0.48177, -3.24186, -0.480036, -0.000441074, -0.00173399, 0.00178921
0.169, -3.23812, -0.477112, -3.23768, -0.475366, -0.000443459, -0.00174531, 0.00180077
0.17, -3.23394, -0.472468, -3.2335, -0.470713, -0.000445604, -0.00175568, 0.00181135
0.171, -3.22976, -0.467841, -3.22932, -0.466074, -0.000447989, -0.00176686, 0.00182277
0.172, -3.22559, -0.463228, -3.22514, -0.46145, -0.000450373, -0.00177774, 0.0018339
0.173, -3.22142, -0.458631, -3.22097, -0.456842, -0.000452757, -0.00178915, 0.00184555
0.174, -3.21726, -0.454049, -3.2168, -0.452249, -0.000454903, -0.00179964, 0.00185625
0.175, -3.21309, -0.449482, -3.21264, -0.447671, -0.000457525, -0.00181121, 0.0018681
0.176, -3.20894, -0.444931, -3.20848, -0.443109, -0.000459909, -0.00182179, 0.00187894
0.177, -3.20478, -0.440395, -3.20432, -0.438562, -0.000462294, -0.00183305, 0.00189045
0.178, -3.20063, -0.435874, -3.20016, -0.43403, -0.000464678, -0.00184366, 0.00190132
0.179, -3.19648, -0.431368, -3.19601, -0.429513, -0.0004673, -0.0018549, 0.00191285
0.18, -3.19234, -0.426877, -3.19187, -0.425011, -0.000469923, -0.0018664, 0.00192465
0.181, -3.18819, -0.422402, -3.18772, -0.420525, -0.000472307, -0.00187671, 0.00193523
0.182, -3.18406, -0.417941, -3.18358, -0.416053, -0.000475168, -0.00188807, 0.00194694
0.183, -3.17992, -0.413496, -3.17945, -0.411597, -0.000477791, -0.00189915, 0.00195833
0.184, -3.17579, -0.409066, -3.17531, -0.407155, -0.000480652, -0.00191054, 0.00197007
0.185, -3.17167, -0.40465, -3.17118, -0.402729, -0.000483274, -0.00192136, 0.0019812
0.186, -3.16754, -0.40025, -3.16706, -0.398318, -0.000486374, -0.00193232, 0.00199259
0.187, -3.16342, -0.395865, -3.16294, -0.393922, -0.000489235, -0.00194353, 0.00200416
0.188, -3.15931, -0.391495, -3.15882, -0.389541, -0.000492334, -0.00195423, 0.00201529
0.189, -3.1552, -0.38714, -3.1547, -0.385175, -0.000495434, -0.00196514, 0.00202663
0.19, -3.15109, -0.3828, -3.15059, -0.380823, -0.000498772, -0.00197682, 0.00203877
0.191, -3.14698, -0.378474, -3.14648, -0.376487, -0.00050211, -0.00198781, 0.00205025
0.192, -3.14288, -0.374164, -3.14238, -0.372166, -0.000505447, -0.00199836, 0.0020613
0.193, -3.13878, -0.369869, -3.13827, -0.367859, -0.000509024, -0.00200975, 0.00207321
0.194, -3.13469, -0.365588, -3.13418, -0.363567, -0.000512838, -0.00202087, 0.00208492
0.195, -3.1306, -0.361323, -3.13008, -0.359291, -0.000516415, -0.00203171, 0.00209632
0.196, -3.12651, -0.357072, -3.12599, -0.355029, -0.000520229, -0.00204298, 0.00210817
0.197, -3.12243, -0.352836, -3.1219, -0.350781, -0.000523806, -0.00205427, 0.00212
0.198, -3.11835, -0.348615, -3.11782, -0.34655, -0.000527143, -0.00206488, 0.00213111
0.199, -3.11427, -0.344408, -3.11374, -0.342331, -0.00053072, -0.00207669, 0.00214343
0.2, -3.11019, -0.340216, -3.10966, -0.338129, -0.000533819, -0.00208715, 0.00215433
0.201, -3.10612, -0.33604, -3.10559, -0.333941, -0.000536919, -0.00209829, 0.0021659
0.202, -3.10206, -0.331877, -3.10152, -0.329767, -0.000540018, -0.00210997, 0.00217798
0.203, -3.09799, -0.32773, -3.09745, -0.325609, -0.000542879, -0.00212061, 0.002189
0.204, -3.09393, -0.323597, -3.09339, -0.321465, -0.00054574, -0.002132, 0.00220074
0.205, -3.08987, -0.319479, -3.08933, -0.317336, -0.000548601, -0.00214303, 0.00221213
0.206, -3.08582, -0.315375, -3.08527, -0.313221, -0.000551224, -0.0021545, 0.0022239
0.207, -3.08177, -0.311286, -3.08122, -0.309121, -0.000554085, -0.00216535, 0.00223512
0.208, -3.07772, -0.307212, -3.07717, -0.305035, -0.000556707, -0.00217709, 0.00224714
0.209, -3.07368, -0.303153, -3.07312, -0.300965, -0.000559092, -0.00218791, 0.00225821
0.21, -3.06964, -0.299107, -3.06908, -0.296908, -0.000561714, -0.00219923, 0.00226983
0.211, -3.0656, -0.295077, -3.06504, -0.292867, -0.000564098, -0.0022102, 0.00228105
0.212, -3.06157, -0.291061, -3.061, -0.288839, -0.000566483, -0.00222138, 0.00229247
0.213, -3.05754, -0.287059, -3.05697, -0.284827, -0.000568628, -0.0022324, 0.00230368
0.214, -3.05351, -0.283072, -3.05294, -0.280828, -0.000571012, -0.00224361, 0.00231513
0.215, -3.04948, -0.279099, -3.04891, -0.276845, -0.000573397, -0.00225499, 0.00232675
0.216, -3.04546, -0.275141, -3.04489, -0.272875, -0.000575542, -0.00226617, 0.00233811
0.217, -3.04145, -0.271198, -3.04087, -0.26892, -0.000577927, -0.00227758, 0.00234976
0.218, -3.03743, -0.267268, -3.03685, -0.26498, -0.000579834, -0.00228852, 0.00236083
0.219, -3.03342, -0.263353, -3.03284, -0.261054, -0.00058198, -0.00229955, 0.00237205
0.22, -3.02941, -0.259453, -3.02883, -0.257142, -0.000584126, -0.00231087, 0.00238355
0.221, -3.02541, -0.255567, -3.02482, -0.253244, -0.00058651, -0.00232238, 0.00239529
0.222, -3.02141, -0.251695, -3.02082, -0.249362, -0.000588655, -0.00233331, 0.00240642
0.223, -3.01741, -0.247837, -3.01682, -0.245493, -0.000590801, -0.00234438, 0.00241768
0.224, -3.01342, -0.243994, -3.01282, -0.241639, -0.000592947, -0.00235568, 0.00242916
0.225, -3.00943, -0.240165, -3.00883, -0.237798, -0.000595093, -0.00236695, 0.00244061
0.226, -3.00544, -0.236351, -3.00484, -0.233972, -0.000597239, -0.0023784, 0.00245224
0.227, -3.00146, -0.23255, -3.00086, -0.23016, -0.000599623, -0.00238992, 0.002464
0.228, -2.99748, -0.228764, -2.99687, -0.226363, -0.000601768, -0.00240064, 0.00247491
0.229, -2.9935, -0.224992, -2.99289, -0.22258, -0.000604153, -0.00241208, 0.00248659
0.23, -2.98952, -0.221234, -2.98892, -0.218811, -0.000606537, -0.00242352, 0.00249827
0.231, -2.98555, -0.21749, -2.98494, -0.215056, -0.000608444, -0.00243434, 0.00250923
0.232, -2.98159, -0.213761, -2.98097, -0.211315, -0.000611067, -0.00244559, 0.00252078
0.233, -2.97762, -0.210045, -2.97701, -0.207588, -0.000613451, -0.00245702, 0.00253245
0.234, -2.97366, -0.206344, -2.97305, -0.203876, -0.000616074, -0.00246814, 0.00254387
0.235, -2.9697, -0.202657, -2.96909, -0.200177, -0.000618458, -0.00247999, 0.00255594
0.236, -2.96575, -0.198984, -2.96513, -0.196493, -0.000621319, -0.002491, 0.00256731
0.237, -2.9618, -0.195325, -2.96118, -0.192822, -0.000623941, -0.00250235, 0.00257897
0.238, -2.95785, -0.19168, -2.95723, -0.189166, -0.000626564, -0.00251368, 0.00259059
0.239, -2.95391, -0.188049, -2.95328, -0.185524, -0.000629425, -0.00252494, 0.00260221
0.24, -2.94997, -0.184432, -2.94934, -0.181896, -0.000632286, -0.00253578, 0.00261342
0.241, -2.94603, -0.180828, -2.9454, -0.178281, -0.000635386, -0.00254783, 0.00262586
0.242, -2.9421, -0.177239, -2.94146, -0.17468, -0.000638485, -0.00255907, 0.00263751
0.243, -2.93817, -0.173664, -2.93752, -0.171094, -0.000641346, -0.00256981, 0.00264863
0.244, -2.93424, -0.170103, -2.93359, -0.167522, -0.000644684, -0.00258124, 0.00266053
0.245, -2.93032, -0.166555, -2.92967, -0.163963, -0.000648022, -0.00259262, 0.00267238
0.246, -2.92639, -0.163022, -2.92574, -0.160418, -0.00065136, -0.00260395, 0.00268418
0.247, -2.92248, -0.159502, -2.92182, -0.156887, -0.000655174, -0.00261554, 0.00269635
0.248, -2.91856, -0.155997, -2.9179, -0.15337, -0.000658989, -0.00262703, 0.00270842
0.249, -2.91465, -0.152505, -2.91399, -0.149867, -0.000662565, -0.00263768, 0.00271963
0.25, -2.91075, -0.149026, -2.91008, -0.146377, -0.00066638, -0.00264964, 0.00273215
0.251, -2.90684, -0.145562, -2.90617, -0.142902, -0.000669718, -0.00266059, 0.00274358
0.252, -2.90294, -0.142112, -2.90227, -0.13944, -0.000672817, -0.00267196, 0.00275537
0.253, -2.89904, -0.138675, -2.89837, -0.135992, -0.000676155, -0.00268301, 0.0027669
0.254, -2.89515, -0.135252, -2.89447, -0.132557, -0.000679731, -0.00269446, 0.00277887
0.255, -2.89125, -0.131842, -2.89057, -0.129136, -0.000682592, -0.00270616, 0.00279092
0.256, -2.88737, -0.128447, -2.88668, -0.125729, -0.000685692, -0.00271736, 0.00280254
0.257, -2.88348, -0.125065, -2.88279, -0.122336, -0.000688553, -0.00272854, 0.00281407
0.258, -2.8796, -0.121696, -2.87891, -0.118956, -0.000691414, -0.00274003, 0.00282591
0.259, -2.87572, -0.118342, -2.87502, -0.11559, -0.000694036, -0.00275109, 0.00283728
0.26, -2.87184, -0.115, -2.87114, -0.112238, -0.000696659, -0.00276243, 0.00284892
0.261, -2.86797, -0.111673, -2.86727, -0.108899, -0.00069952, -0.00277366, 0.00286051
0.262, -2.8641, -0.108359, -2.8634, -0.105574, -0.000701904, -0.00278502, 0.00287211
0.263, -2.86023, -0.105059, -2.85953, -0.102263, -0.000704527, -0.00279611, 0.00288351
0.264, -2.85637, -0.101772, -2.85566, -0.0989643, -0.000706911, -0.00280777, 0.00289539
0.265, -2.85251, -0.0984989, -2.8518, -0.0956796, -0.000709057, -0.00281925, 0.00290705
0.266, -2.84865, -0.0952392, -2.84794, -0.092409, -0.000711441, -0.00283018, 0.00291823
0.267, -2.84479, -0.091993, -2.84408, -0.0891514, -0.000713587, -0.00284161, 0.00292984
0.268, -2.84094, -0.0887603, -2.84023, -0.0859071, -0.000715971, -0.00285318, 0.00294164
0.269, -2.83709, -0.085541, -2.83637, -0.082677, -0.000718117, -0.00286402, 0.00295268
0.27, -2.83325, -0.0823352, -2.83253, -0.0794597, -0.000720263, -0.00287555, 0.00296438
0.271, -2.82941, -0.0791428, -2.82868, -0.0762557, -0.000722408, -0.00288716, 0.00297617
0.272, -2.82557, -0.0759639, -2.82484, -0.0730654, -0.000724316, -0.00289847, 0.0029876
0.273, -2.82173, -0.0727983, -2.821, -0.0698881, -0.0007267, -0.00291017, 0.00299953
0.274, -2.8179, -0.0696461, -2.81717, -0.0667245, -0.000728846, -0.00292154, 0.00301109
0.275, -2.81407, -0.0665072, -2.81334, -0.0635743, -0.000730753, -0.00293292, 0.00302259
0.276, -2.81024, -0.0633817, -2.80951, -0.0604379, -0.00073266, -0.00294381, 0.00303361
0.277, -2.80642, -0.0602695, -2.80568, -0.0573143, -0.000734806, -0.00295525, 0.00304524
0.278, -2.8026, -0.0571706, -2.80186, -0.0542043, -0.000736952, -0.0029663, 0.00305647
0.279, -2.79878, -0.054085, -2.79804, -0.051107, -0.000738859, -0.00297799, 0.00306828
0.28, -2.79496, -0.0510127, -2.79422, -0.0480235, -0.000741005, -0.00298923, 0.00307971
0.281, -2.79115, -0.0479536, -2.79041, -0.0449525, -0.000742912, -0.00300109, 0.00309168
0.282, -2.78734, -0.0449077, -2.7866, -0.0418953, -0.000745058, -0.00301247, 0.00310324
0.283, -2.78354, -0.0418751, -2.78279, -0.0388511, -0.000747442, -0.00302395, 0.00311496
0.284, -2.77974, -0.0388556, -2.77899, -0.0358212, -0.000749111, -0.00303444, 0.00312554
0.285, -2.77594, -0.0358494, -2.77519, -0.0328029, -0.000751495, -0.00304643, 0.00313775
0.286, -2.77214, -0.0328563, -2.77139, -0.0297982, -0.000753641, -0.0030581, 0.0031496
0.287, -2.76835, -0.0298763, -2.76759, -0.0268075, -0.000755787, -0.00306873, 0.00316043
0.288, -2.76456, -0.0269094, -2.7638, -0.0238292, -0.000758171, -0.00308021, 0.00317215
0.289, -2.76077, -0.0239557, -2.76001, -0.0208632, -0.000760555, -0.00309252, 0.00318467
0.29, -2.75699, -0.021015, -2.75623, -0.017912, -0.000762701, -0.00310302, 0.00319538
0.291, -2.75321, -0.0180875, -2.75244, -0.0149729, -0.000765085, -0.00311455, 0.00320714
0.292, -2.74943, -0.015173, -2.74866, -0.0120466, -0.000767708, -0.00312638, 0.00321926
0.293, -2.74566, -0.0122715, -2.74489, -0.00913405, -0.000770092, -0.00313742, 0.00323055
0.294, -2.74189, -0.00938301, -2.74111, -0.00623393, -0.000772715, -0.00314908, 0.0032425
0.295, -2.73812, -0.00650756, -2.73734, -0.00334716, -0.000775576, -0.0031604, 0.00325417
0.296, -2.73435, -0.00364508, -2.73358, -0.000473022, -0.000778198, -0.00317206, 0.00326612
0.297, -2.73059, -0.00079558, -2.72981, 0.00238764, -0.000781059, -0.00318322, 0.00327765
0.298, -2.72683, 0.00204097, -2.72605, 0.00523603, -0.000784159, -0.00319506, 0.00328988
0.299, -2.72308, 0.00486459, -2.72229, 0.00807071, -0.00078702, -0.00320612, 0.0033013
0.3, -2.71933, 0.00767529, -2.71853, 0.0108931, -0.000790119, -0.00321782, 0.0033134
0.301, -2.71558, 0.0104731, -2.71478, 0.0137025, -0.000793457, -0.00322942, 0.00332547
0.302, -2.71183, 0.013258, -2.71103, 0.0164984, -0.000796556, -0.00324044, 0.00333691
0.303, -2.70809, 0.0160301, -2.70729, 0.0192823, -0.000799894, -0.00325228, 0.0033492
0.304, -2.70435, 0.0187893, -2.70354, 0.0220529, -0.000803471, -0.00326362, 0.00336107
0.305, -2.70061, 0.0215356, -2.6998, 0.0248101, -0.000806808, -0.00327444, 0.00337237
0.306, -2.69688, 0.0242692, -2.69606, 0.0275557, -0.000810862, -0.00328651, 0.00338506
0.307, -2.69314, 0.02699, -2.69233, 0.0302876, -0.000814676, -0.00329767, 0.00339681
0.308, -2.68942, 0.0296979, -2.6886, 0.0330069, -0.000818253, -0.00330897, 0.00340864
0.309, -2.68569, 0.0323932, -2.68487, 0.0357138, -0.000821829, -0.00332063, 0.00342082
0.31, -2.68197, 0.0350756, -2.68114, 0.0384079, -0.000825405, -0.00333229, 0.003433
0.311, -2.67825, 0.0377454, -2.67742, 0.0410891, -0.000828505, -0.00334368, 0.0034448
0.312, -2.67453, 0.0404024, -2.6737, 0.0437572, -0.000831842, -0.00335479, 0.00345638
0.313, -2.67082, 0.0430467, -2.66998, 0.0464131, -0.00083518, -0.00336632, 0.00346837
0.314, -2.66711, 0.0456784, -2.66627, 0.0490563, -0.00083828, -0.00337788, 0.00348035
0.314999, -2.6634, 0.0482974, -2.66256, 0.0516869, -0.000841379, -0.00338948, 0.00349235
0.315999, -2.6597, 0.0509038, -2.65885, 0.0543047, -0.00084424, -0.00340096, 0.00350418
0.316999, -2.65599, 0.0534975, -2.65515, 0.0569098, -0.000847101, -0.00341231, 0.00351589
0.317999, -2.65229, 0.0560786, -2.65145, 0.0595026, -0.000849724, -0.003424, 0.00352786
0.318999, -2.6486, 0.0586471, -2.64775, 0.0620824, -0.000852346, -0.00343528, 0.00353944
0.319999, -2.6449, 0.0612031, -2.64405, 0.0646499, -0.000855207, -0.00344687, 0.00355137
0.320999, -2.64121, 0.0637465, -2.64036, 0.0672045, -0.000857592, -0.00345802, 0.00356277
0.321999, -2.63753, 0.0662773, -2.63667, 0.0697471, -0.000859976, -0.00346979, 0.00357477
0.322999, -2.63384, 0.0687956, -2.63298, 0.0722769, -0.000862598, -0.00348133, 0.0035866
0.323999, -2.63016, 0.0713014, -2.62929, 0.0747944, -0.000865221, -0.00349298, 0.00359854
0.324999, -2.62648, 0.0737947, -2.62561, 0.0772985, -0.000867128, -0.00350378, 0.00360948
0.325999, -2.6228, 0.0762756, -2.62193, 0.0797914, -0.000869513, -0.00351585, 0.00362177
0.326999, -2.61913, 0.078744, -2.61826, 0.0822713, -0.000871897, -0.00352738, 0.00363354
0.327999, -2.61546, 0.0811999, -2.61459, 0.0847383, -0.000873804, -0.00353836, 0.00364466
0.328999, -2.61179, 0.0836434, -2.61092, 0.0871936, -0.000876188, -0.00355021, 0.00365673
0.329999, -2.60813, 0.0860745, -2.60725, 0.0896366, -0.000878572, -0.00356207, 0.00366882
0.330999, -2.60446, 0.0884932, -2.60358, 0.092066, -0.00088048, -0.00357285, 0.00367974
0.331999, -2.60081, 0.0908995, -2.59992, 0.094484, -0.000882387, -0.00358444, 0.00369146
0.332999, -2.59715, 0.0932935, -2.59626, 0.0968896, -0.000884771, -0.00359612, 0.00370336
0.333999, -2.5935, 0.0956751, -2.59261, 0.099283, -0.000886679, -0.00360786, 0.00371522
0.334999, -2.58984, 0.0980444, -2.58896, 0.101663, -0.000888586, -0.00361894, 0.00372643
0.335999, -2.5862, 0.100401, -2.58531, 0.104033, -0.00089097, -0.00363112, 0.00373883
0.336999, -2.58255, 0.102746, -2.58166, 0.106388, -0.000892878, -0.00364213, 0.00374998
0.337999, -2.57891, 0.105078, -2.57801, 0.108732, -0.000894785, -0.00365337, 0.00376135
0.338999, -2.57527, 0.107399, -2.57437, 0.111064, -0.000896931, -0.00366531, 0.00377346
0.339999, -2.57163, 0.109707, -2.57073, 0.113383, -0.000899076, -0.00367687, 0.0037852
0.340999, -2.568, 0.112002, -2.5671, 0.11569, -0.000900984, -0.00368802, 0.00379648
0.341999, -2.56437, 0.114286, -2.56347, 0.117985, -0.000903368, -0.00369981, 0.0038085
0.342999, -2.56074, 0.116557, -2.55984, 0.120268, -0.000905275, -0.00371116, 0.00381998
0.343999, -2.55712, 0.118816, -2.55621, 0.122539, -0.000907183, -0.00372266, 0.0038316
0.344999, -2.5535, 0.121063, -2.55259, 0.124797, -0.000909567, -0.00373428, 0.00384346
0.345999, -2.54988, 0.123298, -2.54896, 0.127044, -0.000911474, -0.00374601, 0.00385531
0.346999, -2.54626, 0.12552, -2.54535, 0.129278, -0.000913858, -0.00375748, 0.00386701
0.347999, -2.54265, 0.127731, -2.54173, 0.1315, -0.000916243, -0.00376938, 0.00387914
0.348999, -2.53904, 0.129929, -2.53812, 0.13371, -0.000918388, -0.00378039, 0.00389035
0.349999, -2.53543, 0.132116, -2.53451, 0.135908, -0.000920773, -0.00379193, 0.00390212
0.350999, -2.53182, 0.13429, -2.5309, 0.138094, -0.000923395, -0.00380385, 0.00391432
0.351999, -2.52822, 0.136452, -2.5273, 0.140267, -0.000925541, -0.00381507, 0.00392573
0.352999, -2.52462, 0.138602, -2.52369, 0.142429, -0.000928164, -0.00382701, 0.00393795
0.353999, -2.52103, 0.14074, -2.52009, 0.144579, -0.000930548, -0.00383821, 0.0039494
0.354999, -2.51743, 0.142867, -2.5165, 0.146717, -0.000933409, -0.00385009, 0.00396162
0.355999, -2.51384, 0.144981, -2.51291, 0.148842, -0.000935793, -0.00386131, 0.00397309
0.356999, -2.51025, 0.147083, -2.50932, 0.150957, -0.000938654, -0.00387365, 0.00398575
0.357999, -2.50667, 0.149173, -2.50573, 0.153057, -0.000941515, -0.00388411, 0.00399659
0.358999, -2.50309, 0.151251, -2.50214, 0.155148, -0.000944376, -0.00389625, 0.00400907
0.359999, -2.49951, 0.153318, -2.49856, 0.157226, -0.000947714, -0.00390792, 0.00402119
0.360999, -2.49593, 0.155372, -2.49498, 0.159291, -0.000950575, -0.00391909, 0.00403273
0.361999, -2.49236, 0.157415, -2.4914, 0.161346, -0.000953913, -0.00393119, 0.00404527
0.362999, -2.48879, 0.159446, -2.48783, 0.163388, -0.000957251, -0.00394253, 0.00405708
0.363999, -2.48522, 0.161464, -2.48426, 0.165419, -0.000960588, -0.00395417, 0.00406918
0.364999, -2.48165, 0.163471, -2.48069, 0.167437, -0.000963926, -0.00396562, 0.00408109
0.365999, -2.47809, 0.165467, -2.47713, 0.169444, -0.000967741, -0.00397757, 0.0040936
0.366999, -2.47453, 0.16745, -2.47356, 0.171439, -0.000971079, -0.00398894, 0.00410544
0.367999, -2.47098, 0.169422, -2.47, 0.173422, -0.000974894, -0.00400043, 0.0041175
0.368999, -2.46742, 0.171381, -2.46645, 0.175393, -0.000978947, -0.00401202, 0.00412973
0.369999, -2.46387, 0.173329, -2.46289, 0.177352, -0.000982761, -0.00402309, 0.00414139
0.370999, -2.46033, 0.175266, -2.45934, 0.179301, -0.000986576, -0.00403541, 0.00415426
0.371999, -2.45678, 0.17719, -2.45579, 0.181237, -0.000990152, -0.00404671, 0.00416608
0.372999, -2.45324, 0.179103, -2.45224, 0.183161, -0.00099349, -0.00405839, 0.00417822
0.373999, -2.4497, 0.181004, -2.4487, 0.185074, -0.000996828, -0.00407009, 0.00419038
0.374999, -2.44616, 0.182894, -2.44516, 0.186975, -0.000999928, -0.00408179, 0.00420248
0.375999, -2.44262, 0.184771, -2.44162, 0.188864, -0.00100303, -0.00409275, 0.00421387
0.376999, -2.43909, 0.186637, -2.43809, 0.190741, -0.00100613, -0.00410381, 0.00422535
0.377999, -2.43556, 0.188492, -2.43455, 0.192608, -0.00100899, -0.00411601, 0.00423788
0.378999, -2.43203, 0.190335, -2.43102, 0.194462, -0.00101209, -0.00412744, 0.00424972
0.379999, -2.42851, 0.192166, -2.4275, 0.196305, -0.00101495, -0.0041388, 0.00426143
0.380999, -2.42499, 0.193986, -2.42397, 0.198137, -0.00101781, -0.00415078, 0.00427374
0.381999, -2.42147, 0.195794, -2.42045, 0.199956, -0.00102019, -0.00416194, 0.00428515
0.382999, -2.41795, 0.19759, -2.41693, 0.201764, -0.00102282, -0.0041737, 0.0042972
0.383999, -2.41444, 0.199375, -2.41341, 0.20356, -0.00102544, -0.00418508, 0.00430888
0.384999, -2.41093, 0.201149, -2.4099, 0.205346, -0.00102782, -0.00419679, 0.00432082
0.385999, -2.40742, 0.202911, -2.40639, 0.207119, -0.00103021, -0.00420834, 0.0043326
0.386999, -2.40391, 0.204661, -2.40288, 0.208881, -0.00103259, -0.00421971, 0.00434422
0.387999, -2.40041, 0.2064, -2.39937, 0.210632, -0.00103498, -0.0042316, 0.00435633
0.388999, -2.39691, 0.208128, -2.39587, 0.212371, -0.00103688, -0.00424293, 0.00436779
0.389999, -2.39341, 0.209844, -2.39237, 0.214099, -0.00103951, -0.0042551, 0.00438023
0.390999, -2.38991, 0.211548, -2.38887, 0.215815, -0.00104141, -0.00426644, 0.0043917
0.391998, -2.38642, 0.213241, -2.38538, 0.217519, -0.00104356, -0.004278, 0.00440345
0.392998, -2.38293, 0.214923, -2.38188, 0.219213, -0.00104547, -0.00428966, 0.00441522
0.393998, -2.37944, 0.216593, -2.37839, 0.220894, -0.00104761, -0.00430103, 0.00442677
0.394998, -2.37596, 0.218252, -2.37491, 0.222565, -0.00104952, -0.00431246, 0.00443833
0.395998, -2.37247, 0.2199, -2.37142, 0.224224, -0.00105166, -0.00432464, 0.00445068
0.396998, -2.36899, 0.221536, -2.36794, 0.225872, -0.00105357, -0.00433615, 0.00446231
0.397998, -2.36552, 0.223161, -2.36446, 0.227508, -0.00105548, -0.00434707, 0.00447337
0.398998, -2.36204, 0.224774, -2.36098, 0.229134, -0.00105739, -0.00435953, 0.00448593
0.399998, -2.35857, 0.226377, -2.35751, 0.230747, -0.00105929, -0.00437053, 0.00449707
0.400998, -2.3551, 0.227968, -2.35404, 0.23235, -0.0010612, -0.00438219, 0.00450885
0.401998, -2.35163, 0.229547, -2.35057, 0.233942, -0.00106311, -0.00439416, 0.00452093
0.402998, -2.34817, 0.231116, -2.3471, 0.235521, -0.00106502, -0.00440533, 0.00453224
0.403998, -2.34471, 0.232673, -2.34364, 0.23709, -0.00106692, -0.00441714, 0.00454416
0.404998, -2.34125, 0.234219, -2.34018, 0.238648, -0.00106883, -0.00442895, 0.0045561
0.405998, -2.33779, 0.235754, -2.33672, 0.240195, -0.00107074, -0.00444077, 0.00456803
0.406998, -2.33434, 0.237278, -2.33327, 0.241729, -0.00107265, -0.00445186, 0.00457926
0.407998, -2.33089, 0.23879, -2.32981, 0.243254, -0.00107479, -0.00446363, 0.0045912
0.408998, -2.32744, 0.240291, -2.32636, 0.244767, -0.0010767, -0.00447536, 0.00460305
0.409998, -2.32399, 0.241781, -2.32291, 0.246268, -0.00107861, -0.00448619, 0.00461403
0.410998, -2.32055, 0.24326, -2.31947, 0.247759, -0.00108051, -0.00449826, 0.00462621
0.411998, -2.31711, 0.244728, -2.31603, 0.249238, -0.00108266, -0.00450952, 0.00463767
0.412998, -2.31367, 0.246185, -2.31259, 0.250706, -0.0010848, -0.00452104, 0.00464937
0.413998, -2.31024, 0.247631, -2.30915, 0.252164, -0.00108695, -0.0045328, 0.0046613
0.414998, -2.3068, 0.249065, -2.30571, 0.25361, -0.0010891, -0.00454442, 0.0046731
0.415998, -2.30337, 0.250489, -2.30228, 0.255045, -0.00109124, -0.00455591, 0.00468478
0.416998, -2.29995, 0.251901, -2.29885, 0.256469, -0.00109363, -0.00456783, 0.00469693
0.417998, -2.29652, 0.253303, -2.29542, 0.257882, -0.00109577, -0.0045791, 0.00470838
0.418998, -2.2931, 0.254693, -2.292, 0.259284, -0.00109816, -0.00459018, 0.00471972
0.419998, -2.28968, 0.256073, -2.28858, 0.260675, -0.00110054, -0.00460178, 0.00473155
0.420998, -2.28626, 0.257441, -2.28516, 0.262055, -0.00110316, -0.00461352, 0.00474358
0.421998, -2.28285, 0.258799, -2.28174, 0.263423, -0.00110555, -0.00462466, 0.00475497
0.422998, -2.27944, 0.260145, -2.27833, 0.264782, -0.00110817, -0.00463629, 0.00476689
0.423998, -2.27603, 0.261481, -2.27492, 0.266128, -0.00111079, -0.00464752, 0.00477842
0.424998, -2.27262, 0.262806, -2.27151, 0.267465, -0.00111365, -0.00465909, 0.00479033
0.425998, -2.26922, 0.264119, -2.2681, 0.26879, -0.00111675, -0.00467107, 0.00480271
0.426998, -2.26581, 0.265422, -2.2647, 0.270105, -0.00111938, -0.00468239, 0.00481433
0.427998, -2.26242, 0.266714, -2.26129, 0.271408, -0.00112224, -0.00469375, 0.00482604
0.428998, -2.25902, 0.267995, -2.25789, 0.2727, -0.00112557, -0.00470513, 0.00483789
0.429998, -2.25563, 0.269265, -2.2545, 0.273982, -0.00112867, -0.00471687, 0.00485003
0.430998, -2.25224, 0.270525, -2.2511, 0.275253, -0.00113201, -0.0047285, 0.00486211
0.431998, -2.24885, 0.271773, -2.24771, 0.276513, -0.00113535, -0.00473997, 0.00487405
0.432998, -2.24546, 0.273011, -2.24432, 0.277762, -0.00113893, -0.00475106, 0.00488566
0.433998, -2.24208, 0.274238, -2.24094, 0.279001, -0.0011425, -0.0047628, 0.00489791
0.434998, -2.2387, 0.275454, -2.23755, 0.280228, -0.00114608, -0.00477412, 0.00490976
0.435998, -2.23532, 0.27666, -2.23417, 0.281445, -0.00114989, -0.00478536, 0.00492158
0.436998, -2.23195, 0.277854, -2.23079, 0.282652, -0.00115395, -0.00479722, 0.00493406
0.437998, -2.22857, 0.279038, -2.22742, 0.283847, -0.001158, -0.00480896, 0.00494642
0.438998, -2.2252, 0.280211, -2.22404, 0.285031, -0.00116134, -0.00481987, 0.00495781
0.439998, -2.22184, 0.281374, -2.22067, 0.286205, -0.00116515, -0.00483149, 0.00497
0.440998, -2.21847, 0.282526, -2.2173, 0.287369, -0.00116849, -0.00484309, 0.00498205
0.441998, -2.21511, 0.283667, -2.21393, 0.288521, -0.00117183, -0.00485429, 0.00499373
0.442998, -2.21175, 0.284797, -2.21057, 0.289663, -0.00117517, -0.0048658, 0.00500569
0.443998, -2.20839, 0.285917, -2.20721, 0.290794, -0.00117826, -0.00487724, 0.00501755
0.444998, -2.20503, 0.287026, -2.20385, 0.291915, -0.00118136, -0.00488895, 0.00502966
0.445998, -2.20168, 0.288124, -2.20049, 0.293025, -0.00118423, -0.00490022, 0.00504128
0.446998, -2.19833, 0.289212, -2.19714, 0.294124, -0.00118709, -0.00491172, 0.00505314
0.447998, -2.19498, 0.29029, -2.19379, 0.295213, -0.00118995, -0.00492346, 0.00506522
0.448998, -2.19163, 0.291356, -2.19044, 0.296291, -0.00119281, -0.0049347, 0.00507681
0.449998, -2.18829, 0.292412, -2.18709, 0.297359, -0.00119543, -0.0049465, 0.0050889
0.450998, -2.18495, 0.293458, -2.18375, 0.298415, -0.00119805, -0.00495741, 0.00510012
0.451998, -2.18161, 0.294493, -2.18041, 0.299462, -0.00120044, -0.00496921, 0.00511215
0.452998, -2.17827, 0.295517, -2.17707, 0.300498, -0.00120282, -0.0049808, 0.00512398
0.453998, -2.17494, 0.296531, -2.17373, 0.301523, -0.00120521, -0.00499183, 0.00513526
0.454998, -2.1716, 0.297535, -2.1704, 0.302538, -0.00120759, -0.00500333, 0.005147
0.455998, -2.16827, 0.298528, -2.16706, 0.303543, -0.00120974, -0.00501531, 0.00515915
0.456998, -2.16495, 0.29951, -2.16373, 0.304536, -0.00121188, -0.00502631, 0.00517034
0.457998, -2.16162, 0.300482, -2.16041, 0.305519, -0.00121379, -0.0050374, 0.00518157
0.458998, -2.1583, 0.301444, -2.15708, 0.306493, -0.00121593, -0.00504965, 0.00519398
0.459998, -2.15498, 0.302395, -2.15376, 0.307456, -0.00121808, -0.00506088, 0.0052054
0.460998, -2.15166, 0.303335, -2.15044, 0.308407, -0.00121999, -0.00507146, 0.00521614
0.461998, -2.14834, 0.304266, -2.14712, 0.30935, -0.0012219, -0.00508422, 0.00522899
0.462998, -2.14503, 0.305186, -2.14381, 0.310281, -0.0012238, -0.00509486, 0.00523978
0.463998, -2.14172, 0.306095, -2.1405, 0.311202, -0.00122571, -0.00510657, 0.00525161
0.464998, -2.13841, 0.306994, -2.13719, 0.312112, -0.00122738, -0.00511757, 0.00526269
0.465998, -2.13511, 0.307883, -2.13388, 0.313013, -0.00122952, -0.00512961, 0.0052749
0.466998, -2.1318, 0.308762, -2.13057, 0.313903, -0.00123096, -0.0051409, 0.00528622
0.467998, -2.1285, 0.30963, -2.12727, 0.314782, -0.00123286, -0.00515249, 0.00529794
0.468998, -2.1252, 0.310488, -2.12397, 0.315652, -0.00123453, -0.00516403, 0.00530954
0.469997, -2.12191, 0.311335, -2.12067, 0.31651, -0.0012362, -0.00517476, 0.00532037
0.470997, -2.11861, 0.312173, -2.11737, 0.317359, -0.00123811, -0.00518647, 0.0053322
0.471997, -2.11532, 0.313, -2.11408, 0.318198, -0.00123978, -0.00519806, 0.00534386
0.472997, -2.11203, 0.313816, -2.11079, 0.319026, -0.00124145, -0.00520918, 0.00535506
0.473997, -2.10875, 0.314623, -2.1075, 0.319844, -0.00124311, -0.00522125, 0.00536719
0.474997, -2.10546, 0.315419, -2.10422, 0.320652, -0.00124478, -0.00523245, 0.00537848
0.475997, -2.10218, 0.316205, -2.10093, 0.32145, -0.00124669, -0.00524423, 0.00539037
0.476997, -2.0989, 0.316981, -2.09765, 0.322236, -0.00124812, -0.0052551, 0.00540129
0.477997, -2.09562, 0.317747, -2.09437, 0.323014, -0.00125003, -0.00526688, 0.00541318
0.478997, -2.09235, 0.318503, -2.0911, 0.32378, -0.00125146, -0.00527737, 0.00542372
0.479997, -2.08907, 0.319248, -2.08782, 0.324538, -0.00125337, -0.00528979, 0.00543625
0.480997, -2.0858, 0.319983, -2.08455, 0.325284, -0.00125527, -0.00530091, 0.00544751
0.481997, -2.08254, 0.320708, -2.08128, 0.326021, -0.00125694, -0.0053125, 0.00545917
0.482997, -2.07927, 0.321423, -2.07801, 0.326748, -0.00125885, -0.00532418, 0.00547098
0.483997, -2.07601, 0.322128, -2.07475, 0.327464, -0.00126052, -0.00533524, 0.00548213
0.484997, -2.07275, 0.322823, -2.07149, 0.328169, -0.00126243, -0.00534603, 0.00549306
0.485997, -2.06949, 0.323508, -2.06822, 0.328866, -0.00126457, -0.00535795, 0.00550516
0.486997, -2.06623, 0.324182, -2.06497, 0.329552, -0.00126624, -0.00536922, 0.00551651
0.487997, -2.06298, 0.324847, -2.06171, 0.330228, -0.00126839, -0.00538087, 0.00552834
0.488997, -2.05973, 0.325502, -2.05846, 0.330894, -0.00127053, -0.00539184, 0.00553951
0.489997, -2.05648, 0.326146, -2.05521, 0.33155, -0.00127244, -0.00540352, 0.00555132
0.490997, -2.05323, 0.326781, -2.05196, 0.332196, -0.00127482, -0.00541484, 0.00556289
0.491997, -2.04999, 0.327405, -2.04871, 0.332832, -0.00127697, -0.00542614, 0.00557437
0.492997, -2.04675, 0.32802, -2.04547, 0.333457, -0.00127912, -0.0054374, 0.00558583
0.493997, -2.04351, 0.328625, -2.04223, 0.334074, -0.0012815, -0.005449, 0.00559766
0.494997, -2.04027, 0.329219, -2.03899, 0.33468, -0.00128388, -0.00546089, 0.00560978
0.495997, -2.03704, 0.329804, -2.03575, 0.335276, -0.00128627, -0.00547165, 0.0056208
0.496997, -2.03381, 0.330379, -2.03252, 0.335862, -0.00128865, -0.00548339, 0.00563278
0.497997, -2.03058, 0.330943, -2.02928, 0.336438, -0.00129151, -0.00549468, 0.00564443
0.498997, -2.02735, 0.331498, -2.02606, 0.337004, -0.00129414, -0.00550586, 0.00565591
0.499997, -2.02412, 0.332043, -2.02283, 0.33756, -0.00129676, -0.00551692, 0.00566727
0.500997, -2.0209, 0.332579, -2.0196, 0.338108, -0.00129962, -0.0055289, 0.00567959
0.501997, -2.01768, 0.333104, -2.01638, 0.338644, -0.00130272, -0.00554001, 0.00569112
0.502997, -2.01446, 0.333619, -2.01316, 0.339172, -0.00130558, -0.00555205, 0.00570349
0.503997, -2.01125, 0.334125, -2.00994, 0.339688, -0.00130868, -0.0055632, 0.00571505
0.504997, -2.00804, 0.334621, -2.00672, 0.340195, -0.00131178, -0.00557417, 0.00572644
0.505997, -2.00483, 0.335107, -2.00351, 0.340693, -0.00131536, -0.005586, 0.00573877
0.506997, -2.00162, 0.335583, -2.0003, 0.34118, -0.00131869, -0.00559726, 0.00575051
0.507997, -1.99841, 0.336049, -1.99709, 0.341658, -0.00132215, -0.00560901, 0.00576273
0.508997, -1.99521, 0.336506, -1.99388, 0.342126, -0.00132525, -0.00562015, 0.00577429
0.509997, -1.99201, 0.336953, -1.99068, 0.342584, -0.00132871, -0.00563139, 0.00578602
0.510997, -1.98881, 0.33739, -1.98748, 0.343033, -0.00133204, -0.00564271, 0.00579781
0.511997, -1.98561, 0.337818, -1.98428, 0.343471, -0.00133526, -0.00565377, 0.00580931
0.512997, -1.98242, 0.338235, -1.98108, 0.3439, -0.0013386, -0.00566524, 0.00582124
0.513997, -1.97922, 0.338643, -1.97788, 0.34432, -0.00134206, -0.00567678, 0.00583326
0.514997, -1.97603, 0.339041, -1.97469, 0.344729, -0.0013454, -0.00568798, 0.00584493
0.515997, -1.97285, 0.33943, -1.9715, 0.345129, -0.00134861, -0.00569922, 0.00585661
0.516997, -1.96966, 0.339809, -1.96831, 0.34552, -0.00135219, -0.00571117, 0.00586906
0.517997, -1.96648, 0.340178, -1.96512, 0.345901, -0.00135541, -0.0057224, 0.00588073
0.518997, -1.9633, 0.340538, -1.96194, 0.346272, -0.00135875, -0.00573364, 0.00589244
0.519997, -1.96012, 0.340888, -1.95876, 0.346633, -0.0013622, -0.0057452, 0.00590449
0.520997, -1.95694, 0.341228, -1.95557, 0.346985, -0.00136578, -0.00575674, 0.00591653
0.521997, -1.95377, 0.341559, -1.9524, 0.347327, -0.00136948, -0.00576785, 0.0059282
0.522997, -1.95059, 0.34188, -1.94922, 0.34766, -0.00137281, -0.00577962, 0.00594043
0.523997, -1.94743, 0.342192, -1.94605, 0.347983, -0.00137651, -0.00579095, 0.0059523
0.524997, -1.94426, 0.342494, -1.94288, 0.348295, -0.00137985, -0.00580147, 0.00596331
0.525997, -1.94109, 0.342786, -1.93971, 0.348599, -0.0013833, -0.00581297, 0.0059753
0.526997, -1.93793, 0.343069, -1.93654, 0.348894, -0.00138688, -0.00582436, 0.0059872
0.527997, -1.93477, 0.343343, -1.93338, 0.349179, -0.00139081, -0.00583598, 0.00599942
0.528997, -1.93161, 0.343607, -1.93022, 0.349454, -0.00139439, -0.0058471, 0.00601106
0.529997, -1.92845, 0.343861, -1.92706, 0.349719, -0.00139832, -0.00585842, 0.00602299
0.530997, -1.9253, 0.344106, -1.9239, 0.349976, -0.00140238, -0.00587028, 0.00603547
0.531997, -1.92215, 0.344341, -1.92074, 0.350223, -0.00140607, -0.00588125, 0.00604699
0.532997, -1.919, 0.344567, -1.91759, 0.35046, -0.00141001, -0.00589275, 0.0060591
0.533997, -1.91585, 0.344784, -1.91444, 0.350688, -0.0014137, -0.00590441, 0.00607129
0.534997, -1.91271, 0.344991, -1.91129, 0.350907, -0.00141764, -0.00591585, 0.00608334
0.535997, -1.90956, 0.345189, -1.90814, 0.351116, -0.00142109, -0.00592706, 0.00609504
0.536997, -1.90642, 0.345377, -1.905, 0.351314, -0.00142455, -0.00593767, 0.00610616
0.537997, -1.90329, 0.345556, -1.90186, 0.351505, -0.00142825, -0.0059498, 0.00611882
0.538997, -1.90015, 0.345725, -1.89872, 0.351686, -0.0014317, -0.00596094, 0.00613046
0.539997, -1.89701, 0.345885, -1.89558, 0.351857, -0.00143516, -0.00597182, 0.00614185
0.540997, -1.89388, 0.346036, -1.89244, 0.352019, -0.00143862, -0.00598347, 0.00615399
0.541997, -1.89075, 0.346177, -1.88931, 0.352172, -0.00144207, -0.00599483, 0.00616584
0.542997, -1.88762, 0.346309, -1.88618, 0.352315, -0.00144553, -0.00600621, 0.00617771
0.543997, -1.8845, 0.346432, -1.88305, 0.35245, -0.00144899, -0.00601763, 0.00618962
0.544997, -1.88137, 0.346545, -1.87992, 0.352574, -0.00145221, -0.00602904, 0.00620147
0.545997, -1.87825, 0.346649, -1.8768, 0.352689, -0.00145566, -0.00603938, 0.00621233
0.546997, -1.87513, 0.346744, -1.87367, 0.352796, -0.00145912, -0.00605187, 0.00622528
0.547997, -1.87202, 0.34683, -1.87055, 0.352892, -0.0014621, -0.00606254, 0.00623635
0.548997, -1.8689, 0.346906, -1.86744, 0.35298, -0.00146556, -0.00607425, 0.00624855
0.549996, -1.86579, 0.346973, -1.86432, 0.353058, -0.00146878, -0.00608519, 0.00625994
0.550996, -1.86268, 0.347031, -1.86121, 0.353127, -0.001472, -0.00609607, 0.00627127
0.551996, -1.85957, 0.347079, -1.85809, 0.353187, -0.00147521, -0.00610796, 0.00628358
0.552996, -1.85646, 0.347119, -1.85498, 0.353238, -0.00147843, -0.00611904, 0.00629511
0.553996, -1.85336, 0.347149, -1.85188, 0.353279, -0.00148189, -0.00613004, 0.00630661
0.554996, -1.85026, 0.34717, -1.84877, 0.353311, -0.00148487, -0.00614163, 0.00631858
0.555996, -1.84716, 0.347182, -1.84567, 0.353335, -0.00148833, -0.00615311, 0.00633055
0.556996, -1.84406, 0.347184, -1.84257, 0.353349, -0.00149155, -0.00616446, 0.00634234
0.557996, -1.84096, 0.347178, -1.83947, 0.353353, -0.00149477, -0.00617495, 0.00635329
0.558996, -1.83787, 0.347162, -1.83637, 0.353349, -0.00149822, -0.00618708, 0.0063659
0.559996, -1.83478, 0.347137, -1.83328, 0.353335, -0.00150144, -0.0061976, 0.00637688
0.560996, -1.83169, 0.347103, -1.83018, 0.353313, -0.0015049, -0.00620973, 0.00638948
0.561996, -1.8286, 0.34706, -1.82709, 0.353281, -0.00150812, -0.00622058, 0.00640078
0.562996, -1.82552, 0.347008, -1.824, 0.35324, -0.00151157, -0.00623193, 0.00641263
0.563996, -1.82243, 0.346947, -1.82092, 0.35319, -0.00151503, -0.00624308, 0.00642428
0.564996, -1.81935, 0.346876, -1.81783, 0.353131, -0.00151849, -0.0062547, 0.00643639
0.565996, -1.81627, 0.346797, -1.81475, 0.353063, -0.00152194, -0.00626573, 0.00644792
0.566996, -1.8132, 0.346709, -1.81167, 0.352985, -0.0015254, -0.00627649, 0.00645919
0.567996, -1.81012, 0.346611, -1.80859, 0.352899, -0.0015291, -0.00628805, 0.0064713
0.568996, -1.80705, 0.346505, -1.80552, 0.352805, -0.00153255, -0.00630006, 0.00648379
0.569996, -1.80398, 0.34639, -1.80244, 0.352701, -0.00153649, -0.00631106, 0.0064954
0.570996, -1.80091, 0.346265, -1.79937, 0.352587, -0.00153995, -0.00632176, 0.00650662
0.571996, -1.79785, 0.346132, -1.7963, 0.352465, -0.00154364, -0.00633284, 0.00651826
0.572996, -1.79478, 0.345989, -1.79324, 0.352334, -0.00154757, -0.00634432, 0.00653034
0.573996, -1.79172, 0.345838, -1.79017, 0.352193, -0.00155127, -0.00635546, 0.00654205
0.574996, -1.78866, 0.345678, -1.78711, 0.352044, -0.00155509, -0.00636661, 0.00655378
0.575996, -1.78561, 0.345509, -1.78405, 0.351887, -0.00155902, -0.00637811, 0.00656589
0.576996, -1.78255, 0.34533, -1.78099, 0.35172, -0.00156283, -0.00638923, 0.00657759
0.577996, -1.7795, 0.345143, -1.77793, 0.351543, -0.00156605, -0.00639996, 0.00658878
0.578996, -1.77645, 0.344947, -1.77488, 0.351359, -0.00156987, -0.00641173, 0.00660112
0.579996, -1.7734, 0.344743, -1.77182, 0.351166, -0.00157356, -0.00642309, 0.00661303
0.580996, -1.77035, 0.344529, -1.76877, 0.350963, -0.0015769, -0.00643402, 0.00662444
0.581996, -1.7673, 0.344306, -1.76572, 0.350751, -0.00158036, -0.00644487, 0.0066358
0.582996, -1.76426, 0.344075, -1.76268, 0.350531, -0.00158393, -0.00645599, 0.00664745
0.583996, -1.76122, 0.343835, -1.75963, 0.350303, -0.00158739, -0.00646809, 0.00666003
0.584996, -1.75818, 0.343586, -1.75659, 0.350064, -0.00159049, -0.00647828, 0.00667066
0.585996, -1.75514, 0.343328, -1.75355, 0.349818, -0.00159395, -0.00649014, 0.00668301
0.586996, -1.75211, 0.343061, -1.75051, 0.349562, -0.00159729, -0.00650114, 0.00669448
0.587996, -1.74908, 0.342785, -1.74747, 0.349298, -0.0016005, -0.00651234, 0.00670613
0.588996, -1.74604, 0.342501, -1.74444, 0.349024, -0.00160384, -0.00652304, 0.00671732
0.589996, -1.74302, 0.342208, -1.74141, 0.348743, -0.0016073, -0.00653499, 0.00672975
0.590996, -1.73999, 0.341906, -1.73838, 0.348452, -0.00161016, -0.00654534, 0.00674048
0.591996, -1.73696, 0.341596, -1.73535, 0.348152, -0.00161362, -0.00655618, 0.00675184
0.592996, -1.73394, 0.341276, -1.73232, 0.347845, -0.00161695, -0.00656825, 0.00676435
0.593996, -1.73092, 0.340948, -1.7293, 0.347528, -0.00162017, -0.0065794, 0.00677595
0.594996, -1.7279, 0.340612, -1.72628, 0.347202, -0.00162327, -0.00659031, 0.00678728
0.595996, -1.72488, 0.340266, -1.72326, 0.346867, -0.00162625, -0.00660098, 0.00679835
0.596996, -1.72187, 0.339912, -1.72024, 0.346524, -0.00162935, -0.00661212, 0.00680992
0.597996, -1.71886, 0.339549, -1.71722, 0.346173, -0.00163281, -0.00662372, 0.006822
0.598996, -1.71585, 0.339178, -1.71421, 0.345813, -0.00163615, -0.00663468, 0.00683345
0.599996, -1.71284, 0.338798, -1.7112, 0.345444, -0.00163937, -0.00664607, 0.00684527
0.600996, -1.70983, 0.338409, -1.70819, 0.345066, -0.00164247, -0.00665715, 0.00685678
0.601996, -1.70683, 0.338012, -1.70518, 0.344679, -0.00164545, -0.00666758, 0.00686762
0.602996, -1.70382, 0.337606, -1.70217, 0.344285, -0.00164902, -0.00667876, 0.00687932
0.603996, -1.70082, 0.337191, -1.69917, 0.343881, -0.00165224, -0.00669032, 0.00689132
0.604996, -1.69782, 0.336768, -1.69617, 0.34347, -0.00165558, -0.00670153, 0.006903
0.605996, -1.69483, 0.336336, -1.69317, 0.343049, -0.00165904, -0.00671238, 0.00691436
0.606996, -1.69183, 0.335896, -1.69017, 0.342619, -0.00166214, -0.00672358, 0.00692598
0.607996, -1.68884, 0.335447, -1.68717, 0.342182, -0.00166583, -0.00673512, 0.00693807
0.608996, -1.68585, 0.334989, -1.68418, 0.341735, -0.00166917, -0.0067459, 0.00694934
0.609996, -1.68286, 0.334523, -1.68119, 0.34128, -0.00167263, -0.00675666, 0.00696062
0.610996, -1.67987, 0.334049, -1.6782, 0.340817, -0.0016762, -0.00676844, 0.0069729
0.611996, -1.67689, 0.333566, -1.67521, 0.340345, -0.00167942, -0.00677907, 0.006984
0.612996, -1.67391, 0.333074, -1.67222, 0.339865, -0.00168324, -0.00679034, 0.00699586
0.613996, -1.67093, 0.332574, -1.66924, 0.339375, -0.00168669, -0.00680116, 0.00700719
0.614996, -1.66795, 0.332066, -1.66626, 0.338878, -0.00169051, -0.00681224, 0.00701887
0.615996, -1.66497, 0.331549, -1.66328, 0.338372, -0.00169444, -0.00682321, 0.00703046
0.616996, -1.662, 0.331023, -1.6603, 0.337857, -0.00169802, -0.00683406, 0.00704185
0.617996, -1.65903, 0.330489, -1.65732, 0.337335, -0.00170195, -0.00684583, 0.00705422
0.618996, -1.65606, 0.329947, -1.65435, 0.336803, -0.00170565, -0.00685638, 0.00706535
0.619996, -1.65309, 0.329396, -1.65138, 0.336264, -0.00170934, -0.0068675, 0.00707703
0.620996, -1.65012, 0.328837, -1.64841, 0.335716, -0.00171304, -0.00687879, 0.00708889
0.621996, -1.64716, 0.328269, -1.64544, 0.335159, -0.00171673, -0.00688955, 0.00710022
0.622996, -1.64419, 0.327693, -1.64247, 0.334594, -0.00172019, -0.00690085, 0.00711201
0.623996, -1.64123, 0.327109, -1.63951, 0.33402, -0.00172389, -0.00691122, 0.00712297
0.624996, -1.63827, 0.326516, -1.63655, 0.333439, -0.0017271, -0.00692245, 0.00713465
0.625996, -1.63532, 0.325915, -1.63359, 0.332849, -0.00173056, -0.00693381, 0.00714651
0.626996, -1.63236, 0.325306, -1.63063, 0.332251, -0.00173426, -0.00694492, 0.00715819
0.627995, -1.62941, 0.324688, -1.62767, 0.331644, -0.00173748, -0.00695616, 0.00716987
0.628995, -1.62646, 0.324062, -1.62472, 0.331029, -0.00174093, -0.00696677, 0.007181
0.629995, -1.62351, 0.323428, -1.62176, 0.330405, -0.00174415, -0.00697783, 0.0071925
0.630995, -1.62056, 0.322785, -1.61881, 0.329773, -0.00174737, -0.00698861, 0.00720375
0.631995, -1.61762, 0.322134, -1.61586, 0.329134, -0.00175059, -0.00700018, 0.00721575
0.632995, -1.61467, 0.321475, -1.61292, 0.328485, -0.00175381, -0.00701037, 0.00722642
0.633995, -1.61173, 0.320807, -1.60997, 0.327828, -0.00175679, -0.00702095, 0.00723741
0.634995, -1.60879, 0.320131, -1.60703, 0.327164, -0.00176024, -0.00703299, 0.00724992
0.635995, -1.60585, 0.319447, -1.60409, 0.32649, -0.00176322, -0.00704291, 0.00726028
0.636995, -1.60292, 0.318755, -1.60115, 0.325809, -0.00176644, -0.00705391, 0.00727173
0.637995, -1.59998, 0.318054, -1.59821, 0.32512, -0.0017699, -0.00706598, 0.00728427
0.638995, -1.59705, 0.317346, -1.59528, 0.324422, -0.00177288, -0.00707662, 0.00729532
0.639995, -1.59412, 0.316629, -1.59234, 0.323717, -0.0017761, -0.00708795, 0.00730709
0.640995, -1.59119, 0.315904, -1.58941, 0.323002, -0.00177908, -0.00709817, 0.00731773
0.641995, -1.58826, 0.31517, -1.58648, 0.322279, -0.00178206, -0.00710908, 0.00732903
0.642995, -1.58534, 0.314429, -1.58355, 0.321549, -0.00178552, -0.00712064, 0.00734109
0.643995, -1.58242, 0.313679, -1.58063, 0.32081, -0.0017885, -0.00713107, 0.00735193
0.644995, -1.5795, 0.312921, -1.57771, 0.320063, -0.00179172, -0.00714177, 0.00736309
0.645995, -1.57658, 0.312155, -1.57478, 0.319309, -0.0017947, -0.00715309, 0.0073748
0.646995, -1.57366, 0.311381, -1.57186, 0.318546, -0.00179815, -0.00716433, 0.00738654
0.647995, -1.57075, 0.310599, -1.56894, 0.317774, -0.00180113, -0.00717509, 0.0073977
0.648995, -1.56783, 0.309809, -1.56603, 0.316995, -0.00180435, -0.00718644, 0.0074095
0.649995, -1.56492, 0.309011, -1.56311, 0.316208, -0.00180781, -0.00719768, 0.00742124
0.650995, -1.56201, 0.308204, -1.5602, 0.315412, -0.00181079, -0.00720769, 0.00743167
0.651995, -1.55911, 0.30739, -1.55729, 0.314608, -0.00181401, -0.00721863, 0.00744307
0.652995, -1.5562, 0.306567, -1.55438, 0.313797, -0.00181746, -0.00723013, 0.00745507
0.653995, -1.5533, 0.305736, -1.55148, 0.312978, -0.00182092, -0.00724146, 0.00746689
0.654995, -1.55039, 0.304898, -1.54857, 0.312149, -0.00182414, -0.00725153, 0.00747745
0.655995, -1.54749, 0.304051, -1.54567, 0.311314, -0.0018276, -0.00726283, 0.00748924
0.656995, -1.5446, 0.303196, -1.54277, 0.310469, -0.00183105, -0.0072732, 0.00750014
0.657995, -1.5417, 0.302333, -1.53987, 0.309618, -0.00183451, -0.00728443, 0.00751188
0.658995, -1.53881, 0.301463, -1.53697, 0.308758, -0.00183797, -0.00729507, 0.00752304
0.659995, -1.53591, 0.300584, -1.53407, 0.307891, -0.00184143, -0.0073069, 0.00753536
0.660995, -1.53302, 0.299697, -1.53118, 0.307014, -0.00184512, -0.00731707, 0.00754612
0.661995, -1.53014, 0.298803, -1.52829, 0.306131, -0.00184882, -0.00732803, 0.00755766
0.662995, -1.52725, 0.2979, -1.5254, 0.305239, -0.00185251, -0.00733945, 0.00756963
0.663995, -1.52437, 0.296989, -1.52251, 0.304339, -0.00185621, -0.00734916, 0.00757995
0.664995, -1.52148, 0.296071, -1.51962, 0.303432, -0.00186002, -0.00736108, 0.00759245
0.665995, -1.5186, 0.295144, -1.51674, 0.302515, -0.00186372, -0.00737092, 0.00760289
0.666995, -1.51572, 0.29421, -1.51385, 0.301592, -0.00186729, -0.00738189, 0.0076144
0.667995, -1.51284, 0.293268, -1.51097, 0.300661, -0.00187075, -0.00739324, 0.00762625
0.668995, -1.50997, 0.292318, -1.5081, 0.299721, -0.00187409, -0.00740319, 0.00763672
0.669995, -1.5071, 0.29136, -1.50522, 0.298775, -0.00187778, -0.00741494, 0.00764901
0.670995, -1.50422, 0.290394, -1.50234, 0.297819, -0.00188112, -0.00742561, 0.00766017
0.671995, -1.50135, 0.28942, -1.49947, 0.296856, -0.00188434, -0.00743628, 0.00767131
0.672995, -1.49848, 0.288438, -1.4966, 0.295885, -0.00188768, -0.00744691, 0.00768244
0.673995, -1.49562, 0.287449, -1.49373, 0.294908, -0.00189114, -0.0074586, 0.00769461
0.674995, -1.49275, 0.286452, -1.49086, 0.293921, -0.00189424, -0.00746918, 0.00770563
0.675995, -1.48989, 0.285447, -1.48799, 0.292926, -0.00189745, -0.0074797, 0.00771662
0.676995, -1.48703, 0.284434, -1.48513, 0.291925, -0.00190079, -0.00749123, 0.00772862
0.677995, -1.48417, 0.283413, -1.48227, 0.290915, -0.00190377, -0.00750163, 0.00773943
0.678995, -1.48131, 0.282385, -1.47941, 0.289896, -0.00190663, -0.00751194, 0.00775013
0.679995, -1.47846, 0.281348, -1.47655, 0.288871, -0.00190985, -0.00752288, 0.00776153
0.680995, -1.4756, 0.280304, -1.47369, 0.287838, -0.00191295, -0.00753409, 0.00777315
0.681995, -1.47275, 0.279252, -1.47083, 0.286797, -0.00191593, -0.00754482, 0.00778428
0.682995, -1.4699, 0.278193, -1.46798, 0.285749, -0.00191903, -0.00755614, 0.00779602
0.683995, -1.46705, 0.277126, -1.46513, 0.284693, -0.00192225, -0.00756699, 0.00780733
0.684995, -1.4642, 0.276051, -1.46228, 0.283628, -0.00192487, -0.00757733, 0.007818
0.685995, -1.46136, 0.274968, -1.45943, 0.282556, -0.00192785, -0.00758824, 0.0078293
0.686995, -1.45851, 0.273878, -1.45658, 0.281476, -0.00193095, -0.00759864, 0.00784015
0.687995, -1.45567, 0.272779, -1.45374, 0.280389, -0.00193393, -0.00760993, 0.00785183
0.688995, -1.45283, 0.271674, -1.4509, 0.279295, -0.00193679, -0.00762105, 0.00786331
0.689995, -1.45, 0.27056, -1.44806, 0.278191, -0.00193977, -0.00763124, 0.00787392
0.690995, -1.44716, 0.269439, -1.44522, 0.277081, -0.00194287, -0.0076423, 0.0078854
0.691995, -1.44432, 0.26831, -1.44238, 0.275963, -0.00194585, -0.00765279, 0.0078963
0.692995, -1.44149, 0.267174, -1.43954, 0.274837, -0.00194871, -0.00766376, 0.00790763
0.693995, -1.43866, 0.26603, -1.43671, 0.273705, -0.00195169, -0.00767484, 0.00791911
0.694995, -1.43583, 0.264878, -1.43388, 0.272564, -0.00195479, -0.00768605, 0.00793074
0.695995, -1.433, 0.263719, -1.43105, 0.271415, -0.00195777, -0.00769627, 0.00794138
0.696995, -1.43018, 0.262552, -1.42822, 0.270258, -0.00196064, -0.00770622, 0.00795173
0.697995, -1.42736, 0.261377, -1.42539, 0.269094, -0.00196362, -0.00771698, 0.00796289
0.698995, -1.42453, 0.260195, -1.42257, 0.267924, -0.00196671, -0.00772852, 0.00797483
0.699995, -1.42171, 0.259006, -1.41974, 0.266744, -0.00196993, -0.00773832, 0.00798513
0.700995, -1.4189, 0.257809, -1.41692, 0.265558, -0.00197303, -0.00774962, 0.00799684
0.701995, -1.41608, 0.256604, -1.4141, 0.264364, -0.00197625, -0.00776023, 0.00800791
0.702995, -1.41326, 0.255392, -1.41128, 0.263162, -0.00197935, -0.00777051, 0.00801864
0.703995, -1.41045, 0.254172, -1.40847, 0.261954, -0.00198257, -0.00778189, 0.00803047
0.704994, -1.40764, 0.252944, -1.40565, 0.260737, -0.00198567, -0.00779256, 0.00804157
0.705994, -1.40483, 0.25171, -1.40284, 0.259513, -0.00198889, -0.00780323, 0.00805271
0.706994, -1.40202, 0.250467, -1.40003, 0.258281, -0.00199223, -0.00781354, 0.00806352
0.707994, -1.39922, 0.249217, -1.39722, 0.257042, -0.00199568, -0.00782456, 0.00807505
0.708994, -1.39641, 0.24796, -1.39441, 0.255796, -0.00199902, -0.00783554, 0.00808651
0.709994, -1.39361, 0.246695, -1.39161, 0.254541, -0.00200248, -0.00784612, 0.00809762
0.710994, -1.39081, 0.245423, -1.3888, 0.253279, -0.00200605, -0.00785629, 0.00810837
0.711994, -1.38801, 0.244143, -1.386, 0.25201, -0.00200927, -0.00786713, 0.00811966
0.712994, -1.38521, 0.242856, -1.3832, 0.250734, -0.00201309, -0.00787789, 0.00813103
0.713994, -1.38242, 0.241562, -1.3804, 0.249451, -0.00201678, -0.00788893, 0.00814264
0.714994, -1.37963, 0.24026, -1.37761, 0.24816, -0.00202024, -0.00789988, 0.00815411
0.715994, -1.37683, 0.23895, -1.37481, 0.24686, -0.0020237, -0.0079093, 0.00816409
0.716994, -1.37404, 0.237633, -1.37202, 0.245554, -0.00202739, -0.0079204, 0.00817576
0.717994, -1.37126, 0.236309, -1.36923, 0.24424, -0.00203061, -0.00793102, 0.00818685
0.718994, -1.36847, 0.234978, -1.36644, 0.24292, -0.00203407, -0.00794223, 0.00819856
0.719994, -1.36568, 0.233639, -1.36365, 0.241591, -0.00203729, -0.00795187, 0.0082087
0.720994, -1.3629, 0.232292, -1.36086, 0.240256, -0.00204074, -0.00796315, 0.00822049
0.721994, -1.36012, 0.230939, -1.35808, 0.238912, -0.00204372, -0.00797355, 0.0082313
0.722994, -1.35734, 0.229578, -1.35529, 0.237562, -0.00204718, -0.00798379, 0.00824208
0.723994, -1.35456, 0.228209, -1.35251, 0.236204, -0.00205016, -0.00799492, 0.0082536
0.724994, -1.35178, 0.226834, -1.34973, 0.234839, -0.00205338, -0.0080055, 0.00826465
0.725994, -1.34901, 0.225451, -1.34695, 0.233467, -0.00205636, -0.00801589, 0.00827545
0.726994, -1.34624, 0.224061, -1.34418, 0.232087, -0.00205934, -0.00802606, 0.00828605
0.727994, -1.34346, 0.222663, -1.3414, 0.230699, -0.00206232, -0.00803639, 0.00829679
0.728994, -1.34069, 0.221258, -1.33863, 0.229306, -0.0020653, -0.00804792, 0.0083087
0.729994, -1.33792, 0.219846, -1.33586, 0.227904, -0.00206828, -0.00805779, 0.008319
0.730994, -1.33516, 0.218427, -1.33309, 0.226495, -0.00207102, -0.00806849, 0.00833004
0.731994, -1.33239, 0.217, -1.33032, 0.225079, -0.002074, -0.00807929, 0.00834125
0.732994, -1.32963, 0.215566, -1.32755, 0.223656, -0.00207675, -0.00808983, 0.00835213
0.733994, -1.32687, 0.214125, -1.32479, 0.222225, -0.00207973, -0.00810009, 0.00836282
0.734994, -1.32411, 0.212677, -1.32203, 0.220788, -0.00208247, -0.00811115, 0.00837421
0.735994, -1.32135, 0.211221, -1.31926, 0.219342, -0.00208521, -0.00812119, 0.00838462
0.736994, -1.31859, 0.209758, -1.3165, 0.217891, -0.00208819, -0.00813237, 0.00839619
0.737994, -1.31584, 0.208288, -1.31375, 0.21643, -0.00209093, -0.00814216, 0.00840635
0.738994, -1.31308, 0.206811, -1.31099, 0.214965, -0.00209367, -0.00815341, 0.00841793
0.739994, -1.31033, 0.205327, -1.30824, 0.21349, -0.00209665, -0.00816362, 0.00842856
0.740994, -1.30758, 0.203835, -1.30548, 0.212009, -0.00209939, -0.0081742, 0.00843949
0.741994, -1.30483, 0.202337, -1.30273, 0.210521, -0.00210214, -0.00818406, 0.00844972
0.742994, -1.30209, 0.200831, -1.29998, 0.209026, -0.00210488, -0.008195, 0.008461
0.743994, -1.29934, 0.199318, -1.29724, 0.207523, -0.00210762, -0.00820556, 0.00847191
0.744994, -1.2966, 0.197798, -1.29449, 0.206013, -0.00211036, -0.0082154, 0.00848212
0.745994, -1.29386, 0.19627, -1.29174, 0.204497, -0.0021131, -0.00822663, 0.00849369
0.746994, -1.29112, 0.194736, -1.289, 0.202974, -0.00211608, -0.00823747, 0.00850492
0.747994, -1.28838, 0.193195, -1.28626, 0.201442, -0.00211883, -0.00824718, 0.00851501
0.748994, -1.28564, 0.191646, -1.28352, 0.199904, -0.00212181, -0.00825827, 0.00852649
0.749994, -1.28291, 0.190091, -1.28078, 0.198359, -0.00212455, -0.00826892, 0.00853749
0.750994, -1.28017, 0.188528, -1.27805, 0.196806, -0.00212729, -0.00827843, 0.00854738
0.751994, -1.27744, 0.186958, -1.27531, 0.195248, -0.00213027, -0.00828999, 0.00855932
0.752994, -1.27471, 0.185381, -1.27258, 0.193681, -0.00213325, -0.00829931, 0.00856909
0.753994, -1.27198, 0.183797, -1.26985, 0.192108, -0.00213623, -0.0083103, 0.00858048
0.754994, -1.26926, 0.182207, -1.26712, 0.190527, -0.00213921, -0.00832082, 0.00859141
0.755994, -1.26653, 0.180609, -1.26439, 0.18894, -0.00214219, -0.00833122, 0.00860223
0.756994, -1.26381, 0.179004, -1.26166, 0.187346, -0.00214517, -0.00834185, 0.00861326
0.757994, -1.26109, 0.177392, -1.25894, 0.185745, -0.00214839, -0.00835268, 0.00862455
0.758994, -1.25837, 0.175773, -1.25622, 0.184136, -0.00215161, -0.00836265, 0.00863501
0.759994, -1.25565, 0.174147, -1.25349, 0.18252, -0.00215459, -0.00837317, 0.00864594
0.760994, -1.25293, 0.172514, -1.25077, 0.180897, -0.00215757, -0.00838315, 0.00865635
0.761994, -1.25022, 0.170874, -1.24806, 0.179268, -0.00216079, -0.00839403, 0.00866769
0.762994, -1.2475, 0.169227, -1.24534, 0.177632, -0.00216448, -0.00840472, 0.00867896
0.763994, -1.24479, 0.167574, -1.24262, 0.175988, -0.00216746, -0.00841485, 0.00868951
0.764994, -1.24208, 0.165913, -1.23991, 0.174338, -0.00217092, -0.00842513, 0.00870033
0.765994, -1.23937, 0.164245, -1.2372, 0.17268, -0.00217438, -0.00843519, 0.00871093
0.766994, -1.23667, 0.162571, -1.23449, 0.171016, -0.00217783, -0.00844574, 0.00872201
0.767994, -1.23396, 0.160889, -1.23178, 0.169345, -0.00218153, -0.00845641, 0.00873327
0.768994, -1.23126, 0.159201, -1.22907, 0.167667, -0.00218463, -0.00846647, 0.00874378
0.769994, -1.22856, 0.157505, -1.22637, 0.165983, -0.00218856, -0.0084777, 0.00875564
0.770994, -1.22586, 0.155803, -1.22367, 0.164291, -0.00219166, -0.0084876, 0.008766
0.771994, -1.22316, 0.154094, -1.22096, 0.162592, -0.00219512, -0.0084983, 0.00877722
0.772994, -1.22046, 0.152378, -1.21826, 0.160887, -0.00219822, -0.00850871, 0.00878808
0.773994, -1.21777, 0.150655, -1.21556, 0.159173, -0.0022012, -0.00851811, 0.00879793
0.774994, -1.21507, 0.148926, -1.21287, 0.157455, -0.00220478, -0.00852901, 0.00880937
0.775994, -1.21238, 0.147189, -1.21017, 0.155728, -0.00220776, -0.00853923, 0.00882001
0.776994, -1.20969, 0.145446, -1.20748, 0.153996, -0.00221086, -0.00854985, 0.00883107
0.777994, -1.207, 0.143696, -1.20478, 0.152256, -0.00221384, -0.00855979, 0.00884144
0.778994, -1.20431, 0.141939, -1.20209, 0.150509, -0.00221694, -0.00857046, 0.00885255
0.779994, -1.20162, 0.140175, -1.1994, 0.148755, -0.00221968, -0.00858007, 0.00886254
0.780994, -1.19894, 0.138404, -1.19672, 0.146995, -0.00222254, -0.00859076, 0.0088736
0.781994, -1.19626, 0.136627, -1.19403, 0.145229, -0.00222576, -0.00860214, 0.00888543
0.782993, -1.19357, 0.134843, -1.19135, 0.143454, -0.00222838, -0.00861137, 0.00889502
0.783993, -1.19089, 0.133052, -1.18866, 0.141674, -0.00223136, -0.00862235, 0.00890639
0.784993, -1.18822, 0.131254, -1.18598, 0.139887, -0.00223398, -0.00863259, 0.00891696
0.785993, -1.18554, 0.12945, -1.1833, 0.138093, -0.00223696, -0.00864278, 0.00892758
0.786993, -1.18286, 0.127639, -1.18062, 0.136292, -0.00223982, -0.00865327, 0.00893845
0.787993, -1.18019, 0.125821, -1.17795, 0.134484, -0.00224257, -0.00866334, 0.00894889
0.788993, -1.17752, 0.123996, -1.17527, 0.13267, -0.00224495, -0.00867406, 0.00895986
0.789993, -1.17485, 0.122165, -1.1726, 0.130849, -0.00224793, -0.00868397, 0.0089702
0.790993, -1.17218, 0.120327, -1.16993, 0.129021, -0.00225055, -0.00869416, 0.00898072
0.791993, -1.16951, 0.118482, -1.16725, 0.127187, -0.00225306, -0.00870496, 0.00899181
0.792993, -1.16684, 0.116631, -1.16459, 0.125346, -0.00225592, -0.00871494, 0.00900219
0.793993, -1.16418, 0.114773, -1.16192, 0.123498, -0.00225866, -0.00872517, 0.00901277
0.794993, -1.16151, 0.112908, -1.15925, 0.121644, -0.00226104, -0.00873562, 0.00902349
0.795993, -1.15885, 0.111037, -1.15659, 0.119783, -0.00226378, -0.00874594, 0.00903417
0.796993, -1.15619, 0.109159, -1.15393, 0.117915, -0.00226665, -0.00875612, 0.00904474
0.797993, -1.15353, 0.107274, -1.15126, 0.11604, -0.00226915, -0.0087665, 0.00905542
0.798993, -1.15088, 0.105382, -1.14861, 0.114159, -0.00227153, -0.00877673, 0.00906592
0.799993, -1.14822, 0.103485, -1.14595, 0.112272, -0.00227451, -0.00878751, 0.0090771
0.800993, -1.14557, 0.10158, -1.14329, 0.110376, -0.00227714, -0.00879631, 0.00908628
0.801993, -1.14292, 0.0996687, -1.14064, 0.108476, -0.00227964, -0.00880744, 0.00909767
0.802993, -1.14026, 0.0977509, -1.13798, 0.106569, -0.00228226, -0.00881765, 0.00910822
0.803993, -1.13762, 0.0958265, -1.13533, 0.104654, -0.00228524, -0.00882766, 0.00911866
0.804993, -1.13497, 0.0938956, -1.13268, 0.102733, -0.00228763, -0.00883782, 0.00912909
0.805993, -1.13232, 0.091958, -1.13003, 0.100806, -0.00229037, -0.00884775, 0.00913939
0.806993, -1.12968, 0.0900139, -1.12738, 0.0988721, -0.00229323, -0.00885817, 0.00915019
0.807993, -1.12703, 0.0880632, -1.12474, 0.0969312, -0.00229597, -0.00886799, 0.00916039
0.808993, -1.12439, 0.086106, -1.12209, 0.094985, -0.00229883, -0.00887899, 0.00917176
0.809993, -1.12175, 0.0841423, -1.11945, 0.0930313, -0.00230157, -0.00888903, 0.00918216
0.810993, -1.11911, 0.082172, -1.11681, 0.0910718, -0.00230443, -0.00889987, 0.00919337
0.811993, -1.11648, 0.0801952, -1.11417, 0.0891045, -0.00230742, -0.00890936, 0.00920331
0.812993, -1.11384, 0.0782119, -1.11153, 0.0871311, -0.00231028, -0.00891928, 0.00921363
0.813993, -1.11121, 0.076222, -1.1089, 0.0851524, -0.00231326, -0.00893035, 0.00922509
0.814993, -1.10858, 0.0742257, -1.10626, 0.0831658, -0.00231636, -0.00894004, 0.00923525
0.815993, -1.10595, 0.0722229, -1.10363, 0.0811738, -0.0023191, -0.00895086, 0.00924641
0.816993, -1.10332, 0.0702136, -1.10099, 0.0791743, -0.00232244, -0.00896064, 0.00925672
0.817993, -1.10069, 0.0681979, -1.09836, 0.0771683, -0.00232518, -0.00897045, 0.0092669
0.818993, -1.09806, 0.0661757, -1.09574, 0.075156, -0.00232828, -0.00898029, 0.0092772
0.819993, -1.09544, 0.064147, -1.09311, 0.0731382, -0.00233173, -0.00899121, 0.00928864
0.820993, -1.09282, 0.0621119, -1.09048, 0.071113, -0.00233483, -0.00900107, 0.00929896
0.821993, -1.0902, 0.0600704, -1.08786, 0.069082, -0.00233805, -0.00901163, 0.00930999
0.822993, -1.08758, 0.0580224, -1.08523, 0.0670443, -0.00234139, -0.00902183, 0.0093207
0.823993, -1.08496, 0.0559681, -1.08261, 0.0649997, -0.00234485, -0.00903165, 0.00933107
0.824993, -1.08234, 0.0539073, -1.07999, 0.0629487, -0.00234818, -0.00904144, 0.00934139
0.825993, -1.07973, 0.0518401, -1.07737, 0.0608913, -0.00235152, -0.00905119, 0.00935167
0.826993, -1.07711, 0.0497665, -1.07476, 0.0588292, -0.00235486, -0.00906269, 0.00936363
0.827993, -1.0745, 0.0476865, -1.07214, 0.0567582, -0.00235796, -0.00907162, 0.00937306
0.828993, -1.07189, 0.0456002, -1.06953, 0.0546821, -0.0023613, -0.00908193, 0.00938387
0.829993, -1.06928, 0.0435075, -1.06691, 0.0526, -0.0023644, -0.00909252, 0.00939491
0.830993, -1.06667, 0.0414084, -1.0643, 0.0505111, -0.0023675, -0.00910267, 0.00940551
0.831993, -1.06406, 0.039303, -1.06169, 0.0484158, -0.00237083, -0.00911274, 0.0094161
0.832993, -1.06146, 0.0371913, -1.05909, 0.046314, -0.00237346, -0.00912271, 0.0094264
0.833993, -1.05886, 0.0350732, -1.05648, 0.0442061, -0.00237656, -0.00913293, 0.00943708
0.834993, -1.05625, 0.0329488, -1.05387, 0.0420915, -0.00237942, -0.00914268, 0.00944723
0.835993, -1.05365, 0.0308181, -1.05127, 0.0399711, -0.00238252, -0.00915302, 0.00945802
0.836993, -1.05105, 0.0286811, -1.04867, 0.0378439, -0.00238514, -0.00916287, 0.00946822
0.837993, -1.04845, 0.0265377, -1.04607, 0.0357107, -0.002388, -0.00917294, 0.00947868
0.838993, -1.04586, 0.0243881, -1.04347, 0.0335717, -0.00239062, -0.00918358, 0.00948964
0.839993, -1.04326, 0.0222322, -1.04087, 0.0314249, -0.00239325, -0.00919264, 0.00949906
0.840993, -1.04067, 0.0200701, -1.03827, 0.0292734, -0.00239587, -0.00920331, 0.00951006
0.841993, -1.03808, 0.0179016, -1.03568, 0.0271151, -0.00239873, -0.00921346, 0.00952059
0.842993, -1.03549, 0.015727, -1.03308, 0.0249497, -0.00240111, -0.00922271, 0.00953015
0.843993, -1.0329, 0.013546, -1.03049, 0.0227803, -0.00240397, -0.00923427, 0.00954206
0.844993, -1.03031, 0.0113589, -1.0279, 0.020602, -0.00240636, -0.00924314, 0.00955124
0.845993, -1.02772, 0.00916545, -1.02531, 0.0184187, -0.00240898, -0.00925322, 0.00956166
0.846993, -1.02514, 0.00696582, -1.02272, 0.0162296, -0.0024116, -0.00926381, 0.00957257
0.847993, -1.02255, 0.00475997, -1.02014, 0.0140338, -0.00241423, -0.00927382, 0.00958292
0.848993, -1.01997, 0.00254792, -1.01755, 0.0118312, -0.00241661, -0.00928324, 0.00959263
0.849993, -1.01739, 0.000329673, -1.01497, 0.00962281, -0.00241899, -0.00929314, 0.00960281
0.850993, -1.01481, -0.00189477, -1.01239, 0.00740838, -0.00242138, -0.00930315, 0.00961309
0.851993, -1.01223, -0.00412539, -1.00981, 0.00518858, -0.002424, -0.00931397, 0.00962423
0.852993, -1.00966, -0.00636218, -1.00723, 0.00296092, -0.00242639, -0.0093231, 0.00963367
0.853993, -1.00708, -0.00860514, -1.00465, 0.00072825, -0.00242877, -0.00933339, 0.00964422
0.854993, -1.00451, -0.0108543, -1.00208, -0.0015105, -0.00243115, -0.00934375, 0.00965485
0.855993, -1.00193, -0.0131095, -0.999501, -0.00375605, -0.00243354, -0.00935347, 0.00966486
0.856993, -0.999363, -0.0153709, -0.996927, -0.00600731, -0.00243616, -0.00936361, 0.00967533
0.857993, -0.996794, -0.0176385, -0.994355, -0.00826538, -0.00243855, -0.00937308, 0.0096851
0.858993, -0.994226, -0.0199121, -0.991785, -0.0105288, -0.00244117, -0.00938332, 0.00969567
0.859993, -0.991659, -0.0221919, -0.989216, -0.012798, -0.00244331, -0.00939394, 0.00970649
0.860992, -0.989094, -0.0244778, -0.986648, -0.0150743, -0.00244594, -0.00940352, 0.00971642
0.861992, -0.98653, -0.0267698, -0.984082, -0.0173566, -0.00244832, -0.00941313, 0.00972632
0.862992, -0.983968, -0.0290678, -0.981517, -0.0196437, -0.00245094, -0.00942417, 0.00973766
0.863992, -0.981407, -0.031372, -0.978954, -0.0219393, -0.00245309, -0.00943271, 0.00974647
0.864992, -0.978848, -0.0336822, -0.976392, -0.0242388, -0.00245571, -0.0094434, 0.00975747
0.865992, -0.97629, -0.0359985, -0.973831, -0.0265452, -0.00245833, -0.00945336, 0.00976777
0.866992, -0.973733, -0.0383209, -0.971272, -0.0288579, -0.00246072, -0.00946293, 0.00977764
0.867992, -0.971178, -0.0406493, -0.968715, -0.0311764, -0.00246334, -0.00947284, 0.00978789
0.868992, -0.968624, -0.0429837, -0.966158, -0.0335003, -0.00246596, -0.00948342, 0.00979879
0.869992, -0.966072, -0.0453242, -0.963604, -0.0358317, -0.00246811, -0.00949253, 0.00980815
0.870992, -0.963521, -0.0476707, -0.961051, -0.0381688, -0.00247073, -0.00950195, 0.00981792
0.871992, -0.960972, -0.0500233, -0.958498, -0.0405098, -0.00247383, -0.00951345, 0.00982983
0.872992, -0.958424, -0.0523818, -0.955947, -0.0428598, -0.00247639, -0.00952201, 0.00983876
0.873992, -0.955877, -0.0547463, -0.953398, -0.0452141, -0.0024789, -0.00953229, 0.00984934
0.874992, -0.953332, -0.0571169, -0.95085, -0.0475744, -0.00248134, -0.00954248, 0.00985982
0.875992, -0.950788, -0.0594934, -0.948304, -0.0499419, -0.00248396, -0.00955151, 0.00986922
0.876992, -0.948245, -0.0618759, -0.945759, -0.0523137, -0.00248629, -0.00956222, 0.00988017
0.877992, -0.945704, -0.0642644, -0.943216, -0.0546919, -0.00248855, -0.00957247, 0.00989066
0.878992, -0.943164, -0.0666588, -0.940673, -0.0570773, -0.00249124, -0.00958152, 0.00990009
0.879992, -0.940626, -0.0690592, -0.938132, -0.0594677, -0.00249362, -0.00959152, 0.00991037
0.880992, -0.938089, -0.0714655, -0.935593, -0.0618638, -0.00249618, -0.00960174, 0.00992091
0.881992, -0.935553, -0.0738778, -0.933055, -0.0642663, -0.00249845, -0.00961147, 0.00993089
0.882992, -0.933019, -0.076296, -0.930518, -0.0666746, -0.00250089, -0.0096214, 0.00994111
0.883992, -0.930486, -0.0787201, -0.927983, -0.0690886, -0.00250304, -0.00963153, 0.00995146
0.884992, -0.927954, -0.0811501, -0.925449, -0.0715097, -0.0025056, -0.00964043, 0.00996071
0.885992, -0.925424, -0.0835861, -0.922916, -0.0739352, -0.0025081, -0.00965094, 0.00997152
0.886992, -0.922895, -0.0860279, -0.920385, -0.076367, -0.00251055, -0.00966091, 0.00998179
0.887992, -0.920368, -0.0884757, -0.917855, -0.0788053, -0.00251293, -0.00967035, 0.00999152
0.888992, -0.917842, -0.0909293, -0.915326, -0.0812486, -0.00251526, -0.00968066, 0.0100021
0.889992, -0.915317, -0.0933888, -0.912799, -0.0836991, -0.00251752, -0.0096897, 0.0100114
0.890992, -0.912794, -0.0958542, -0.910274, -0.0861539, -0.00251973, -0.00970031, 0.0100222
0.891992, -0.910272, -0.0983254, -0.90775, -0.0886158, -0.00252187, -0.00970964, 0.0100318
0.892992, -0.907751, -0.100803, -0.905226, -0.0910827, -0.00252467, -0.00971981, 0.0100423
0.893992, -0.905232, -0.103285, -0.902705, -0.093556, -0.0025267, -0.00972939, 0.0100521
0.894992, -0.902714, -0.105774, -0.900184, -0.0960351, -0.00252938, -0.00973907, 0.0100622
0.895992, -0.900197, -0.108269, -0.897666, -0.0985199, -0.00253177, -0.00974886, 0.0100722
0.896992, -0.897682, -0.110769, -0.895148, -0.10101, -0.00253433, -0.00975875, 0.0100825
0.897992, -0.895168, -0.113275, -0.892632, -0.103507, -0.00253636, -0.00976872, 0.0100926
0.898992, -0.892656, -0.115787, -0.890117, -0.106009, -0.00253928, -0.00977878, 0.0101031
0.899992, -0.890145, -0.118305, -0.887604, -0.108518, -0.00254118, -0.00978749, 0.010112
0.900992, -0.887635, -0.120829, -0.885091, -0.111032, -0.00254399, -0.00979697, 0.0101219
0.901992, -0.885127, -0.123358, -0.882581, -0.113551, -0.00254649, -0.00980723, 0.0101324
0.902992, -0.88262, -0.125893, -0.880071, -0.116076, -0.00254917, -0.00981754, 0.0101431
0.903992, -0.880115, -0.128434, -0.877563, -0.118608, -0.00255156, -0.00982647, 0.0101523
0.904992, -0.87761, -0.130981, -0.875056, -0.121144, -0.00255412, -0.00983685, 0.010163
0.905992, -0.875108, -0.133533, -0.872551, -0.123687, -0.0025568, -0.00984655, 0.0101731
0.906992, -0.872606, -0.136092, -0.870047, -0.126236, -0.00255936, -0.00985555, 0.0101824
0.907992, -0.870106, -0.138656, -0.867544, -0.12879, -0.00256181, -0.009866, 0.0101932
0.908992, -0.867607, -0.141225, -0.865043, -0.131349, -0.00256413, -0.00987573, 0.0102032
0.909992, -0.865109, -0.143801, -0.862543, -0.133916, -0.00256658, -0.00988474, 0.0102125
0.910992, -0.862613, -0.146382, -0.860044, -0.136487, -0.00256914, -0.00989446, 0.0102226
0.911992, -0.860118, -0.148968, -0.857547, -0.139064, -0.00257134, -0.00990416, 0.0102325
0.912992, -0.857624, -0.151561, -0.85505, -0.141647, -0.00257391, -0.00991383, 0.0102425
0.913992, -0.855132, -0.154159, -0.852556, -0.144235, -0.00257635, -0.00992419, 0.0102532
0.914992, -0.852641, -0.156763, -0.850062, -0.14683, -0.00257844, -0.00993307, 0.0102623
0.915992, -0.850151, -0.159372, -0.84757, -0.14943, -0.00258088, -0.00994262, 0.0102721
0.916992, -0.847663, -0.161987, -0.845079, -0.152035, -0.00258344, -0.00995283, 0.0102827
0.917992, -0.845176, -0.164608, -0.84259, -0.154647, -0.00258565, -0.00996155, 0.0102916
0.918992, -0.84269, -0.167235, -0.840102, -0.157262, -0.00258797, -0.00997233, 0.0103027
0.919992, -0.840205, -0.169867, -0.837615, -0.159885, -0.00258994, -0.00998162, 0.0103122
0.920992, -0.837722, -0.172505, -0.835129, -0.162514, -0.00259274, -0.00999081, 0.0103218
0.921992, -0.83524, -0.175148, -0.832645, -0.165147, -0.00259495, -0.0100013, 0.0103325
0.922992, -0.83276, -0.177797, -0.830162, -0.167787, -0.00259727, -0.0100103, 0.0103418
0.923992, -0.83028, -0.180452, -0.827681, -0.170432, -0.00259924, -0.01002, 0.0103516
0.924992, -0.827802, -0.183112, -0.825201, -0.173083, -0.0026018, -0.0100287, 0.0103607
0.925992, -0.825326, -0.185778, -0.822721, -0.175738, -0.00260425, -0.0100395, 0.0103718
0.926992, -0.82285, -0.188449, -0.820244, -0.178401, -0.00260633, -0.0100481, 0.0103806
0.927992, -0.820376, -0.191126, -0.817768, -0.181068, -0.00260878, -0.0100586, 0.0103914
0.928992, -0.817904, -0.193809, -0.815292, -0.183741, -0.00261134, -0.0100676, 0.0104007
0.929992, -0.815432, -0.196497, -0.812819, -0.18642, -0.00261354, -0.0100771, 0.0104105
0.930992, -0.812962, -0.199191, -0.810346, -0.189103, -0.00261587, -0.0100871, 0.0104208
0.931992, -0.810493, -0.20189, -0.807875, -0.191794, -0.00261831, -0.0100963, 0.0104303
0.932992, -0.808026, -0.204595, -0.805405, -0.194489, -0.00262064, -0.0101054, 0.0104396
0.933992, -0.80556, -0.207305, -0.802937, -0.19719, -0.00262308, -0.0101149, 0.0104495
0.934992, -0.803095, -0.210021, -0.800469, -0.199896, -0.00262564, -0.010125, 0.0104599
0.935992, -0.800632, -0.212742, -0.798004, -0.202608, -0.00262785, -0.0101341, 0.0104693
0.936992, -0.798169, -0.215469, -0.795539, -0.205325, -0.00263041, -0.0101445, 0.01048
0.937991, -0.795708, -0.218202, -0.793076, -0.208048, -0.00263286, -0.0101533, 0.0104891
0.938991, -0.793249, -0.22094, -0.790613, -0.210777, -0.00263566, -0.0101625, 0.0104987
0.939991, -0.79079, -0.223683, -0.788152, -0.213511, -0.00263804, -0.0101722, 0.0105088
0.940991, -0.788333, -0.226432, -0.785693, -0.21625, -0.00264049, -0.0101817, 0.0105186
0.941991, -0.785878, -0.229186, -0.783235, -0.218995, -0.00264299, -0.010191, 0.0105281
0.942991, -0.783423, -0.231946, -0.780777, -0.221746, -0.00264555, -0.0102007, 0.0105382
0.943991, -0.78097, -0.234712, -0.778322, -0.224501, -0.0026477, -0.0102102, 0.0105479
0.944991, -0.778518, -0.237482, -0.775867, -0.227263, -0.00265014, -0.0102194, 0.0105574
0.945991, -0.776067, -0.240259, -0.773414, -0.23003, -0.00265265, -0.0102283, 0.0105667
0.946991, -0.773617, -0.24304, -0.770962, -0.232802, -0.00265497, -0.0102384, 0.010577
0.947991, -0.771169, -0.245828, -0.768512, -0.235579, -0.00265735, -0.0102482, 0.0105871
0.948991, -0.768722, -0.24862, -0.766062, -0.238362, -0.0026598, -0.0102576, 0.0105969
0.949991, -0.766276, -0.251418, -0.763614, -0.241151, -0.00266182, -0.0102668, 0.0106063
0.950991, -0.763831, -0.254221, -0.761167, -0.243945, -0.00266415, -0.0102764, 0.0106162
0.951991, -0.761388, -0.25703, -0.758722, -0.246745, -0.00266629, -0.010285, 0.010625
0.952991, -0.758946, -0.259844, -0.756277, -0.24955, -0.00266874, -0.0102946, 0.0106349
0.953991, -0.756505, -0.262664, -0.753834, -0.252359, -0.00267076, -0.0103047, 0.0106452
0.954991, -0.754066, -0.265489, -0.751392, -0.255175, -0.00267357, -0.0103137, 0.0106546
0.955991, -0.751627, -0.268319, -0.748952, -0.257996, -0.00267524, -0.0103231, 0.0106641
0.956991, -0.74919, -0.271155, -0.746512, -0.260823, -0.00267792, -0.0103321, 0.0106735
0.957991, -0.746755, -0.273996, -0.744074, -0.263654, -0.00268018, -0.0103422, 0.0106839
0.958991, -0.74432, -0.276843, -0.741637, -0.266491, -0.00268251, -0.0103512, 0.0106932
0.959991, -0.741887, -0.279694, -0.739202, -0.269334, -0.00268465, -0.0103599, 0.0107021
0.960991, -0.739455, -0.282551, -0.736768, -0.272183, -0.00268686, -0.0103689, 0.0107114
0.961991, -0.737024, -0.285414, -0.734334, -0.275034, -0.00268936, -0.0103797, 0.0107224
0.962991, -0.734594, -0.288282, -0.731903, -0.277894, -0.00269145, -0.0103879, 0.0107309
0.963991, -0.732166, -0.291155, -0.729472, -0.280757, -0.00269383, -0.0103979, 0.0107412
0.964991, -0.729739, -0.294033, -0.727043, -0.283626, -0.00269628, -0.0104074, 0.010751
0.965991, -0.727313, -0.296917, -0.724615, -0.286501, -0.0026983, -0.0104166, 0.0107604
0.966991, -0.724889, -0.299806, -0.722188, -0.28938, -0.00270063, -0.010426, 0.0107701
0.967991, -0.722465, -0.302701, -0.719762, -0.292265, -0.00270325, -0.0104358, 0.0107802
0.968991, -0.720043, -0.3056, -0.717338, -0.295157, -0.00270522, -0.0104437, 0.0107883
0.969991, -0.717623, -0.308505, -0.714915, -0.298052, -0.00270796, -0.0104532, 0.0107983
0.970991, -0.715203, -0.311415, -0.712493, -0.300952, -0.00271028, -0.0104631, 0.0108084
0.971991, -0.712785, -0.314331, -0.710072, -0.303859, -0.00271243, -0.0104717, 0.0108173
0.972991, -0.710368, -0.317252, -0.707653, -0.30677, -0.00271511, -0.0104814, 0.0108273
0.973991, -0.707952, -0.320178, -0.705234, -0.309687, -0.00271761, -0.0104905, 0.0108368
0.974991, -0.705537, -0.323109, -0.702817, -0.312609, -0.00271988, -0.0104999, 0.0108465
0.975991, -0.703124, -0.326045, -0.700402, -0.315536, -0.00272238, -0.0105088, 0.0108557
0.976991, -0.700712, -0.328987, -0.697987, -0.318469, -0.00272489, -0.010518, 0.0108652
0.977991, -0.698301, -0.331934, -0.695574, -0.321406, -0.00272715, -0.0105273, 0.0108748
0.978991, -0.695891, -0.334886, -0.693161, -0.324349, -0.00272942, -0.0105369, 0.0108846
0.979991, -0.693482, -0.337843, -0.69075, -0.327297, -0.00273192, -0.0105459, 0.010894
0.980991, -0.691075, -0.340806, -0.688341, -0.330251, -0.00273418, -0.0105552, 0.0109036
0.981991, -0.688669, -0.343774, -0.685932, -0.333209, -0.00273621, -0.0105647, 0.0109132
0.982991, -0.686264, -0.346747, -0.683525, -0.336173, -0.00273871, -0.0105736, 0.0109225
0.983991, -0.68386, -0.349725, -0.681119, -0.339141, -0.00274098, -0.0105834, 0.0109326
0.984991, -0.681457, -0.352708, -0.678714, -0.342116, -0.00274348, -0.0105919, 0.0109415
0.985991, -0.679056, -0.355696, -0.67631, -0.345095, -0.00274551, -0.0106013, 0.0109511
0.986991, -0.676655, -0.35869, -0.673908, -0.348079, -0.00274754, -0.0106109, 0.0109609
0.987991, -0.674256, -0.361689, -0.671506, -0.351069, -0.0027498, -0.0106199, 0.0109701
0.988991, -0.671858, -0.364693, -0.669106, -0.354064, -0.00275207, -0.0106283, 0.0109789
0.989991, -0.669462, -0.367702, -0.666707, -0.357063, -0.00275433, -0.0106384, 0.0109891
0.990991, -0.667066, -0.370716, -0.66431, -0.360069, -0.00275636, -0.0106471, 0.0109981
0.991991, -0.664672, -0.373735, -0.661913, -0.363079, -0.00275838, -0.0106566, 0.0110078
0.992991, -0.662279, -0.37676, -0.659518, -0.366094, -0.00276065, -0.0106663, 0.0110177
0.993991, -0.659887, -0.379789, -0.657124, -0.369114, -0.00276268, -0.0106753, 0.011027
0.994991, -0.657496, -0.382824, -0.654731, -0.37214, -0.00276518, -0.0106845, 0.0110365
0.995991, -0.655106, -0.385864, -0.652339, -0.375171, -0.00276721, -0.010693, 0.0110452
0.996991, -0.652718, -0.388909, -0.649949, -0.378206, -0.00276947, -0.0107023, 0.0110548
0.997991, -0.650331, -0.391959, -0.647559, -0.381247, -0.00277174, -0.0107117, 0.0110645
0.998991, -0.647945, -0.395014, -0.645171, -0.384292, -0.00277352, -0.0107212, 0.0110741
0.999991, -0.64556, -0.398074, -0.642785, -0.387344, -0.00277555, -0.0107293, 0.0110825
1.00099, -0.643176, -0.401136, -0.640399, -0.3904, -0.00277746, -0.0107364, 0.0110898
1.00199, -0.640793, -0.404204, -0.638013, -0.393461, -0.0027796, -0.0107428, 0.0110966
1.00299, -0.638411, -0.407277, -0.63563, -0.396528, -0.00278127, -0.0107485, 0.0111025
1.00399, -0.636031, -0.410355, -0.633247, -0.399599, -0.00278318, -0.0107557, 0.01111
1.00499, -0.633651, -0.413438, -0.630866, -0.402675, -0.00278485, -0.010763, 0.0111174
1.00599, -0.631273, -0.416525, -0.628486, -0.405757, -0.00278676, -0.0107688, 0.0111236
1.00699, -0.628896, -0.419618, -0.626108, -0.408844, -0.00278819, -0.0107747, 0.0111296
1.00799, -0.62652, -0.422716, -0.623729, -0.411935, -0.00279057, -0.0107813, 0.0111366
1.00899, -0.624145, -0.425819, -0.621353, -0.415031, -0.002792, -0.0107879, 0.0111434
1.00999, -0.621772, -0.428927, -0.618978, -0.418133, -0.00279391, -0.0107938, 0.0111496
1.01099, -0.6194, -0.43204, -0.616603, -0.42124, -0.00279629, -0.0108005, 0.0111566
1.01199, -0.617029, -0.435158, -0.614231, -0.424352, -0.00279772, -0.0108064, 0.0111626
1.01299, -0.614659, -0.438281, -0.611859, -0.427468, -0.00280005, -0.0108129, 0.0111696
1.01399, -0.61229, -0.441409, -0.609488, -0.43059, -0.00280184, -0.0108195, 0.0111764
1.01499, -0.609922, -0.444542, -0.607118, -0.433716, -0.0028038, -0.010826, 0.0111832
1.01599, -0.607556, -0.44768, -0.60475, -0.436848, -0.00280547, -0.0108318, 0.0111892
1.01699, -0.60519, -0.450823, -0.602383, -0.439984, -0.00280756, -0.0108383, 0.011196
1.01799, -0.602826, -0.453971, -0.600017, -0.443126, -0.00280935, -0.0108447, 0.0112027
1.01899, -0.600463, -0.457123, -0.597652, -0.446272, -0.00281084, -0.010851, 0.0112092
1.01999, -0.598101, -0.460281, -0.595288, -0.449423, -0.00281274, -0.010858, 0.0112164
1.02099, -0.59574, -0.463444, -0.592926, -0.452579, -0.00281435, -0.0108643, 0.0112229
1.02199, -0.59338, -0.466611, -0.590564, -0.455741, -0.00281638, -0.0108704, 0.0112293
1.02299, -0.591022, -0.469784, -0.588203, -0.458907, -0.00281811, -0.0108772, 0.0112363
1.02399, -0.588664, -0.472961, -0.585845, -0.462078, -0.00281954, -0.0108831, 0.0112424
1.02499, -0.586308, -0.476143, -0.583486, -0.465254, -0.00282139, -0.0108897, 0.0112493
1.02599, -0.583952, -0.479331, -0.58113, -0.468434, -0.00282294, -0.0108962, 0.0112559
1.02699, -0.581598, -0.482523, -0.578773, -0.47162, -0.0028249, -0.0109026, 0.0112626
1.02799, -0.579245, -0.48572, -0.576419, -0.474812, -0.00282633, -0.0109081, 0.0112683
1.02899, -0.576894, -0.488922, -0.574066, -0.478007, -0.00282794, -0.010915, 0.0112754
1.02999, -0.574543, -0.492128, -0.571713, -0.481208, -0.00282973, -0.0109203, 0.011281
1.03099, -0.572193, -0.49534, -0.569362, -0.484413, -0.00283122, -0.0109269, 0.0112877
1.03199, -0.569845, -0.498557, -0.567012, -0.487623, -0.00283313, -0.010934, 0.0112951
1.03299, -0.567498, -0.501778, -0.564663, -0.490837, -0.00283474, -0.010941, 0.0113023
1.03399, -0.565152, -0.505004, -0.562315, -0.494057, -0.00283605, -0.0109472, 0.0113086
1.03499, -0.562806, -0.508235, -0.559969, -0.497282, -0.00283778, -0.0109531, 0.0113148
1.03599, -0.560463, -0.511471, -0.557623, -0.500512, -0.00283921, -0.0109596, 0.0113214
1.03699, -0.55812, -0.514712, -0.555279, -0.503746, -0.00284106, -0.0109659, 0.0113279
1.03799, -0.555778, -0.517957, -0.552935, -0.506985, -0.00284308, -0.0109727, 0.0113351
1.03899, -0.553438, -0.521208, -0.550593, -0.51023, -0.00284457, -0.010978, 0.0113405
1.03999, -0.551098, -0.524463, -0.548252, -0.513478, -0.00284624, -0.0109845, 0.0113472
1.04099, -0.54876, -0.527723, -0.545913, -0.516732, -0.00284761, -0.0109908, 0.0113537
1.04199, -0.546423, -0.530988, -0.543574, -0.519991, -0.0028494, -0.0109969, 0.0113601
1.04299, -0.544087, -0.534257, -0.541236, -0.523254, -0.00285137, -0.0110036, 0.011367
1.04399, -0.541752, -0.537532, -0.538899, -0.526523, -0.0028528, -0.0110092, 0.0113728
1.04499, -0.539419, -0.540811, -0.536564, -0.529795, -0.00285488, -0.0110161, 0.01138
1.04599, -0.537086, -0.544095, -0.53423, -0.533073, -0.00285643, -0.011022, 0.0113861
1.04699, -0.534755, -0.547384, -0.531896, -0.536354, -0.00285816, -0.0110291, 0.0113934
1.04799, -0.532424, -0.550677, -0.529564, -0.539642, -0.00286031, -0.0110352, 0.0113999
1.04899, -0.530095, -0.553975, -0.527233, -0.542934, -0.00286216, -0.0110411, 0.011406
1.04999, -0.527767, -0.557278, -0.524903, -0.54623, -0.00286371, -0.0110482, 0.0114133
1.05099, -0.52544, -0.560586, -0.522574, -0.549532, -0.00286567, -0.0110543, 0.0114197
1.05199, -0.523114, -0.563898, -0.520247, -0.552838, -0.00286782, -0.0110602, 0.0114259
1.05299, -0.52079, -0.567216, -0.51792, -0.556148, -0.00286984, -0.0110672, 0.0114332
1.05399, -0.518466, -0.570538, -0.515594, -0.559465, -0.00287151, -0.0110724, 0.0114387
1.05499, -0.516143, -0.573864, -0.51327, -0.562785, -0.00287306, -0.0110788, 0.0114452
1.05599, -0.513822, -0.577195, -0.510947, -0.566111, -0.00287521, -0.0110849, 0.0114517
1.05699, -0.511502, -0.580531, -0.508625, -0.56944, -0.00287676, -0.0110914, 0.0114584
1.05799, -0.509182, -0.583872, -0.506304, -0.572775, -0.00287843, -0.0110976, 0.0114648
1.05899, -0.506864, -0.587218, -0.503983, -0.576113, -0.00288045, -0.0111042, 0.0114717
1.05999, -0.504547, -0.590568, -0.501665, -0.579458, -0.00288212, -0.0111098, 0.0114775
1.06099, -0.502231, -0.593923, -0.499347, -0.582806, -0.00288391, -0.0111165, 0.0114845
1.06199, -0.499916, -0.597282, -0.49703, -0.586158, -0.00288561, -0.0111236, 0.0114918
1.06299, -0.497602, -0.600646, -0.494714, -0.589517, -0.00288719, -0.0111289, 0.0114973
1.06399, -0.495289, -0.604015, -0.4924, -0.59288, -0.00288889, -0.0111353, 0.0115039
1.06499, -0.492977, -0.607388, -0.490086, -0.596246, -0.00289071, -0.011142, 0.0115109
1.06599, -0.490666, -0.610767, -0.487774, -0.599619, -0.0028924, -0.0111477, 0.0115168
1.06699, -0.488357, -0.614149, -0.485463, -0.602995, -0.00289398, -0.0111544, 0.0115237
1.06799, -0.486048, -0.617537, -0.483152, -0.606376, -0.00289568, -0.0111608, 0.0115303
1.06899, -0.483741, -0.620929, -0.480844, -0.609762, -0.00289702, -0.0111668, 0.0115365
1.06999, -0.481434, -0.624325, -0.478535, -0.613153, -0.00289872, -0.0111725, 0.0115424
1.07099, -0.479129, -0.627727, -0.476228, -0.616548, -0.00290054, -0.0111791, 0.0115493
1.07199, -0.476824, -0.631133, -0.473922, -0.619947, -0.00290224, -0.0111854, 0.0115558
1.07299, -0.474521, -0.634543, -0.471617, -0.623352, -0.00290382, -0.0111912, 0.0115618
1.07399, -0.472219, -0.637958, -0.469314, -0.62676, -0.00290552, -0.0111981, 0.0115689
1.07499, -0.469918, -0.641378, -0.467011, -0.630173, -0.00290686, -0.0112045, 0.0115755
1.07599, -0.467618, -0.644802, -0.46471, -0.633591, -0.00290856, -0.0112106, 0.0115817
1.07699, -0.465319, -0.648231, -0.462409, -0.637013, -0.00291061, -0.0112176, 0.0115891
1.07799, -0.463021, -0.651664, -0.460109, -0.640441, -0.00291207, -0.0112228, 0.0115944
1.07899, -0.460725, -0.655102, -0.457811, -0.643873, -0.00291365, -0.011229, 0.0116008
1.07999, -0.458429, -0.658545, -0.455513, -0.647309, -0.00291535, -0.0112355, 0.0116075
1.08099, -0.456134, -0.661992, -0.453218, -0.65075, -0.00291669, -0.0112422, 0.0116144
1.08199, -0.453841, -0.665443, -0.450922, -0.654196, -0.00291839, -0.0112478, 0.0116202
1.08299, -0.451548, -0.6689, -0.448628, -0.657645, -0.00292045, -0.0112543, 0.011627
1.08399, -0.449257, -0.67236, -0.446335, -0.6611, -0.00292212, -0.0112603, 0.0116332
1.08499, -0.446966, -0.675826, -0.444043, -0.664559, -0.0029234, -0.0112665, 0.0116396
1.08599, -0.444677, -0.679295, -0.441751, -0.668022, -0.00292549, -0.011273, 0.0116464
1.08699, -0.442389, -0.68277, -0.439462, -0.671491, -0.00292695, -0.0112783, 0.0116519
1.08799, -0.440101, -0.686248, -0.437173, -0.674963, -0.0029285, -0.0112853, 0.0116591
1.08899, -0.437815, -0.689732, -0.434885, -0.67844, -0.00293037, -0.0112918, 0.0116658
1.08999, -0.43553, -0.69322, -0.432598, -0.681922, -0.00293186, -0.0112978, 0.011672
1.09099, -0.433246, -0.696712, -0.430312, -0.685408, -0.00293344, -0.011304, 0.0116784
1.092, -0.430963, -0.700209, -0.428028, -0.688899, -0.00293511, -0.0113104, 0.011685
1.093, -0.428681, -0.70371, -0.425744, -0.692394, -0.00293687, -0.0113162, 0.0116911
1.094, -0.4264, -0.707216, -0.423461, -0.695894, -0.00293824, -0.0113223, 0.0116973
1.095, -0.42412, -0.710726, -0.42118, -0.699398, -0.00293994, -0.0113285, 0.0117037
1.096, -0.421841, -0.714241, -0.4189, -0.702906, -0.00294125, -0.0113348, 0.0117102
1.097, -0.419563, -0.71776, -0.41662, -0.706419, -0.00294289, -0.0113407, 0.0117163
1.098, -0.417286, -0.721284, -0.414341, -0.709937, -0.00294486, -0.0113467, 0.0117226
1.099, -0.41501, -0.724812, -0.412064, -0.713459, -0.00294644, -0.0113529, 0.011729
1.1, -0.412736, -0.728344, -0.409787, -0.716985, -0.00294811, -0.0113593, 0.0117356
1.101, -0.410462, -0.731881, -0.407512, -0.720516, -0.00294986, -0.0113658, 0.0117423
1.102, -0.408189, -0.735423, -0.405238, -0.724051, -0.00295147, -0.0113717, 0.0117485
1.103, -0.405918, -0.738969, -0.402964, -0.72759, -0.00295317, -0.0113784, 0.0117554
1.104, -0.403647, -0.742519, -0.400692, -0.731134, -0.00295496, -0.0113845, 0.0117618
1.105, -0.401377, -0.746074, -0.398421, -0.734683, -0.00295633, -0.0113901, 0.0117675
1.106, -0.399109, -0.749633, -0.396151, -0.738235, -0.002958, -0.0113972, 0.0117748
1.107, -0.396841, -0.753196, -0.393882, -0.741793, -0.00295973, -0.011403, 0.0117808
1.108, -0.394575, -0.756764, -0.391613, -0.745354, -0.00296152, -0.0114096, 0.0117877
1.109, -0.392309, -0.760336, -0.389347, -0.748921, -0.00296265, -0.0114149, 0.0117931
1.11, -0.390045, -0.763913, -0.38708, -0.752491, -0.00296456, -0.0114217, 0.0118002
1.111, -0.387781, -0.767494, -0.384815, -0.756066, -0.00296581, -0.0114279, 0.0118065
1.112, -0.385519, -0.771079, -0.382551, -0.759646, -0.00296783, -0.0114335, 0.0118124
1.113, -0.383257, -0.774669, -0.380288, -0.763229, -0.00296944, -0.0114398, 0.0118189
1.114, -0.380997, -0.778263, -0.378026, -0.766818, -0.00297064, -0.0114455, 0.0118247
1.115, -0.378737, -0.781862, -0.375765, -0.77041, -0.00297213, -0.0114519, 0.0118313
1.116, -0.376479, -0.785464, -0.373505, -0.774006, -0.00297391, -0.0114584, 0.011838
1.117, -0.374222, -0.789072, -0.371246, -0.777607, -0.00297529, -0.011465, 0.0118447
1.118, -0.371965, -0.792683, -0.368988, -0.781212, -0.00297695, -0.0114709, 0.0118509
1.119, -0.36971, -0.796299, -0.366731, -0.784822, -0.00297892, -0.0114768, 0.0118571
1.12, -0.367455, -0.799919, -0.364475, -0.788436, -0.00298047, -0.0114828, 0.0118633
1.121, -0.365202, -0.803544, -0.36222, -0.792054, -0.00298208, -0.0114896, 0.0118703
1.122, -0.36295, -0.807172, -0.359966, -0.795677, -0.00298375, -0.0114956, 0.0118765
1.123, -0.360698, -0.810806, -0.357713, -0.799304, -0.00298524, -0.0115016, 0.0118827
1.124, -0.358448, -0.814443, -0.355461, -0.802936, -0.00298679, -0.0115069, 0.0118882
1.125, -0.356199, -0.818085, -0.35321, -0.806571, -0.0029884, -0.0115137, 0.0118952
1.126, -0.353951, -0.821731, -0.35096, -0.810211, -0.00299007, -0.0115197, 0.0119014
1.127, -0.351703, -0.825381, -0.348711, -0.813856, -0.0029918, -0.011525, 0.011907
1.128, -0.349457, -0.829035, -0.346464, -0.817504, -0.00299332, -0.011531, 0.0119132
1.129, -0.347212, -0.832694, -0.344217, -0.821156, -0.00299487, -0.0115377, 0.0119201
1.13, -0.344967, -0.836357, -0.341971, -0.824813, -0.00299644, -0.0115445, 0.011927
1.131, -0.342724, -0.840025, -0.339726, -0.828474, -0.00299829, -0.0115505, 0.0119333
1.132, -0.340482, -0.843696, -0.337482, -0.83214, -0.00299969, -0.0115564, 0.0119394
1.133, -0.33824, -0.847372, -0.335239, -0.83581, -0.00300136, -0.0115623, 0.0119455
1.134, -0.336, -0.851052, -0.332997, -0.839483, -0.0030033, -0.0115689, 0.0119524
1.135, -0.33376, -0.854737, -0.330756, -0.843162, -0.00300455, -0.0115747, 0.0119583
1.136, -0.331522, -0.858425, -0.328516, -0.846845, -0.00300583, -0.0115804, 0.0119641
1.137, -0.329285, -0.862118, -0.326277, -0.850531, -0.00300786, -0.0115868, 0.0119708
1.138, -0.327048, -0.865815, -0.324039, -0.854222, -0.00300944, -0.0115931, 0.0119773
1.139, -0.324813, -0.869516, -0.321802, -0.857917, -0.00301105, -0.0115994, 0.0119838
1.14, -0.322578, -0.873222, -0.319566, -0.861616, -0.00301269, -0.0116056, 0.0119902
1.141, -0.320345, -0.876932, -0.317331, -0.865321, -0.00301412, -0.011611, 0.0119958
1.142, -0.318112, -0.880646, -0.315097, -0.869029, -0.00301558, -0.011617, 0.012002
1.143, -0.315881, -0.884364, -0.312864, -0.87274, -0.00301707, -0.0116236, 0.0120088
1.144, -0.31365, -0.888086, -0.310631, -0.876456, -0.00301883, -0.0116294, 0.0120148
1.145, -0.311421, -0.891812, -0.3084, -0.880176, -0.00302014, -0.0116358, 0.0120213
1.146, -0.309192, -0.895543, -0.30617, -0.883901, -0.00302172, -0.011642, 0.0120278
1.147, -0.306964, -0.899278, -0.303941, -0.887629, -0.00302356, -0.0116482, 0.0120342
1.148, -0.304738, -0.903017, -0.301712, -0.891362, -0.00302544, -0.0116542, 0.0120405
1.149, -0.302512, -0.90676, -0.299485, -0.8951, -0.00302663, -0.0116601, 0.0120465
1.15, -0.300287, -0.910507, -0.297259, -0.898841, -0.00302854, -0.0116659, 0.0120526
1.151, -0.298064, -0.914258, -0.295034, -0.902587, -0.00302997, -0.0116715, 0.0120584
1.152, -0.295841, -0.918014, -0.292809, -0.906336, -0.00303164, -0.0116785, 0.0120656
1.153, -0.293619, -0.921774, -0.290586, -0.91009, -0.00303355, -0.0116839, 0.0120713
1.154, -0.291398, -0.925538, -0.288363, -0.913848, -0.00303498, -0.0116898, 0.0120773
1.155, -0.289178, -0.929306, -0.286142, -0.917609, -0.00303665, -0.0116962, 0.012084
1.156, -0.286959, -0.933078, -0.283921, -0.921376, -0.00303784, -0.0117018, 0.0120897
1.157, -0.284741, -0.936854, -0.281702, -0.925146, -0.00303927, -0.0117078, 0.0120959
1.158, -0.282524, -0.940634, -0.279483, -0.928919, -0.00304142, -0.0117152, 0.0121035
1.159, -0.280308, -0.944419, -0.277265, -0.932698, -0.00304285, -0.0117202, 0.0121087
1.16, -0.278093, -0.948207, -0.275049, -0.936481, -0.00304428, -0.0117264, 0.0121152
1.161, -0.275879, -0.952, -0.272833, -0.940267, -0.00304595, -0.0117325, 0.0121215
1.162, -0.273666, -0.955797, -0.270618, -0.944057, -0.00304762, -0.0117391, 0.0121283
1.163, -0.271453, -0.959597, -0.268404, -0.947853, -0.00304905, -0.0117449, 0.0121342
1.164, -0.269242, -0.963402, -0.266191, -0.951651, -0.00305071, -0.0117511, 0.0121406
1.165, -0.267032, -0.967211, -0.263979, -0.955455, -0.00305215, -0.0117563, 0.012146
1.166, -0.264822, -0.971024, -0.261769, -0.959262, -0.00305358, -0.0117627, 0.0121526
1.167, -0.262614, -0.974841, -0.259558, -0.963073, -0.00305524, -0.0117682, 0.0121584
1.168, -0.260406, -0.978663, -0.257349, -0.966888, -0.00305691, -0.0117749, 0.0121652
1.169, -0.2582, -0.982488, -0.255141, -0.970707, -0.00305834, -0.0117806, 0.0121711
1.17, -0.255994, -0.986317, -0.252934, -0.974531, -0.00306001, -0.0117861, 0.0121769
1.171, -0.253789, -0.99015, -0.250728, -0.978357, -0.00306144, -0.0117928, 0.0121837
1.172, -0.251586, -0.993988, -0.248523, -0.982188, -0.00306287, -0.0117992, 0.0121903
1.173, -0.249383, -0.997829, -0.246318, -0.986024, -0.003065, -0.0118054, 0.0121968
1.174, -0.247181, -1.00167, -0.244115, -0.989864, -0.00306641, -0.0118106, 0.0122022
1.175, -0.24498, -1.00552, -0.241912, -0.993707, -0.00306779, -0.011817, 0.0122088
1.176, -0.24278, -1.00938, -0.239711, -0.997554, -0.0030694, -0.0118232, 0.0122152
1.177, -0.240581, -1.01324, -0.23751, -1.00141, -0.00307123, -0.0118291, 0.0122213
1.178, -0.238383, -1.0171, -0.235311, -1.00526, -0.00307257, -0.0118356, 0.0122279
1.179, -0.236186, -1.02096, -0.233111, -1.00912, -0.00307462, -0.0118418, 0.0122344
1.18, -0.23399, -1.02483, -0.230914, -1.01298, -0.00307591, -0.0118476, 0.0122404
1.181, -0.231795, -1.02871, -0.228717, -1.01685, -0.00307789, -0.0118545, 0.0122476
1.182, -0.2296, -1.03258, -0.226521, -1.02072, -0.00307937, -0.0118604, 0.0122536
1.183, -0.227407, -1.03646, -0.224326, -1.0246, -0.00308105, -0.0118659, 0.0122593
1.184, -0.225214, -1.04035, -0.222131, -1.02848, -0.00308271, -0.0118724, 0.0122661
1.185, -0.223023, -1.04424, -0.219938, -1.03236, -0.00308433, -0.0118779, 0.0122718
1.186, -0.220832, -1.04813, -0.217746, -1.03625, -0.00308593, -0.0118852, 0.0122793
1.187, -0.218642, -1.05203, -0.215555, -1.04014, -0.00308749, -0.0118906, 0.012285
1.188, -0.216453, -1.05593, -0.213364, -1.04403, -0.00308903, -0.0118965, 0.012291
1.189, -0.214265, -1.05984, -0.211175, -1.04793, -0.00309053, -0.011902, 0.0122967
1.19, -0.212079, -1.06375, -0.208986, -1.05184, -0.00309224, -0.0119078, 0.0123028
1.191, -0.209892, -1.06766, -0.206798, -1.05574, -0.00309417, -0.011914, 0.0123092
1.192, -0.207707, -1.07157, -0.204612, -1.05965, -0.00309557, -0.0119199, 0.0123153
1.193, -0.205523, -1.0755, -0.202426, -1.06357, -0.00309716, -0.0119253, 0.012321
1.194, -0.20334, -1.07942, -0.200241, -1.06749, -0.00309895, -0.0119312, 0.0123271
1.195, -0.201157, -1.08335, -0.198057, -1.07141, -0.00310022, -0.0119374, 0.0123334
1.196, -0.198976, -1.08728, -0.195874, -1.07534, -0.00310215, -0.0119432, 0.0123395
1.197, -0.196795, -1.09122, -0.193691, -1.07927, -0.00310381, -0.0119494, 0.0123459
1.198, -0.194616, -1.09516, -0.19151, -1.0832, -0.00310518, -0.0119553, 0.0123519
1.199, -0.192437, -1.0991, -0.18933, -1.08714, -0.00310698, -0.0119615, 0.0123584
1.2, -0.190259, -1.10305, -0.18715, -1.09108, -0.0031085, -0.011968, 0.0123651
1.201, -0.188082, -1.107, -0.184972, -1.09503, -0.00311022, -0.0119742, 0.0123716
1.202, -0.185906, -1.11096, -0.182794, -1.09898, -0.00311165, -0.0119808, 0.0123783
1.203, -0.183731, -1.11492, -0.180617, -1.10293, -0.00311351, -0.0119861, 0.0123839
1.204, -0.181557, -1.11888, -0.178442, -1.10689, -0.00311507, -0.0119925, 0.0123904
1.205, -0.179383, -1.12285, -0.176267, -1.11085, -0.00311634, -0.0119983, 0.0123964
1.206, -0.177211, -1.12682, -0.174093, -1.11482, -0.00311826, -0.0120044, 0.0124028
1.207, -0.175039, -1.1308, -0.17192, -1.11879, -0.00311965, -0.01201, 0.0124085
1.208, -0.172869, -1.13478, -0.169747, -1.12276, -0.00312121, -0.0120165, 0.0124153
1.209, -0.170699, -1.13876, -0.167576, -1.12674, -0.00312296, -0.0120226, 0.0124216
1.21, -0.16853, -1.14275, -0.165405, -1.13072, -0.00312464, -0.0120275, 0.0124268
1.211, -0.166362, -1.14674, -0.163236, -1.1347, -0.00312626, -0.0120341, 0.0124335
1.212, -0.164195, -1.15073, -0.161067, -1.13869, -0.00312783, -0.0120394, 0.0124391
1.213, -0.162029, -1.15473, -0.158899, -1.14268, -0.00312957, -0.0120457, 0.0124456
1.214, -0.159863, -1.15873, -0.156733, -1.14668, -0.00313078, -0.0120523, 0.0124523
1.215, -0.157699, -1.16274, -0.154566, -1.15068, -0.00313288, -0.0120577, 0.012458
1.216, -0.155535, -1.16675, -0.152401, -1.15468, -0.00313443, -0.0120633, 0.0124638
1.217, -0.153373, -1.17076, -0.150237, -1.15869, -0.0031359, -0.0120691, 0.0124699
1.218, -0.151211, -1.17478, -0.148074, -1.1627, -0.00313731, -0.0120752, 0.0124761
1.219, -0.14905, -1.1788, -0.145911, -1.16672, -0.00313911, -0.0120808, 0.012482
1.22, -0.14689, -1.18282, -0.143749, -1.17074, -0.00314084, -0.0120866, 0.0124881
1.221, -0.144731, -1.18685, -0.141588, -1.17476, -0.00314249, -0.0120927, 0.0124944
1.222, -0.142573, -1.19088, -0.139429, -1.17879, -0.00314359, -0.012099, 0.0125007
1.223, -0.140415, -1.19492, -0.13727, -1.18282, -0.00314534, -0.0121042, 0.0125061
1.224, -0.138259, -1.19896, -0.135112, -1.18685, -0.00314701, -0.0121109, 0.0125131
1.225, -0.136103, -1.20301, -0.132955, -1.19089, -0.0031486, -0.0121166, 0.012519
1.226, -0.133948, -1.20705, -0.130798, -1.19493, -0.00315036, -0.012123, 0.0125256
1.227, -0.131795, -1.2111, -0.128643, -1.19898, -0.00315157, -0.0121288, 0.0125316
1.228, -0.129642, -1.21516, -0.126489, -1.20302, -0.00315294, -0.0121348, 0.0125377
1.229, -0.12749, -1.21922, -0.124335, -1.20708, -0.00315493, -0.0121409, 0.0125441
1.23, -0.125338, -1.22328, -0.122182, -1.21113, -0.0031566, -0.0121471, 0.0125505
1.231, -0.123188, -1.22735, -0.12003, -1.21519, -0.00315795, -0.0121527, 0.0125563
1.232, -0.121038, -1.23142, -0.117879, -1.21926, -0.00315969, -0.0121584, 0.0125623
1.233, -0.11889, -1.23549, -0.115728, -1.22333, -0.00316133, -0.0121642, 0.0125683
1.234, -0.116742, -1.23957, -0.113579, -1.2274, -0.00316289, -0.0121695, 0.0125738
1.235, -0.114595, -1.24365, -0.11143, -1.23147, -0.0031646, -0.0121756, 0.0125801
1.236, -0.112449, -1.24773, -0.109283, -1.23555, -0.00316574, -0.012181, 0.0125857
1.237, -0.110304, -1.25182, -0.107136, -1.23963, -0.00316774, -0.0121866, 0.0125916
1.238, -0.108159, -1.25591, -0.10499, -1.24372, -0.00316918, -0.0121924, 0.0125975
1.239, -0.106016, -1.26001, -0.102845, -1.24781, -0.00317076, -0.0121982, 0.0126036
1.24, -0.103873, -1.26411, -0.100701, -1.2519, -0.00317248, -0.0122042, 0.0126098
1.241, -0.101732, -1.26821, -0.0985579, -1.256, -0.00317363, -0.0122088, 0.0126146
1.242, -0.0995907, -1.27232, -0.096415, -1.2601, -0.00317563, -0.0122157, 0.0126218
1.243, -0.0974506, -1.27643, -0.0942736, -1.26421, -0.00317706, -0.0122213, 0.0126275
1.244, -0.0953114, -1.28054, -0.0921328, -1.26832, -0.00317863, -0.0122271, 0.0126335
1.245, -0.0931731, -1.28466, -0.089993, -1.27243, -0.0031801, -0.0122329, 0.0126395
1.246, -0.0910356, -1.28878, -0.0878541, -1.27654, -0.00318146, -0.0122389, 0.0126456
1.247, -0.088899, -1.29291, -0.0857155, -1.28066, -0.00318344, -0.0122449, 0.012652
1.248, -0.0867632, -1.29704, -0.0835783, -1.28479, -0.00318483, -0.0122504, 0.0126576
1.249, -0.0846282, -1.30117, -0.0814419, -1.28891, -0.00318636, -0.0122567, 0.0126641
1.25, -0.0824941, -1.3053, -0.0793061, -1.29304, -0.00318802, -0.0122623, 0.01267
1.251, -0.0803609, -1.30944, -0.0771713, -1.29718, -0.00318958, -0.0122679, 0.0126758
1.252, -0.0782285, -1.31359, -0.0750375, -1.30131, -0.00319102, -0.0122736, 0.0126816
1.253, -0.0760969, -1.31773, -0.0729046, -1.30546, -0.00319236, -0.0122792, 0.0126873
1.254, -0.0739662, -1.32189, -0.0707719, -1.3096, -0.00319429, -0.0122855, 0.0126939
1.255, -0.0718364, -1.32604, -0.0686405, -1.31375, -0.00319588, -0.0122918, 0.0127005
1.256, -0.0697073, -1.3302, -0.0665102, -1.3179, -0.00319712, -0.0122967, 0.0127055
1.257, -0.0675791, -1.33436, -0.0643802, -1.32206, -0.00319896, -0.012303, 0.0127121
1.258, -0.0654518, -1.33852, -0.0622511, -1.32621, -0.00320068, -0.0123086, 0.0127179
1.259, -0.0633252, -1.34269, -0.0601232, -1.33038, -0.00320204, -0.0123142, 0.0127237
1.26, -0.0611996, -1.34686, -0.057996, -1.33454, -0.00320353, -0.0123191, 0.0127288
1.261, -0.0590747, -1.35104, -0.0558696, -1.33871, -0.00320513, -0.0123254, 0.0127353
1.262, -0.0569507, -1.35522, -0.0537443, -1.34289, -0.00320637, -0.0123303, 0.0127404
1.263, -0.0548275, -1.3594, -0.0516193, -1.34706, -0.00320821, -0.0123359, 0.0127463
1.264, -0.0527051, -1.36359, -0.0494957, -1.35125, -0.00320945, -0.0123415, 0.012752
1.265, -0.0505836, -1.36778, -0.0473723, -1.35543, -0.00321127, -0.0123471, 0.0127579
1.266, -0.0484629, -1.37197, -0.0452499, -1.35962, -0.00321298, -0.0123527, 0.0127637
1.267, -0.0463431, -1.37617, -0.0431287, -1.36381, -0.00321432, -0.0123576, 0.0127688
1.268, -0.044224, -1.38037, -0.041008, -1.368, -0.00321601, -0.0123632, 0.0127746
1.269, -0.0421058, -1.38457, -0.0388885, -1.3722, -0.00321734, -0.0123695, 0.0127811
1.27, -0.0399884, -1.38878, -0.0367692, -1.3764, -0.00321925, -0.0123758, 0.0127877
1.271, -0.0378718, -1.39299, -0.0346513, -1.38061, -0.00322055, -0.0123807, 0.0127927
1.272, -0.0357561, -1.39721, -0.0325341, -1.38482, -0.00322197, -0.0123863, 0.0127985
1.273, -0.0336412, -1.40142, -0.0304177, -1.38903, -0.00322349, -0.0123926, 0.012805
1.274, -0.0315271, -1.40565, -0.028302, -1.39325, -0.00322511, -0.012399, 0.0128115
1.275, -0.0294138, -1.40987, -0.0261869, -1.39747, -0.00322684, -0.0124044, 0.0128173
1.276, -0.0273013, -1.4141, -0.0240734, -1.40169, -0.00322795, -0.0124098, 0.0128228
1.277, -0.0251897, -1.41833, -0.0219598, -1.40592, -0.00322989, -0.0124158, 0.012829
1.278, -0.0230788, -1.42257, -0.0198476, -1.41015, -0.00323121, -0.0124209, 0.0128343
1.279, -0.0209688, -1.42681, -0.0177362, -1.41438, -0.00323263, -0.0124266, 0.0128402
1.28, -0.0188596, -1.43105, -0.0156255, -1.41862, -0.00323414, -0.0124322, 0.012846
1.281, -0.0167512, -1.4353, -0.0135155, -1.42286, -0.00323576, -0.0124377, 0.0128517
1.282, -0.0146437, -1.43955, -0.0114062, -1.4271, -0.00323747, -0.0124431, 0.0128573
1.283, -0.0125369, -1.4438, -0.00929785, -1.43135, -0.00323904, -0.012449, 0.0128635
1.284, -0.0104309, -1.44806, -0.00719047, -1.4356, -0.00324046, -0.0124549, 0.0128695
1.285, -0.00832578, -1.45232, -0.00508356, -1.43986, -0.00324222, -0.0124606, 0.0128755
1.286, -0.00622144, -1.45658, -0.00297785, -1.44411, -0.00324359, -0.0124655, 0.0128806
1.287, -0.0041179, -1.46085, -0.000872612, -1.44838, -0.00324529, -0.012471, 0.0128863
1.288, -0.00201517, -1.46512, 0.00123119, -1.45264, -0.00324637, -0.0124763, 0.0128918
1.289, 8.67537e-05, -1.46939, 0.003335, -1.45691, -0.00324825, -0.0124816, 0.0128973
1.29, 0.00218788, -1.47367, 0.00543737, -1.46118, -0.0032495, -0.0124867, 0.0129026
1.291, 0.0042882, -1.47795, 0.00753927, -1.46546, -0.00325107, -0.0124917, 0.0129078
1.292, 0.00638772, -1.48223, 0.00964022, -1.46974, -0.0032525, -0.0124973, 0.0129136
1.293, 0.00848644, -1.48652, 0.0117402, -1.47402, -0.00325377, -0.0125028, 0.0129192
1.294, 0.0105844, -1.49081, 0.0138402, -1.4783, -0.00325584, -0.0125089, 0.0129256
1.295, 0.0126815, -1.49511, 0.0159388, -1.48259, -0.00325728, -0.0125141, 0.0129311
1.296, 0.0147778, -1.49941, 0.0180368, -1.48689, -0.00325904, -0.0125192, 0.0129365
1.29614, 0.0150673, -1.5, 0.0183263, -1.48748, -0.00325898, -0.0125206, 0.0129377
