time, x, y, aX, aY, DX, DY, Error
0, -4, -1.5, -4, -1.5, 0, 0, 0
0.001, -3.99514, -1.49244, -3.99514, -1.49244, -2.38419e-07, -2.38419e-07, 3.37175e-07
0.002, -3.99028, -1.48489, -3.99028, -1.48489, 0, -2.38419e-07, 2.38419e-07
0.003, -3.98543, -1.47737, -3.98543, -1.47737, 0, -1.19209e-07, 1.19209e-07
0.004, -3.98058, -1.46986, -3.98058, -1.46986, 0, 1.19209e-07, 1.19209e-07
0.005, -3.97574, -1.46237, -3.97574, -1.46237, 0, 0, 0
0.006, -3.9709, -1.45491, -3.9709, -1.45491, 0, 1.19209e-07, 1.19209e-07
0.007, -3.96607, -1.44746, -3.96607, -1.44746, 0, -2.38419e-07, 2.38419e-07
0.008, -3.96124, -1.44003, -3.96124, -1.44003, 0, -2.38419e-07, 2.38419e-07
0.009, -3.95642, -1.43262, -3.95642, -1.43262, 0, 1.19209e-07, 1.19209e-07
0.01, -3.9516, -1.42523, -3.9516, -1.42523, -2.38419e-07, -4.76837e-07, 5.3312e-07
0.011, -3.94678, -1.41785, -3.94678, -1.41785, 0, -1.19209e-07, 1.19209e-07
0.012, -3.94197, -1.4105, -3.94197, -1.4105, 0, 0, 0
0.013, -3.93716, -1.40316, -3.93716, -1.40316, 2.38419e-07, 0, 2.38419e-07
0.014, -3.93236, -1.39585, -3.93236, -1.39585, 0, -3.57628e-07, 3.57628e-07
0.015, -3.92756, -1.38855, -3.92756, -1.38855, 2.38419e-07, -2.38419e-07, 3.37175e-07
0.016, -3.92277, -1.38127, -3.92277, -1.38127, 2.38419e-07, -1.19209e-07, 2.6656e-07
0.017, -3.91798, -1.37401, -3.91798, -1.37401, 2.38419e-07, -2.38419e-07, 3.37175e-07
0.018, -3.91319, -1.36677, -3.91319, -1.36677, 0, -3.57628e-07, 3.57628e-07
0.019, -3.90841, -1.35955, -3.90841, -1.35955, 0, -1.19209e-07, 1.19209e-07
0.02, -3.90363, -1.35235, -3.90363, -1.35235, 0, -3.57628e-07, 3.57628e-07
0.021, -3.89886, -1.34517, -3.89886, -1.34517, 0, -1.19209e-07, 1.19209e-07
0.022, -3.89409, -1.338, -3.89409, -1.338, 0, -4.76837e-07, 4.76837e-07
0.023, -3.88933, -1.33085, -3.88933, -1.33085, 0, -1.19209e-07, 1.19209e-07
0.024, -3.88457, -1.32373, -3.88457, -1.32372, 0, -3.57628e-07, 3.57628e-07
0.025, -3.87982, -1.31662, -3.87982, -1.31662, -2.38419e-07, -5.96046e-07, 6.41962e-07
0.026, -3.87507, -1.30953, -3.87507, -1.30953, 0, -1.19209e-07, 1.19209e-07
0.027, -3.87032, -1.30245, -3.87032, -1.30245, 0, -1.19209e-07, 1.19209e-07
0.028, -3.86558, -1.2954, -3.86558, -1.2954, -2.38419e-07, -5.96046e-07, 6.41962e-07
0.029, -3.86084, -1.28836, -3.86084, -1.28836, 0, -2.38419e-07, 2.38419e-07
0.03, -3.85611, -1.28135, -3.85611, -1.28135, 0, -3.57628e-07, 3.57628e-07
0.031, -3.85138, -1.27435, -3.85138, -1.27435, 0, -2.38419e-07, 2.38419e-07
0.032, -3.84666, -1.26737, -3.84666, -1.26737, 2.38419e-07, -4.76837e-07, 5.3312e-07
0.033, -3.84194, -1.26041, -3.84194, -1.26041, 2.38419e-07, -5.96046e-07, 6.41962e-07
0.034, -3.83722, -1.25347, -3.83722, -1.25347, 4.76837e-07, -3.57628e-07, 5.96046e-07
0.035, -3.83251, -1.24654, -3.83251, -1.24654, 4.76837e-07, -3.57628e-07, 5.96046e-07
0.036, -3.8278, -1.23963, -3.8278, -1.23963, 7.15256e-07, 0, 7.15256e-07
0.037, -3.8231, -1.23275, -3.8231, -1.23275, 7.15256e-07, 1.19209e-07, 7.25122e-07
0.038, -3.8184, -1.22588, -3.8184, -1.22588, 7.15256e-07, -2.38419e-07, 7.53946e-07
0.039, -3.8137, -1.21903, -3.81371, -1.21903, 7.15256e-07, 0, 7.15256e-07
0.04, -3.80901, -1.21219, -3.80902, -1.21219, 7.15256e-07, 0, 7.15256e-07
0.041, -3.80433, -1.20538, -3.80433, -1.20538, 4.76837e-07, -3.57628e-07, 5.96046e-07
0.042, -3.79965, -1.19858, -3.79965, -1.19858, 4.76837e-07, 0, 4.76837e-07
0.043, -3.79497, -1.1918, -3.79497, -1.1918, 7.15256e-07, 2.38419e-07, 7.53946e-07
0.044, -3.7903, -1.18504, -3.7903, -1.18504, 4.76837e-07, -3.57628e-07, 5.96046e-07
0.045, -3.78563, -1.1783, -3.78563, -1.1783, 4.76837e-07, -3.57628e-07, 5.96046e-07
0.046, -3.78096, -1.17158, -3.78096, -1.17158, 7.15256e-07, 1.19209e-07, 7.25122e-07
0.047, -3.7763, -1.16487, -3.7763, -1.16487, 7.15256e-07, 0, 7.15256e-07
0.048, -3.77165, -1.15819, -3.77165, -1.15818, 7.15256e-07, -1.19209e-07, 7.25122e-07
0.049, -3.76699, -1.15152, -3.76699, -1.15152, 7.15256e-07, -1.19209e-07, 7.25122e-07
0.05, -3.76235, -1.14486, -3.76235, -1.14486, 7.15256e-07, -2.38419e-07, 7.53946e-07
0.051, -3.7577, -1.13823, -3.7577, -1.13823, 7.15256e-07, 3.57628e-07, 7.9968e-07
0.052, -3.75306, -1.13161, -3.75306, -1.13161, 7.15256e-07, -2.38419e-07, 7.53946e-07
0.053, -3.74843, -1.12502, -3.74843, -1.12502, 7.15256e-07, 0, 7.15256e-07
0.054, -3.7438, -1.11844, -3.7438, -1.11844, 9.53674e-07, 3.57628e-07, 1.01852e-06
0.055, -3.73917, -1.11188, -3.73917, -1.11188, 9.53674e-07, 1.19209e-07, 9.61096e-07
0.056, -3.73455, -1.10533, -3.73455, -1.10533, 9.53674e-07, 1.19209e-07, 9.61096e-07
0.057, -3.72993, -1.09881, -3.72993, -1.09881, 9.53674e-07, 3.57628e-07, 1.01852e-06
0.058, -3.72531, -1.0923, -3.72531, -1.0923, 9.53674e-07, 1.19209e-07, 9.61096e-07
0.059, -3.7207, -1.08581, -3.7207, -1.08581, 9.53674e-07, 2.38419e-07, 9.83025e-07
0.06, -3.7161, -1.07933, -3.7161, -1.07933, 7.15256e-07, 0, 7.15256e-07
0.061, -3.71149, -1.07288, -3.71149, -1.07288, 9.53674e-07, -2.38419e-07, 9.83025e-07
0.062, -3.7069, -1.06644, -3.7069, -1.06644, 9.53674e-07, 2.38419e-07, 9.83025e-07
0.0629999, -3.7023, -1.06002, -3.7023, -1.06002, 9.53674e-07, 2.38419e-07, 9.83025e-07
0.064, -3.69771, -1.05362, -3.69771, -1.05362, 9.53674e-07, 0, 9.53674e-07
0.065, -3.69313, -1.04724, -3.69313, -1.04724, 7.15256e-07, 1.19209e-07, 7.25122e-07
0.066, -3.68854, -1.04087, -3.68855, -1.04087, 7.15256e-07, 0, 7.15256e-07
0.067, -3.68397, -1.03452, -3.68397, -1.03452, 7.15256e-07, -2.38419e-07, 7.53946e-07
0.068, -3.67939, -1.02819, -3.67939, -1.02819, 7.15256e-07, 0, 7.15256e-07
0.069, -3.67482, -1.02188, -3.67483, -1.02188, 9.53674e-07, 1.19209e-07, 9.61096e-07
0.07, -3.67026, -1.01558, -3.67026, -1.01558, 7.15256e-07, 0, 7.15256e-07
0.071, -3.6657, -1.0093, -3.6657, -1.0093, 4.76837e-07, -2.38419e-07, 5.3312e-07
0.072, -3.66114, -1.00304, -3.66114, -1.00304, 7.15256e-07, 2.38419e-07, 7.53946e-07
0.073, -3.65659, -0.996798, -3.65659, -0.996798, 4.76837e-07, -5.96046e-08, 4.80548e-07
0.074, -3.65204, -0.990572, -3.65204, -0.990572, 4.76837e-07, 1.78814e-07, 5.09262e-07
0.075, -3.6475, -0.984363, -3.6475, -0.984363, 4.76837e-07, -2.98023e-07, 5.62309e-07
0.076, -3.64296, -0.978172, -3.64296, -0.978172, 4.76837e-07, 0, 4.76837e-07
0.077, -3.63842, -0.971998, -3.63842, -0.971998, 4.76837e-07, 3.57628e-07, 5.96046e-07
0.078, -3.63389, -0.965841, -3.63389, -0.965841, 4.76837e-07, 0, 4.76837e-07
0.079, -3.62936, -0.959702, -3.62936, -0.959702, 4.76837e-07, -2.38419e-07, 5.3312e-07
0.08, -3.62483, -0.95358, -3.62483, -0.95358, 2.38419e-07, -2.98023e-07, 3.81656e-07
0.081, -3.62031, -0.947476, -3.62031, -0.947475, 2.38419e-07, -3.57628e-07, 4.29815e-07
0.082, -3.6158, -0.941388, -3.6158, -0.941388, 2.38419e-07, -1.19209e-07, 2.6656e-07
0.083, -3.61128, -0.935318, -3.61128, -0.935318, 2.38419e-07, 1.78814e-07, 2.98023e-07
0.084, -3.60678, -0.929265, -3.60678, -0.929265, 2.38419e-07, 1.19209e-07, 2.6656e-07
0.085, -3.60227, -0.92323, -3.60227, -0.92323, 4.76837e-07, 1.19209e-07, 4.91512e-07
0.086, -3.59777, -0.917211, -3.59777, -0.917211, 2.38419e-07, -1.78814e-07, 2.98023e-07
0.087, -3.59327, -0.91121, -3.59327, -0.91121, 2.38419e-07, -1.78814e-07, 2.98023e-07
0.088, -3.58878, -0.905226, -3.58878, -0.905226, 2.38419e-07, -5.96046e-08, 2.45756e-07
0.089, -3.58429, -0.899259, -3.58429, -0.899259, 2.38419e-07, -1.19209e-07, 2.6656e-07
0.09, -3.57981, -0.893309, -3.57981, -0.893309, 2.38419e-07, 5.96046e-08, 2.45756e-07
0.091, -3.57533, -0.887376, -3.57533, -0.887376, 2.38419e-07, 0, 2.38419e-07
0.092, -3.57085, -0.88146, -3.57085, -0.88146, 2.38419e-07, -4.17233e-07, 4.80548e-07
0.093, -3.56638, -0.875561, -3.56638, -0.875561, 0, -2.98023e-07, 2.98023e-07
0.094, -3.56191, -0.86968, -3.56191, -0.86968, 2.38419e-07, 1.78814e-07, 2.98023e-07
0.095, -3.55745, -0.863815, -3.55745, -0.863814, 2.38419e-07, -2.38419e-07, 3.37175e-07
0.096, -3.55299, -0.857967, -3.55299, -0.857967, 0, -5.96046e-08, 5.96046e-08
0.097, -3.54853, -0.852136, -3.54853, -0.852136, 0, -1.19209e-07, 1.19209e-07
0.098, -3.54408, -0.846322, -3.54408, -0.846321, 0, -3.57628e-07, 3.57628e-07
0.099, -3.53963, -0.840524, -3.53963, -0.840524, 0, 0, 0
0.1, -3.53518, -0.834744, -3.53518, -0.834744, 0, -3.57628e-07, 3.57628e-07
0.101, -3.53074, -0.828981, -3.53074, -0.82898, 0, -1.78814e-07, 1.78814e-07
0.102, -3.5263, -0.823234, -3.5263, -0.823234, -2.38419e-07, -5.96046e-08, 2.45756e-07
0.103, -3.52187, -0.817504, -3.52187, -0.817504, -2.38419e-07, 0, 2.38419e-07
0.104, -3.51744, -0.811791, -3.51744, -0.811791, 0, 1.78814e-07, 1.78814e-07
0.105, -3.51302, -0.806095, -3.51302, -0.806094, -2.38419e-07, -4.17233e-07, 4.80548e-07
0.106, -3.50859, -0.800415, -3.50859, -0.800415, -2.38419e-07, -1.78814e-07, 2.98023e-07
0.107, -3.50418, -0.794752, -3.50418, -0.794752, 0, 5.96046e-08, 5.96046e-08
0.108, -3.49976, -0.789106, -3.49976, -0.789106, -2.38419e-07, -2.38419e-07, 3.37175e-07
0.109, -3.49535, -0.783476, -3.49535, -0.783476, -2.38419e-07, -4.17233e-07, 4.80548e-07
0.11, -3.49095, -0.777863, -3.49095, -0.777863, -2.38419e-07, -5.36442e-07, 5.87038e-07
0.111, -3.48655, -0.772267, -3.48655, -0.772267, 0, -3.57628e-07, 3.57628e-07
0.112, -3.48215, -0.766687, -3.48215, -0.766687, -2.38419e-07, -1.19209e-07, 2.6656e-07
0.113, -3.47775, -0.761124, -3.47775, -0.761124, -2.38419e-07, -4.17233e-07, 4.80548e-07
0.114, -3.47336, -0.755578, -3.47336, -0.755577, -2.38419e-07, -2.38419e-07, 3.37175e-07
0.115, -3.46898, -0.750048, -3.46898, -0.750048, 0, 0, 0
0.116, -3.46459, -0.744534, -3.46459, -0.744534, 0, 0, 0
0.117, -3.46021, -0.739037, -3.46021, -0.739036, 0, -5.36442e-07, 5.36442e-07
0.118, -3.45584, -0.733556, -3.45584, -0.733556, 0, 0, 0
0.119, -3.45147, -0.728092, -3.45147, -0.728092, -2.38419e-07, -3.57628e-07, 4.29815e-07
0.12, -3.4471, -0.722644, -3.4471, -0.722644, -4.76837e-07, -5.36442e-07, 7.17735e-07
0.121, -3.44274, -0.717213, -3.44274, -0.717213, -2.38419e-07, -2.98023e-07, 3.81656e-07
0.122, -3.43838, -0.711798, -3.43838, -0.711798, -4.76837e-07, -1.19209e-07, 4.91512e-07
0.123, -3.43402, -0.706399, -3.43402, -0.706399, -4.76837e-07, -4.17233e-07, 6.33606e-07
0.124, -3.42967, -0.701017, -3.42967, -0.701017, -4.76837e-07, -5.96046e-08, 4.80548e-07
0.125, -3.42532, -0.695651, -3.42532, -0.69565, -7.15256e-07, -5.96046e-07, 9.31054e-07
0.126, -3.42098, -0.690301, -3.42098, -0.690301, -7.15256e-07, -1.19209e-07, 7.25122e-07
0.127, -3.41664, -0.684968, -3.41664, -0.684967, -7.15256e-07, -2.98023e-07, 7.7486e-07
0.128, -3.4123, -0.679651, -3.4123, -0.67965, -9.53674e-07, -6.55651e-07, 1.15731e-06
0.129, -3.40797, -0.67435, -3.40796, -0.674349, -7.15256e-07, -4.17233e-07, 8.28054e-07
0.13, -3.40364, -0.669065, -3.40364, -0.669064, -7.15256e-07, -2.98023e-07, 7.7486e-07
0.131, -3.39931, -0.663796, -3.39931, -0.663796, -7.15256e-07, -5.96046e-08, 7.17735e-07
0.132, -3.39499, -0.658544, -3.39499, -0.658544, -9.53674e-07, -5.96046e-08, 9.55535e-07
0.133, -3.39067, -0.653307, -3.39067, -0.653307, -9.53674e-07, -4.76837e-07, 1.06624e-06
0.134, -3.38636, -0.648087, -3.38635, -0.648087, -9.53674e-07, -5.96046e-07, 1.12462e-06
0.135, -3.38205, -0.642883, -3.38204, -0.642883, -9.53674e-07, -3.57628e-07, 1.01852e-06
0.136, -3.37774, -0.637695, -3.37774, -0.637695, -9.53674e-07, -2.38419e-07, 9.83025e-07
0.137, -3.37344, -0.632523, -3.37343, -0.632522, -9.53674e-07, -5.96046e-07, 1.12462e-06
0.138, -3.36914, -0.627367, -3.36913, -0.627367, -9.53674e-07, -3.57628e-07, 1.01852e-06
0.139, -3.36484, -0.622227, -3.36484, -0.622227, -1.19209e-06, -4.17233e-07, 1.263e-06
0.14, -3.36055, -0.617103, -3.36055, -0.617103, -1.19209e-06, -5.36442e-07, 1.30723e-06
0.141, -3.35626, -0.611995, -3.35626, -0.611995, -1.19209e-06, -3.57628e-07, 1.24458e-06
0.142, -3.35198, -0.606903, -3.35197, -0.606903, -9.53674e-07, 0, 9.53674e-07
0.143, -3.34769, -0.601827, -3.34769, -0.601827, -1.19209e-06, -2.38419e-07, 1.2157e-06
0.144, -3.34342, -0.596767, -3.34342, -0.596767, -9.53674e-07, -5.96046e-08, 9.55535e-07
0.145, -3.33914, -0.591722, -3.33914, -0.591722, -1.19209e-06, -4.17233e-07, 1.263e-06
0.146, -3.33487, -0.586694, -3.33487, -0.586693, -9.53674e-07, -5.36442e-07, 1.0942e-06
0.147, -3.33061, -0.581681, -3.33061, -0.581681, -9.53674e-07, -2.38419e-07, 9.83025e-07
0.148, -3.32635, -0.576684, -3.32634, -0.576684, -9.53674e-07, -3.57628e-07, 1.01852e-06
0.149, -3.32209, -0.571703, -3.32209, -0.571703, -9.53674e-07, -7.15256e-07, 1.19209e-06
0.15, -3.31783, -0.566738, -3.31783, -0.566738, -9.53674e-07, -5.96046e-08, 9.55535e-07
0.151, -3.31358, -0.561789, -3.31358, -0.561788, -9.53674e-07, -4.76837e-07, 1.06624e-06
0.152, -3.30933, -0.556855, -3.30933, -0.556854, -9.53674e-07, -3.57628e-07, 1.01852e-06
0.153, -3.30509, -0.551937, -3.30509, -0.551936, -9.53674e-07, -5.36442e-07, 1.0942e-06
0.154, -3.30085, -0.547034, -3.30085, -0.547034, -9.53674e-07, -1.78814e-07, 9.70293e-07
0.155, -3.29661, -0.542148, -3.29661, -0.542147, -1.19209e-06, -8.34465e-07, 1.45513e-06
0.156, -3.29238, -0.537277, -3.29238, -0.537276, -9.53674e-07, -1.19209e-07, 9.61096e-07
0.157, -3.28815, -0.532421, -3.28815, -0.532421, -9.53674e-07, -3.57628e-07, 1.01852e-06
0.158, -3.28392, -0.527581, -3.28392, -0.527581, -1.19209e-06, -6.55651e-07, 1.3605e-06
0.159, -3.2797, -0.522757, -3.2797, -0.522757, -1.19209e-06, -4.76837e-07, 1.28392e-06
0.16, -3.27548, -0.517948, -3.27548, -0.517948, -9.53674e-07, -4.76837e-07, 1.06624e-06
0.161, -3.27127, -0.513155, -3.27127, -0.513155, -7.15256e-07, -2.98023e-07, 7.7486e-07
0.162, -3.26706, -0.508378, -3.26706, -0.508377, -9.53674e-07, -4.17233e-07, 1.04095e-06
0.163, -3.26285, -0.503616, -3.26285, -0.503615, -9.53674e-07, -2.98023e-07, 9.99156e-07
0.164, -3.25865, -0.498869, -3.25864, -0.498869, -9.53674e-07, -3.57628e-07, 1.01852e-06
0.165, -3.25444, -0.494138, -3.25444, -0.494137, -9.53674e-07, -3.57628e-07, 1.01852e-06
0.166, -3.25025, -0.489422, -3.25025, -0.489421, -1.19209e-06, -9.23872e-07, 1.50819e-06
0.167, -3.24605, -0.484722, -3.24605, -0.484721, -9.53674e-07, -9.23872e-07, 1.32779e-06
0.168, -3.24186, -0.480037, -3.24186, -0.480036, -9.53674e-07, -5.96046e-07, 1.12462e-06
0.169, -3.23768, -0.475367, -3.23768, -0.475366, -9.53674e-07, -9.83477e-07, 1.36993e-06
0.17, -3.2335, -0.470713, -3.2335, -0.470713, -7.15256e-07, -3.8743e-07, 8.13445e-07
0.171, -3.22932, -0.466074, -3.22932, -0.466074, -7.15256e-07, -5.96046e-07, 9.31054e-07
0.172, -3.22514, -0.461451, -3.22514, -0.46145, -7.15256e-07, -5.06639e-07, 8.76513e-07
0.173, -3.22097, -0.456843, -3.22097, -0.456842, -7.15256e-07, -9.23872e-07, 1.16839e-06
0.174, -3.2168, -0.45225, -3.2168, -0.452249, -4.76837e-07, -4.17233e-07, 6.33606e-07
0.175, -3.21264, -0.447672, -3.21264, -0.447671, -7.15256e-07, -9.83477e-07, 1.21607e-06
0.176, -3.20848, -0.44311, -3.20848, -0.443109, -7.15256e-07, -5.66244e-07, 9.12263e-07
0.177, -3.20432, -0.438562, -3.20432, -0.438562, -7.15256e-07, -8.34465e-07, 1.09906e-06
0.178, -3.20016, -0.43403, -3.20016, -0.43403, -7.15256e-07, -4.17233e-07, 8.28054e-07
0.179, -3.19601, -0.429514, -3.19601, -0.429513, -9.53674e-07, -6.55651e-07, 1.15731e-06
0.18, -3.19187, -0.425012, -3.19187, -0.425011, -9.53674e-07, -1.13249e-06, 1.48055e-06
0.181, -3.18772, -0.420525, -3.18772, -0.420525, -7.15256e-07, -4.17233e-07, 8.28054e-07
0.182, -3.18358, -0.416054, -3.18358, -0.416053, -9.53674e-07, -7.45058e-07, 1.21021e-06
0.183, -3.17945, -0.411597, -3.17945, -0.411597, -9.53674e-07, -8.04663e-07, 1.24779e-06
0.184, -3.17531, -0.407156, -3.17531, -0.407155, -9.53674e-07, -1.16229e-06, 1.50347e-06
0.185, -3.17118, -0.40273, -3.17118, -0.402729, -7.15256e-07, -9.53674e-07, 1.19209e-06
0.186, -3.16706, -0.398319, -3.16706, -0.398318, -9.53674e-07, -8.64267e-07, 1.28703e-06
0.187, -3.16294, -0.393923, -3.16294, -0.393922, -7.15256e-07, -1.01328e-06, 1.24029e-06
0.188, -3.15882, -0.389541, -3.15882, -0.389541, -7.15256e-07, -6.55651e-07, 9.70293e-07
0.189, -3.1547, -0.385175, -3.1547, -0.385175, -7.15256e-07, -5.06639e-07, 8.76513e-07
0.19, -3.15059, -0.380824, -3.15059, -0.380823, -7.15256e-07, -1.13249e-06, 1.33945e-06
0.191, -3.14648, -0.376488, -3.14648, -0.376487, -7.15256e-07, -1.07288e-06, 1.28945e-06
0.192, -3.14238, -0.372166, -3.14238, -0.372166, -7.15256e-07, -5.36442e-07, 8.9407e-07
0.193, -3.13828, -0.36786, -3.13827, -0.367859, -7.15256e-07, -8.34465e-07, 1.09906e-06
0.194, -3.13418, -0.363568, -3.13418, -0.363567, -9.53674e-07, -8.64267e-07, 1.28703e-06
0.195, -3.13008, -0.359291, -3.13008, -0.359291, -7.15256e-07, -6.25849e-07, 9.50409e-07
0.196, -3.12599, -0.35503, -3.12599, -0.355029, -9.53674e-07, -7.7486e-07, 1.22878e-06
0.197, -3.1219, -0.350782, -3.1219, -0.350781, -9.53674e-07, -9.53674e-07, 1.3487e-06
0.198, -3.11782, -0.34655, -3.11782, -0.34655, -9.53674e-07, -4.47035e-07, 1.05325e-06
0.199, -3.11374, -0.342333, -3.11374, -0.342331, -1.19209e-06, -1.13249e-06, 1.64427e-06
0.2, -3.10966, -0.33813, -3.10966, -0.338129, -9.53674e-07, -4.76837e-07, 1.06624e-06
0.201, -3.10559, -0.333942, -3.10559, -0.333941, -9.53674e-07, -4.76837e-07, 1.06624e-06
0.202, -3.10152, -0.329768, -3.10152, -0.329767, -9.53674e-07, -1.01328e-06, 1.39148e-06
0.203, -3.09745, -0.32561, -3.09745, -0.325609, -9.53674e-07, -5.06639e-07, 1.0799e-06
0.204, -3.09339, -0.321466, -3.09339, -0.321465, -9.53674e-07, -7.45058e-07, 1.21021e-06
0.205, -3.08933, -0.317336, -3.08933, -0.317336, -9.53674e-07, -6.25849e-07, 1.14069e-06
0.206, -3.08527, -0.313222, -3.08527, -0.313221, -9.53674e-07, -9.53674e-07, 1.3487e-06
0.207, -3.08122, -0.309122, -3.08122, -0.309121, -1.19209e-06, -6.55651e-07, 1.3605e-06
0.208, -3.07717, -0.305036, -3.07717, -0.305035, -1.19209e-06, -1.2517e-06, 1.72853e-06
0.209, -3.07312, -0.300966, -3.07312, -0.300965, -9.53674e-07, -9.23872e-07, 1.32779e-06
0.21, -3.06908, -0.296909, -3.06908, -0.296908, -1.19209e-06, -1.07288e-06, 1.6038e-06
0.211, -3.06504, -0.292867, -3.06504, -0.292867, -1.19209e-06, -8.64267e-07, 1.47243e-06
0.212, -3.061, -0.28884, -3.061, -0.288839, -1.19209e-06, -8.9407e-07, 1.49012e-06
0.213, -3.05697, -0.284828, -3.05697, -0.284827, -9.53674e-07, -7.45058e-07, 1.21021e-06
0.214, -3.05294, -0.280829, -3.05294, -0.280828, -9.53674e-07, -7.7486e-07, 1.22878e-06
0.215, -3.04891, -0.276845, -3.04891, -0.276845, -1.19209e-06, -9.83477e-07, 1.54542e-06
0.216, -3.04489, -0.272876, -3.04489, -0.272875, -1.19209e-06, -9.53674e-07, 1.52662e-06
0.217, -3.04087, -0.268921, -3.04087, -0.26892, -1.43051e-06, -1.16229e-06, 1.84317e-06
0.218, -3.03685, -0.264981, -3.03685, -0.26498, -1.19209e-06, -8.9407e-07, 1.49012e-06
0.219, -3.03284, -0.261055, -3.03284, -0.261054, -1.19209e-06, -7.15256e-07, 1.39021e-06
0.22, -3.02883, -0.257143, -3.02883, -0.257142, -1.19209e-06, -8.34465e-07, 1.45513e-06
0.221, -3.02482, -0.253246, -3.02482, -0.253244, -1.43051e-06, -1.10269e-06, 1.80618e-06
0.222, -3.02082, -0.249362, -3.02082, -0.249362, -1.43051e-06, -8.04663e-07, 1.64129e-06
0.223, -3.01682, -0.245494, -3.01682, -0.245493, -1.43051e-06, -6.4075e-07, 1.56746e-06
0.224, -3.01283, -0.241639, -3.01282, -0.241639, -1.43051e-06, -7.00355e-07, 1.59275e-06
0.225, -3.00883, -0.237799, -3.00883, -0.237798, -1.43051e-06, -7.15256e-07, 1.59936e-06
0.226, -3.00484, -0.233973, -3.00484, -0.233972, -1.43051e-06, -9.23872e-07, 1.70291e-06
0.227, -3.00086, -0.230161, -3.00086, -0.23016, -1.66893e-06, -1.17719e-06, 2.04233e-06
0.228, -2.99688, -0.226364, -2.99687, -0.226363, -1.66893e-06, -6.25849e-07, 1.78242e-06
0.229, -2.9929, -0.222581, -2.99289, -0.22258, -1.66893e-06, -8.04663e-07, 1.85278e-06
0.23, -2.98892, -0.218812, -2.98892, -0.218811, -1.66893e-06, -9.83477e-07, 1.93715e-06
0.231, -2.98495, -0.215057, -2.98494, -0.215056, -1.19209e-06, -5.36442e-07, 1.30723e-06
0.232, -2.98098, -0.211316, -2.98097, -0.211315, -1.43051e-06, -5.21541e-07, 1.52262e-06
0.233, -2.97701, -0.207589, -2.97701, -0.207588, -1.43051e-06, -6.85453e-07, 1.58626e-06
0.234, -2.97305, -0.203877, -2.97305, -0.203876, -1.66893e-06, -5.21541e-07, 1.74852e-06
0.235, -2.96909, -0.200178, -2.96909, -0.200177, -1.43051e-06, -1.08778e-06, 1.79712e-06
0.236, -2.96513, -0.196494, -2.96513, -0.196493, -1.66893e-06, -8.19564e-07, 1.8593e-06
0.237, -2.96118, -0.192823, -2.96118, -0.192822, -1.66893e-06, -8.9407e-07, 1.89333e-06
0.238, -2.95723, -0.189167, -2.95723, -0.189166, -1.66893e-06, -9.23872e-07, 1.90758e-06
0.239, -2.95328, -0.185525, -2.95328, -0.185524, -1.66893e-06, -8.9407e-07, 1.89333e-06
0.24, -2.94934, -0.181896, -2.94934, -0.181896, -1.66893e-06, -4.32134e-07, 1.72397e-06
0.241, -2.9454, -0.178282, -2.9454, -0.178281, -1.90735e-06, -1.19209e-06, 2.24924e-06
0.242, -2.94146, -0.174681, -2.94146, -0.17468, -1.90735e-06, -1.11759e-06, 2.21065e-06
0.243, -2.93753, -0.171095, -2.93752, -0.171094, -1.66893e-06, -5.51343e-07, 1.75764e-06
0.244, -2.9336, -0.167522, -2.93359, -0.167522, -1.66893e-06, -6.70552e-07, 1.7986e-06
0.245, -2.92967, -0.163964, -2.92967, -0.163963, -1.66893e-06, -7.45058e-07, 1.82769e-06
0.246, -2.92574, -0.160419, -2.92574, -0.160418, -1.66893e-06, -7.45058e-07, 1.82769e-06
0.247, -2.92182, -0.156888, -2.92182, -0.156887, -1.90735e-06, -1.01328e-06, 2.15979e-06
0.248, -2.91791, -0.153371, -2.9179, -0.15337, -2.14577e-06, -1.17719e-06, 2.44747e-06
0.249, -2.91399, -0.149867, -2.91399, -0.149867, -1.90735e-06, -5.06639e-07, 1.97349e-06
0.25, -2.91008, -0.146378, -2.91008, -0.146377, -2.14577e-06, -1.11759e-06, 2.41936e-06
0.251, -2.90617, -0.142902, -2.90617, -0.142902, -1.90735e-06, -7.45058e-07, 2.0477e-06
0.252, -2.90227, -0.13944, -2.90227, -0.13944, -1.66893e-06, -7.89762e-07, 1.84636e-06
0.253, -2.89837, -0.135992, -2.89837, -0.135992, -1.66893e-06, -5.06639e-07, 1.74414e-06
0.254, -2.89447, -0.132558, -2.89447, -0.132557, -1.90735e-06, -6.10948e-07, 2.00281e-06
0.255, -2.89057, -0.129137, -2.89057, -0.129136, -1.66893e-06, -9.53674e-07, 1.92219e-06
0.256, -2.88668, -0.12573, -2.88668, -0.125729, -1.66893e-06, -8.04663e-07, 1.85278e-06
0.257, -2.88279, -0.122337, -2.88279, -0.122336, -1.66893e-06, -6.25849e-07, 1.78242e-06
0.258, -2.87891, -0.118957, -2.87891, -0.118956, -1.66893e-06, -7.52509e-07, 1.83074e-06
0.259, -2.87503, -0.115591, -2.87502, -0.11559, -1.43051e-06, -4.54485e-07, 1.50097e-06
0.26, -2.87115, -0.112238, -2.87114, -0.112238, -1.43051e-06, -4.24683e-07, 1.49222e-06
0.261, -2.86727, -0.1089, -2.86727, -0.108899, -1.66893e-06, -2.90573e-07, 1.69404e-06
0.262, -2.8634, -0.105574, -2.8634, -0.105574, -1.43051e-06, -2.75671e-07, 1.45683e-06
0.263, -2.85953, -0.102263, -2.85953, -0.102263, -1.43051e-06, 0, 1.43051e-06
0.264, -2.85566, -0.0989646, -2.85566, -0.0989643, -1.43051e-06, -2.83122e-07, 1.45826e-06
0.265, -2.8518, -0.09568, -2.8518, -0.0956796, -1.19209e-06, -3.8743e-07, 1.25347e-06
0.266, -2.84794, -0.0924089, -2.84794, -0.092409, -1.19209e-06, 6.70552e-08, 1.19398e-06
0.267, -2.84408, -0.0891514, -2.84408, -0.0891514, -9.53674e-07, 1.49012e-08, 9.53791e-07
0.268, -2.84023, -0.0859073, -2.84023, -0.0859071, -9.53674e-07, -1.63913e-07, 9.67658e-07
0.269, -2.83638, -0.0826766, -2.83637, -0.082677, -9.53674e-07, 3.8743e-07, 1.02937e-06
0.27, -2.83253, -0.0794594, -2.83253, -0.0794597, -9.53674e-07, 2.45869e-07, 9.84859e-07
0.271, -2.82868, -0.0762556, -2.82868, -0.0762557, -9.53674e-07, 3.72529e-08, 9.54402e-07
0.272, -2.82484, -0.0730653, -2.82484, -0.0730654, -7.15256e-07, 1.2666e-07, 7.26384e-07
0.273, -2.821, -0.0698883, -2.821, -0.0698881, -9.53674e-07, -1.78814e-07, 9.70293e-07
0.274, -2.81717, -0.0667247, -2.81717, -0.0667245, -9.53674e-07, -1.41561e-07, 9.64124e-07
0.275, -2.81334, -0.0635744, -2.81334, -0.0635743, -7.15256e-07, -1.04308e-07, 7.22822e-07
0.276, -2.80951, -0.0604375, -2.80951, -0.0604379, -4.76837e-07, 4.24683e-07, 6.38537e-07
0.277, -2.80568, -0.0573139, -2.80568, -0.0573143, -4.76837e-07, 3.91155e-07, 6.16747e-07
0.278, -2.80186, -0.0542036, -2.80186, -0.0542043, -4.76837e-07, 7.6741e-07, 9.03489e-07
0.279, -2.79804, -0.0511065, -2.79804, -0.051107, -2.38419e-07, 4.99189e-07, 5.53202e-07
0.28, -2.79422, -0.0480228, -2.79422, -0.0480235, -2.38419e-07, 6.78003e-07, 7.18701e-07
0.281, -2.79041, -0.0449523, -2.79041, -0.0449525, 0, 2.45869e-07, 2.45869e-07
0.282, -2.7866, -0.041895, -2.7866, -0.0418953, 0, 2.94298e-07, 2.94298e-07
0.283, -2.78279, -0.0388509, -2.78279, -0.0388511, -2.38419e-07, 2.45869e-07, 3.42484e-07
0.284, -2.77899, -0.03582, -2.77899, -0.0358212, 2.38419e-07, 1.18837e-06, 1.21205e-06
0.285, -2.77519, -0.0328023, -2.77519, -0.0328029, 0, 6.37025e-07, 6.37025e-07
0.286, -2.77139, -0.0297978, -2.77139, -0.0297982, 0, 3.98606e-07, 3.98606e-07
0.287, -2.76759, -0.0268063, -2.76759, -0.0268075, 2.38419e-07, 1.20513e-06, 1.22849e-06
0.288, -2.7638, -0.0238281, -2.7638, -0.0238292, 2.38419e-07, 1.16788e-06, 1.19197e-06
0.289, -2.76001, -0.0208629, -2.76001, -0.0208632, 2.38419e-07, 3.03611e-07, 3.86035e-07
0.29, -2.75623, -0.0179108, -2.75623, -0.017912, 4.76837e-07, 1.2517e-06, 1.33945e-06
0.291, -2.75244, -0.0149718, -2.75244, -0.0149729, 4.76837e-07, 1.16974e-06, 1.2632e-06
0.292, -2.74866, -0.0120458, -2.74866, -0.0120466, 4.76837e-07, 7.89762e-07, 9.22549e-07
0.293, -2.74489, -0.00913285, -2.74489, -0.00913405, 7.15256e-07, 1.20141e-06, 1.3982e-06
0.294, -2.74111, -0.00623294, -2.74111, -0.00623393, 7.15256e-07, 9.9279e-07, 1.22361e-06
0.295, -2.73734, -0.00334602, -2.73734, -0.00334716, 4.76837e-07, 1.13458e-06, 1.23071e-06
0.296, -2.73357, -0.000472094, -2.73358, -0.000473022, 7.15256e-07, 9.28529e-07, 1.17207e-06
0.297, -2.72981, 0.00238887, -2.72981, 0.00238764, 7.15256e-07, 1.22632e-06, 1.41967e-06
0.298, -2.72605, 0.00523688, -2.72605, 0.00523603, 4.76837e-07, 8.53091e-07, 9.77312e-07
0.299, -2.72229, 0.00807196, -2.72229, 0.00807071, 7.15256e-07, 1.25729e-06, 1.4465e-06
0.3, -2.71853, 0.0108941, -2.71853, 0.0108931, 7.15256e-07, 1.02445e-06, 1.24944e-06
0.301, -2.71478, 0.0137034, -2.71478, 0.0137025, 7.15256e-07, 8.88482e-07, 1.14061e-06
0.302, -2.71103, 0.0164998, -2.71103, 0.0164984, 9.53674e-07, 1.34297e-06, 1.64714e-06
0.303, -2.70729, 0.0192833, -2.70729, 0.0192823, 9.53674e-07, 9.74163e-07, 1.36326e-06
0.304, -2.70354, 0.022054, -2.70354, 0.0220529, 9.53674e-07, 1.11014e-06, 1.46352e-06
0.305, -2.6998, 0.0248118, -2.6998, 0.0248101, 1.19209e-06, 1.76951e-06, 2.1336e-06
0.306, -2.69606, 0.0275569, -2.69606, 0.0275557, 9.53674e-07, 1.17905e-06, 1.51646e-06
0.307, -2.69233, 0.0302891, -2.69233, 0.0302876, 9.53674e-07, 1.50315e-06, 1.78016e-06
0.308, -2.6886, 0.0330086, -2.6886, 0.0330069, 1.19209e-06, 1.68383e-06, 2.0631e-06
0.309, -2.68487, 0.0357153, -2.68487, 0.0357138, 1.19209e-06, 1.50502e-06, 1.91994e-06
0.31, -2.68114, 0.0384093, -2.68114, 0.0384079, 1.19209e-06, 1.33738e-06, 1.79155e-06
0.311, -2.67742, 0.0410905, -2.67742, 0.0410891, 1.43051e-06, 1.43424e-06, 2.02568e-06
0.312, -2.6737, 0.043759, -2.6737, 0.0437572, 1.43051e-06, 1.81794e-06, 2.31328e-06
0.313, -2.66998, 0.0464148, -2.66998, 0.0464131, 1.43051e-06, 1.78441e-06, 2.28703e-06
0.314, -2.66627, 0.049058, -2.66627, 0.0490563, 1.43051e-06, 1.71363e-06, 2.23224e-06
0.314999, -2.66256, 0.0516885, -2.66256, 0.0516869, 1.43051e-06, 1.6205e-06, 2.16157e-06
0.315999, -2.65885, 0.0543064, -2.65885, 0.0543047, 1.43051e-06, 1.63913e-06, 2.17557e-06
0.316999, -2.65515, 0.0569116, -2.65515, 0.0569098, 1.43051e-06, 1.78814e-06, 2.28994e-06
0.317999, -2.65144, 0.0595042, -2.65145, 0.0595026, 1.66893e-06, 1.6056e-06, 2.31588e-06
0.318999, -2.64774, 0.0620842, -2.64775, 0.0620824, 1.66893e-06, 1.82539e-06, 2.47333e-06
0.319999, -2.64405, 0.0646517, -2.64405, 0.0646499, 1.43051e-06, 1.75089e-06, 2.26097e-06
0.320999, -2.64035, 0.0672066, -2.64036, 0.0672045, 1.66893e-06, 2.10851e-06, 2.68908e-06
0.321999, -2.63666, 0.0697489, -2.63667, 0.0697471, 1.90735e-06, 1.84774e-06, 2.65559e-06
0.322999, -2.63298, 0.0722788, -2.63298, 0.0722769, 1.66893e-06, 1.81794e-06, 2.46784e-06
0.323999, -2.62929, 0.0747961, -2.62929, 0.0747944, 1.43051e-06, 1.67638e-06, 2.20377e-06
0.324999, -2.62561, 0.0773009, -2.62561, 0.0772985, 1.90735e-06, 2.39909e-06, 3.0649e-06
0.325999, -2.62193, 0.0797933, -2.62193, 0.0797914, 1.90735e-06, 1.84774e-06, 2.65559e-06
0.326999, -2.61826, 0.0822732, -2.61826, 0.0822713, 1.90735e-06, 1.83284e-06, 2.64524e-06
0.327999, -2.61458, 0.0847406, -2.61459, 0.0847383, 2.14577e-06, 2.36928e-06, 3.19653e-06
0.328999, -2.61091, 0.0871957, -2.61092, 0.0871936, 1.90735e-06, 2.04891e-06, 2.79929e-06
0.329999, -2.60725, 0.0896383, -2.60725, 0.0896366, 1.66893e-06, 1.71363e-06, 2.39204e-06
0.330999, -2.60358, 0.0920685, -2.60358, 0.092066, 1.90735e-06, 2.45869e-06, 3.11177e-06
0.331999, -2.59992, 0.0944864, -2.59992, 0.094484, 2.14577e-06, 2.39164e-06, 3.21314e-06
0.332999, -2.59626, 0.0968919, -2.59626, 0.0968896, 1.90735e-06, 2.24262e-06, 2.94404e-06
0.333999, -2.59261, 0.099285, -2.59261, 0.099283, 2.14577e-06, 2.03401e-06, 2.9566e-06
0.334999, -2.58895, 0.101666, -2.58896, 0.101663, 2.38419e-06, 2.48849e-06, 3.44629e-06
0.335999, -2.5853, 0.104034, -2.58531, 0.104033, 2.14577e-06, 1.84029e-06, 2.82684e-06
0.336999, -2.58166, 0.106391, -2.58166, 0.106388, 2.38419e-06, 2.36928e-06, 3.36123e-06
0.337999, -2.57801, 0.108735, -2.57801, 0.108732, 2.6226e-06, 2.65986e-06, 3.73536e-06
0.338999, -2.57437, 0.111066, -2.57437, 0.111064, 2.6226e-06, 2.25753e-06, 3.46042e-06
0.339999, -2.57073, 0.113386, -2.57073, 0.113383, 2.6226e-06, 2.24262e-06, 3.45071e-06
0.340999, -2.5671, 0.115693, -2.5671, 0.11569, 2.86102e-06, 2.63751e-06, 3.89126e-06
0.341999, -2.56346, 0.117988, -2.56347, 0.117985, 2.6226e-06, 2.38419e-06, 3.54435e-06
0.342999, -2.55983, 0.120271, -2.55984, 0.120268, 2.86102e-06, 2.57045e-06, 3.84612e-06
0.343999, -2.55621, 0.122541, -2.55621, 0.122539, 3.09944e-06, 2.6226e-06, 4.06012e-06
0.344999, -2.55258, 0.1248, -2.55259, 0.124797, 2.86102e-06, 2.5481e-06, 3.83122e-06
0.345999, -2.54896, 0.127046, -2.54896, 0.127044, 3.09944e-06, 2.36928e-06, 3.90129e-06
0.346999, -2.54534, 0.12928, -2.54535, 0.129278, 2.86102e-06, 2.45869e-06, 3.77235e-06
0.347999, -2.54173, 0.131502, -2.54173, 0.1315, 2.86102e-06, 2.11596e-06, 3.55848e-06
0.348999, -2.53811, 0.133712, -2.53812, 0.13371, 3.09944e-06, 2.66731e-06, 4.08914e-06
0.349999, -2.5345, 0.13591, -2.53451, 0.135908, 3.09944e-06, 2.69711e-06, 4.10864e-06
0.350999, -2.5309, 0.138096, -2.5309, 0.138094, 2.86102e-06, 2.35438e-06, 3.70521e-06
0.351999, -2.52729, 0.14027, -2.5273, 0.140267, 3.09944e-06, 2.71201e-06, 4.11844e-06
0.352999, -2.52369, 0.142432, -2.52369, 0.142429, 3.09944e-06, 2.35438e-06, 3.89226e-06
0.353999, -2.52009, 0.144581, -2.52009, 0.144579, 3.33786e-06, 2.74181e-06, 4.31959e-06
0.354999, -2.5165, 0.146719, -2.5165, 0.146717, 3.09944e-06, 2.44379e-06, 3.94698e-06
0.355999, -2.5129, 0.148845, -2.51291, 0.148842, 3.33786e-06, 2.80142e-06, 4.35767e-06
0.356999, -2.50931, 0.150959, -2.50932, 0.150957, 3.33786e-06, 2.04146e-06, 3.91265e-06
0.357999, -2.50572, 0.15306, -2.50573, 0.153057, 3.33786e-06, 3.15905e-06, 4.59575e-06
0.358999, -2.50214, 0.15515, -2.50214, 0.155148, 3.33786e-06, 2.5928e-06, 4.22657e-06
0.359999, -2.49856, 0.157228, -2.49856, 0.157226, 3.09944e-06, 2.48849e-06, 3.97481e-06
0.360999, -2.49498, 0.159294, -2.49498, 0.159291, 3.33786e-06, 2.87592e-06, 4.40593e-06
0.361999, -2.4914, 0.161348, -2.4914, 0.161346, 3.33786e-06, 2.35438e-06, 4.08466e-06
0.362999, -2.48783, 0.163391, -2.48783, 0.163388, 3.33786e-06, 2.5928e-06, 4.22657e-06
0.363999, -2.48426, 0.165421, -2.48426, 0.165419, 3.33786e-06, 2.5332e-06, 4.19027e-06
0.364999, -2.48069, 0.16744, -2.48069, 0.167437, 3.57628e-06, 2.66731e-06, 4.46142e-06
0.365999, -2.47712, 0.169446, -2.47713, 0.169444, 3.33786e-06, 2.29478e-06, 4.0506e-06
0.366999, -2.47356, 0.171441, -2.47356, 0.171439, 3.8147e-06, 2.5183e-06, 4.57097e-06
0.367999, -2.47, 0.173425, -2.47, 0.173422, 3.8147e-06, 2.6226e-06, 4.62925e-06
0.368999, -2.46644, 0.175396, -2.46645, 0.175393, 3.8147e-06, 2.63751e-06, 4.63771e-06
0.369999, -2.46289, 0.177356, -2.46289, 0.177352, 3.8147e-06, 3.15905e-06, 4.95293e-06
0.370999, -2.45933, 0.179303, -2.45934, 0.179301, 3.8147e-06, 2.42889e-06, 4.52232e-06
0.371999, -2.45579, 0.18124, -2.45579, 0.181237, 3.8147e-06, 2.71201e-06, 4.68048e-06
0.372999, -2.45224, 0.183164, -2.45224, 0.183161, 4.05312e-06, 2.6077e-06, 4.81953e-06
0.373999, -2.4487, 0.185077, -2.4487, 0.185074, 4.05312e-06, 2.48849e-06, 4.75609e-06
0.374999, -2.44515, 0.186978, -2.44516, 0.186975, 4.29153e-06, 2.36928e-06, 4.90212e-06
0.375999, -2.44162, 0.188867, -2.44162, 0.188864, 4.29153e-06, 2.96533e-06, 5.21636e-06
0.376999, -2.43808, 0.190745, -2.43809, 0.190741, 4.29153e-06, 3.47197e-06, 5.52013e-06
0.377999, -2.43455, 0.192611, -2.43455, 0.192608, 4.52995e-06, 2.83122e-06, 5.34194e-06
0.378999, -2.43102, 0.194465, -2.43102, 0.194462, 4.29153e-06, 2.96533e-06, 5.21636e-06
0.379999, -2.42749, 0.196308, -2.4275, 0.196305, 4.29153e-06, 3.17395e-06, 5.33772e-06
0.380999, -2.42397, 0.198139, -2.42397, 0.198137, 4.29153e-06, 2.75671e-06, 5.10066e-06
0.381999, -2.42044, 0.199959, -2.42045, 0.199956, 4.52995e-06, 3.15905e-06, 5.52268e-06
0.382999, -2.41692, 0.201767, -2.41693, 0.201764, 4.52995e-06, 2.96533e-06, 5.41421e-06
0.383999, -2.41341, 0.203564, -2.41341, 0.20356, 4.52995e-06, 3.14415e-06, 5.51417e-06
0.384999, -2.40989, 0.205349, -2.4099, 0.205346, 4.52995e-06, 3.01003e-06, 5.43882e-06
0.385999, -2.40638, 0.207122, -2.40639, 0.207119, 4.52995e-06, 3.03984e-06, 5.45537e-06
0.386999, -2.40287, 0.208884, -2.40288, 0.208881, 4.52995e-06, 3.24845e-06, 5.57431e-06
0.387999, -2.39937, 0.210635, -2.39937, 0.210632, 4.52995e-06, 2.93553e-06, 5.39794e-06
0.388999, -2.39587, 0.212374, -2.39587, 0.212371, 5.00679e-06, 3.20375e-06, 5.94407e-06
0.389999, -2.39236, 0.214101, -2.39237, 0.214099, 4.52995e-06, 2.6226e-06, 5.23436e-06
0.390999, -2.38887, 0.215817, -2.38887, 0.215815, 4.76837e-06, 2.87592e-06, 5.56851e-06
0.391998, -2.38537, 0.217522, -2.38538, 0.217519, 4.76837e-06, 2.92063e-06, 5.59173e-06
0.392998, -2.38188, 0.219216, -2.38188, 0.219213, 5.00679e-06, 2.87592e-06, 5.77398e-06
0.393998, -2.37839, 0.220897, -2.37839, 0.220894, 5.00679e-06, 3.11434e-06, 5.89636e-06
0.394998, -2.3749, 0.222568, -2.37491, 0.222565, 5.24521e-06, 3.30806e-06, 6.20125e-06
0.395998, -2.37142, 0.224227, -2.37142, 0.224224, 5.00679e-06, 2.74181e-06, 5.70837e-06
0.396998, -2.36794, 0.225875, -2.36794, 0.225872, 5.00679e-06, 2.87592e-06, 5.77398e-06
0.397998, -2.36446, 0.227512, -2.36446, 0.227508, 5.00679e-06, 3.59118e-06, 6.16154e-06
0.398998, -2.36098, 0.229137, -2.36098, 0.229134, 5.00679e-06, 2.77162e-06, 5.72274e-06
0.399998, -2.35751, 0.230751, -2.35751, 0.230747, 5.00679e-06, 3.39746e-06, 6.05068e-06
0.400998, -2.35403, 0.232353, -2.35404, 0.23235, 5.00679e-06, 3.35276e-06, 6.02569e-06
0.401998, -2.35057, 0.233945, -2.35057, 0.233942, 5.00679e-06, 2.99513e-06, 5.83428e-06
0.402998, -2.3471, 0.235525, -2.3471, 0.235521, 5.00679e-06, 3.42727e-06, 6.06746e-06
0.403998, -2.34364, 0.237093, -2.34364, 0.23709, 5.00679e-06, 3.21865e-06, 5.95211e-06
0.404998, -2.34017, 0.238651, -2.34018, 0.238648, 5.00679e-06, 2.99513e-06, 5.83428e-06
0.405998, -2.33672, 0.240197, -2.33672, 0.240195, 5.00679e-06, 2.75671e-06, 5.71554e-06
0.406998, -2.33326, 0.241733, -2.33327, 0.241729, 5.00679e-06, 3.24845e-06, 5.96828e-06
0.407998, -2.32981, 0.243257, -2.32981, 0.243254, 4.76837e-06, 3.03984e-06, 5.65491e-06
0.408998, -2.32636, 0.244769, -2.32636, 0.244767, 4.76837e-06, 2.87592e-06, 5.56851e-06
0.409998, -2.32291, 0.246271, -2.32291, 0.246268, 5.00679e-06, 3.59118e-06, 6.16154e-06
0.410998, -2.31946, 0.247762, -2.31947, 0.247759, 5.24521e-06, 3.06964e-06, 6.07741e-06
0.411998, -2.31602, 0.249241, -2.31603, 0.249238, 5.24521e-06, 3.33786e-06, 6.2172e-06
0.412998, -2.31258, 0.250709, -2.31259, 0.250706, 5.24521e-06, 3.33786e-06, 6.2172e-06
0.413998, -2.30914, 0.252167, -2.30915, 0.252164, 5.24521e-06, 3.09944e-06, 6.09252e-06
0.414998, -2.30571, 0.253613, -2.30571, 0.25361, 5.24521e-06, 2.98023e-06, 6.03274e-06
0.415998, -2.30228, 0.255048, -2.30228, 0.255045, 5.24521e-06, 3.01003e-06, 6.04752e-06
0.416998, -2.29885, 0.256472, -2.29885, 0.256469, 5.24521e-06, 2.5928e-06, 5.85105e-06
0.417998, -2.29542, 0.257885, -2.29542, 0.257882, 5.48363e-06, 2.83122e-06, 6.17138e-06
0.418998, -2.29199, 0.259287, -2.292, 0.259284, 5.48363e-06, 3.24845e-06, 6.37359e-06
0.419998, -2.28857, 0.260678, -2.28858, 0.260675, 5.48363e-06, 3.15905e-06, 6.32849e-06
0.420998, -2.28515, 0.262058, -2.28516, 0.262055, 5.48363e-06, 2.92063e-06, 6.21291e-06
0.421998, -2.28174, 0.263427, -2.28174, 0.263423, 5.72205e-06, 3.27826e-06, 6.5946e-06
0.422998, -2.27832, 0.264785, -2.27833, 0.264782, 5.72205e-06, 3.15905e-06, 6.53616e-06
0.423998, -2.27491, 0.266132, -2.27492, 0.266128, 5.72205e-06, 3.42727e-06, 6.66993e-06
0.424998, -2.2715, 0.267468, -2.27151, 0.267465, 5.72205e-06, 3.36766e-06, 6.6395e-06
0.425998, -2.26809, 0.268793, -2.2681, 0.26879, 5.48363e-06, 2.89083e-06, 6.19895e-06
0.426998, -2.26469, 0.270108, -2.2647, 0.270105, 5.72205e-06, 3.06964e-06, 6.49342e-06
0.427998, -2.26129, 0.271411, -2.26129, 0.271408, 5.96046e-06, 3.21865e-06, 6.77398e-06
0.428998, -2.25789, 0.272704, -2.25789, 0.2727, 5.72205e-06, 3.33786e-06, 6.62443e-06
0.429998, -2.25449, 0.273985, -2.2545, 0.273982, 5.96046e-06, 3.06964e-06, 6.70446e-06
0.430998, -2.2511, 0.275256, -2.2511, 0.275253, 5.96046e-06, 2.92063e-06, 6.63756e-06
0.431998, -2.24771, 0.276516, -2.24771, 0.276513, 5.96046e-06, 2.92063e-06, 6.63756e-06
0.432998, -2.24432, 0.277765, -2.24432, 0.277762, 5.96046e-06, 3.30806e-06, 6.81692e-06
0.433998, -2.24093, 0.279004, -2.24094, 0.279001, 5.96046e-06, 3.03984e-06, 6.69087e-06
0.434998, -2.23755, 0.280232, -2.23755, 0.280228, 6.19888e-06, 3.18885e-06, 6.971e-06
0.435998, -2.23417, 0.281448, -2.23417, 0.281445, 6.19888e-06, 3.39746e-06, 7.06887e-06
0.436998, -2.23079, 0.282655, -2.23079, 0.282652, 6.19888e-06, 2.98023e-06, 6.87808e-06
0.437998, -2.22741, 0.28385, -2.22742, 0.283847, 5.96046e-06, 2.68221e-06, 6.53616e-06
0.438998, -2.22404, 0.285035, -2.22404, 0.285031, 6.4373e-06, 3.21865e-06, 7.19712e-06
0.439998, -2.22066, 0.286208, -2.22067, 0.286205, 6.19888e-06, 3.03984e-06, 6.90411e-06
0.440998, -2.21729, 0.287372, -2.2173, 0.287369, 6.4373e-06, 2.89083e-06, 7.05661e-06
0.441998, -2.21393, 0.288524, -2.21393, 0.288521, 6.4373e-06, 3.12924e-06, 7.15758e-06
0.442998, -2.21056, 0.289666, -2.21057, 0.289663, 6.4373e-06, 3.06964e-06, 7.13173e-06
0.443998, -2.2072, 0.290797, -2.20721, 0.290794, 6.4373e-06, 3.09944e-06, 7.14461e-06
0.444998, -2.20384, 0.291918, -2.20385, 0.291915, 6.4373e-06, 2.83122e-06, 7.0324e-06
0.445998, -2.20049, 0.293028, -2.20049, 0.293025, 6.67572e-06, 3.03984e-06, 7.33525e-06
0.446998, -2.19713, 0.294127, -2.19714, 0.294124, 6.67572e-06, 3.01003e-06, 7.32295e-06
0.447998, -2.19378, 0.295216, -2.19379, 0.295213, 6.67572e-06, 2.74181e-06, 7.21684e-06
0.448998, -2.19043, 0.296294, -2.19044, 0.296291, 6.67572e-06, 2.98023e-06, 7.31075e-06
0.449998, -2.18709, 0.297361, -2.18709, 0.297359, 6.67572e-06, 2.65241e-06, 7.18335e-06
0.450998, -2.18374, 0.298418, -2.18375, 0.298415, 6.67572e-06, 3.18885e-06, 7.39824e-06
0.451998, -2.1804, 0.299465, -2.18041, 0.299462, 6.91414e-06, 2.86102e-06, 7.4827e-06
0.452998, -2.17706, 0.300501, -2.17707, 0.300498, 6.91414e-06, 2.71201e-06, 7.427e-06
0.453998, -2.17372, 0.301526, -2.17373, 0.301523, 6.91414e-06, 3.12924e-06, 7.5893e-06
0.454998, -2.17039, 0.302541, -2.1704, 0.302538, 6.91414e-06, 3.06964e-06, 7.56492e-06
0.455998, -2.16706, 0.303545, -2.16706, 0.303543, 6.91414e-06, 2.5332e-06, 7.36359e-06
0.456998, -2.16373, 0.304539, -2.16373, 0.304536, 6.91414e-06, 2.95043e-06, 7.51734e-06
0.457998, -2.1604, 0.305523, -2.16041, 0.305519, 7.15256e-06, 3.27826e-06, 7.86804e-06
0.458998, -2.15708, 0.306496, -2.15708, 0.306493, 7.15256e-06, 2.47359e-06, 7.56821e-06
0.459998, -2.15375, 0.307458, -2.15376, 0.307456, 7.15256e-06, 2.68221e-06, 7.63893e-06
0.460998, -2.15043, 0.30841, -2.15044, 0.308407, 7.15256e-06, 3.54648e-06, 7.98352e-06
0.461998, -2.14712, 0.309352, -2.14712, 0.30935, 7.15256e-06, 2.23517e-06, 7.49367e-06
0.462998, -2.1438, 0.310284, -2.14381, 0.310281, 7.15256e-06, 3.03984e-06, 7.77172e-06
0.463998, -2.14049, 0.311205, -2.1405, 0.311202, 7.15256e-06, 2.77162e-06, 7.67078e-06
0.464998, -2.13718, 0.312115, -2.13719, 0.312112, 7.39098e-06, 3.21865e-06, 8.0614e-06
0.465998, -2.13387, 0.313015, -2.13388, 0.313013, 7.15256e-06, 2.6226e-06, 7.61821e-06
0.466998, -2.13056, 0.313905, -2.13057, 0.313903, 7.62939e-06, 2.77162e-06, 8.11724e-06
0.467998, -2.12726, 0.314785, -2.12727, 0.314782, 7.62939e-06, 2.6226e-06, 8.06757e-06
0.468998, -2.12396, 0.315654, -2.12397, 0.315652, 7.62939e-06, 2.5332e-06, 8.03895e-06
0.469997, -2.12066, 0.316513, -2.12067, 0.31651, 7.62939e-06, 3.21865e-06, 8.28054e-06
0.470997, -2.11737, 0.317362, -2.11737, 0.317359, 7.39098e-06, 2.92063e-06, 7.94711e-06
0.471997, -2.11407, 0.3182, -2.11408, 0.318198, 7.39098e-06, 2.74181e-06, 7.88315e-06
0.472997, -2.11078, 0.319029, -2.11079, 0.319026, 7.39098e-06, 3.03984e-06, 7.99169e-06
0.473997, -2.10749, 0.319847, -2.1075, 0.319844, 7.39098e-06, 2.38419e-06, 7.76601e-06
0.474997, -2.10421, 0.320654, -2.10422, 0.320652, 7.39098e-06, 2.5928e-06, 7.83257e-06
0.475997, -2.10092, 0.321452, -2.10093, 0.32145, 7.15256e-06, 2.23517e-06, 7.49367e-06
0.476997, -2.09764, 0.322239, -2.09765, 0.322236, 7.39098e-06, 2.77162e-06, 7.89357e-06
0.477997, -2.09436, 0.323016, -2.09437, 0.323014, 7.15256e-06, 2.41399e-06, 7.54893e-06
0.478997, -2.09109, 0.323783, -2.0911, 0.32378, 7.39098e-06, 3.33786e-06, 8.10974e-06
0.479997, -2.08781, 0.32454, -2.08782, 0.324538, 7.15256e-06, 2.32458e-06, 7.52082e-06
0.480997, -2.08454, 0.325287, -2.08455, 0.325284, 7.15256e-06, 2.5928e-06, 7.608e-06
0.481997, -2.08127, 0.326023, -2.08128, 0.326021, 7.39098e-06, 2.38419e-06, 7.76601e-06
0.482997, -2.078, 0.32675, -2.07801, 0.326748, 7.39098e-06, 2.08616e-06, 7.67975e-06
0.483997, -2.07474, 0.327466, -2.07475, 0.327464, 7.62939e-06, 2.41399e-06, 8.00219e-06
0.484997, -2.07148, 0.328172, -2.07149, 0.328169, 7.62939e-06, 3.01003e-06, 8.2017e-06
0.485997, -2.06822, 0.328868, -2.06822, 0.328866, 7.39098e-06, 2.47359e-06, 7.79392e-06
0.486997, -2.06496, 0.329554, -2.06497, 0.329552, 7.62939e-06, 2.5928e-06, 8.05793e-06
0.487997, -2.0617, 0.33023, -2.06171, 0.330228, 7.62939e-06, 2.32458e-06, 7.97567e-06
0.488997, -2.05845, 0.330896, -2.05846, 0.330894, 7.62939e-06, 2.74181e-06, 8.10711e-06
0.489997, -2.0552, 0.331552, -2.05521, 0.33155, 7.86781e-06, 2.44379e-06, 8.2386e-06
0.490997, -2.05195, 0.332198, -2.05196, 0.332196, 7.62939e-06, 2.5034e-06, 8.02961e-06
0.491997, -2.04871, 0.332834, -2.04871, 0.332832, 7.62939e-06, 2.563e-06, 8.04839e-06
0.492997, -2.04546, 0.33346, -2.04547, 0.333457, 7.86781e-06, 2.65241e-06, 8.30288e-06
0.493997, -2.04222, 0.334076, -2.04223, 0.334074, 7.86781e-06, 2.44379e-06, 8.2386e-06
0.494997, -2.03898, 0.334682, -2.03899, 0.33468, 7.86781e-06, 1.93715e-06, 8.10278e-06
0.495997, -2.03574, 0.335278, -2.03575, 0.335276, 7.86781e-06, 2.563e-06, 8.27475e-06
0.496997, -2.03251, 0.335864, -2.03252, 0.335862, 8.10623e-06, 2.20537e-06, 8.40087e-06
0.497997, -2.02928, 0.33644, -2.02928, 0.336438, 7.86781e-06, 2.29478e-06, 8.19564e-06
0.498997, -2.02605, 0.337007, -2.02606, 0.337004, 7.86781e-06, 2.5034e-06, 8.25648e-06
0.499997, -2.02282, 0.337563, -2.02283, 0.33756, 8.10623e-06, 2.83122e-06, 8.58643e-06
0.500997, -2.01959, 0.33811, -2.0196, 0.338108, 8.10623e-06, 2.20537e-06, 8.40087e-06
0.501997, -2.01637, 0.338646, -2.01638, 0.338644, 7.86781e-06, 2.44379e-06, 8.2386e-06
0.502997, -2.01315, 0.339173, -2.01316, 0.339172, 8.10623e-06, 1.78814e-06, 8.30111e-06
0.503997, -2.00993, 0.33969, -2.00994, 0.339688, 8.10623e-06, 1.99676e-06, 8.34853e-06
0.504997, -2.00672, 0.340197, -2.00672, 0.340195, 8.34465e-06, 2.41399e-06, 8.6868e-06
0.505997, -2.0035, 0.340695, -2.00351, 0.340693, 8.10623e-06, 1.93715e-06, 8.33448e-06
0.506997, -2.00029, 0.341182, -2.0003, 0.34118, 8.10623e-06, 2.05636e-06, 8.36299e-06
0.507997, -1.99708, 0.34166, -1.99709, 0.341658, 8.10623e-06, 1.66893e-06, 8.27625e-06
0.508997, -1.99387, 0.342128, -1.99388, 0.342126, 8.34465e-06, 1.87755e-06, 8.55327e-06
0.509997, -1.99067, 0.342586, -1.99068, 0.342584, 8.22544e-06, 1.99676e-06, 8.46433e-06
0.510997, -1.98747, 0.343035, -1.98748, 0.343033, 8.22544e-06, 2.02656e-06, 8.47141e-06
0.511997, -1.98427, 0.343474, -1.98428, 0.343471, 8.34465e-06, 2.32458e-06, 8.66238e-06
0.512997, -1.98107, 0.343903, -1.98108, 0.3439, 8.34465e-06, 2.20537e-06, 8.63116e-06
0.513997, -1.97787, 0.344322, -1.97788, 0.34432, 8.22544e-06, 2.02656e-06, 8.47141e-06
0.514997, -1.97468, 0.344732, -1.97469, 0.344729, 8.22544e-06, 2.17557e-06, 8.50829e-06
0.515997, -1.97149, 0.345132, -1.9715, 0.345129, 8.34465e-06, 2.29478e-06, 8.65443e-06
0.516997, -1.9683, 0.345522, -1.96831, 0.34552, 8.22544e-06, 1.66893e-06, 8.39305e-06
0.517997, -1.96511, 0.345902, -1.96512, 0.345901, 8.46386e-06, 1.75834e-06, 8.64457e-06
0.518997, -1.96193, 0.346273, -1.96194, 0.346272, 8.58307e-06, 1.87755e-06, 8.78603e-06
0.519997, -1.95875, 0.346635, -1.95876, 0.346633, 8.58307e-06, 1.66893e-06, 8.74382e-06
0.520997, -1.95557, 0.346986, -1.95557, 0.346985, 8.46386e-06, 1.49012e-06, 8.59403e-06
0.521997, -1.95239, 0.347329, -1.9524, 0.347327, 8.22544e-06, 1.69873e-06, 8.39902e-06
0.522997, -1.94921, 0.347661, -1.94922, 0.34766, 8.46386e-06, 1.2815e-06, 8.56033e-06
0.523997, -1.94604, 0.347984, -1.94605, 0.347983, 8.34465e-06, 1.2815e-06, 8.44248e-06
0.524997, -1.94287, 0.348297, -1.94288, 0.348295, 8.58307e-06, 2.08616e-06, 8.83296e-06
0.525997, -1.9397, 0.348601, -1.93971, 0.348599, 8.82149e-06, 1.90735e-06, 9.02533e-06
0.526997, -1.93653, 0.348895, -1.93654, 0.348894, 8.9407e-06, 1.84774e-06, 9.12963e-06
0.527997, -1.93337, 0.34918, -1.93338, 0.349179, 8.70228e-06, 1.57952e-06, 8.84446e-06
0.528997, -1.93021, 0.349455, -1.93022, 0.349454, 8.9407e-06, 1.78814e-06, 9.11776e-06
0.529997, -1.92705, 0.349721, -1.92706, 0.349719, 8.82149e-06, 1.78814e-06, 9.00089e-06
0.530997, -1.92389, 0.349977, -1.9239, 0.349976, 8.70228e-06, 1.2517e-06, 8.79184e-06
0.531997, -1.92073, 0.350224, -1.92074, 0.350223, 8.9407e-06, 1.60933e-06, 9.08438e-06
0.532997, -1.91758, 0.350461, -1.91759, 0.35046, 8.82149e-06, 1.43051e-06, 8.93672e-06
0.533997, -1.91443, 0.350689, -1.91444, 0.350688, 8.9407e-06, 1.10269e-06, 9.00844e-06
0.534997, -1.91128, 0.350908, -1.91129, 0.350907, 8.82149e-06, 9.83477e-07, 8.87614e-06
0.535997, -1.90813, 0.351117, -1.90814, 0.351116, 9.05991e-06, 1.10269e-06, 9.12676e-06
0.536997, -1.90499, 0.351316, -1.905, 0.351314, 9.29832e-06, 1.81794e-06, 9.47437e-06
0.537997, -1.90185, 0.351506, -1.90186, 0.351505, 9.17912e-06, 9.83477e-07, 9.23165e-06
0.538997, -1.89871, 0.351687, -1.89872, 0.351686, 9.29832e-06, 1.13249e-06, 9.36704e-06
0.539997, -1.89557, 0.351859, -1.89558, 0.351857, 9.41753e-06, 1.57952e-06, 9.54908e-06
0.540997, -1.89243, 0.352021, -1.89244, 0.352019, 9.41753e-06, 1.2219e-06, 9.49647e-06
0.541997, -1.8893, 0.352173, -1.88931, 0.352172, 9.41753e-06, 1.16229e-06, 9.48899e-06
0.542997, -1.88617, 0.352316, -1.88618, 0.352315, 9.41753e-06, 1.07288e-06, 9.47845e-06
0.543997, -1.88304, 0.35245, -1.88305, 0.35245, 9.41753e-06, 9.53674e-07, 9.4657e-06
0.544997, -1.87991, 0.352575, -1.87992, 0.352574, 9.53674e-06, 8.04663e-07, 9.57063e-06
0.545997, -1.87679, 0.352691, -1.8768, 0.352689, 9.41753e-06, 1.72853e-06, 9.57485e-06
0.546997, -1.87367, 0.352797, -1.87367, 0.352796, 9.29832e-06, 5.36442e-07, 9.31379e-06
0.547997, -1.87054, 0.352893, -1.87055, 0.352892, 9.65595e-06, 1.13249e-06, 9.72214e-06
0.548997, -1.86743, 0.352981, -1.86744, 0.35298, 9.53674e-06, 6.85453e-07, 9.56134e-06
0.549996, -1.86431, 0.353059, -1.86432, 0.353058, 9.65595e-06, 1.01328e-06, 9.70897e-06
0.550996, -1.8612, 0.353128, -1.86121, 0.353127, 9.77516e-06, 1.40071e-06, 9.87501e-06
0.551996, -1.85808, 0.353188, -1.85809, 0.353187, 9.89437e-06, 7.7486e-07, 9.92467e-06
0.552996, -1.85497, 0.353239, -1.85498, 0.353238, 1.00136e-05, 9.53674e-07, 1.00589e-05
0.553996, -1.85187, 0.35328, -1.85188, 0.353279, 9.89437e-06, 1.2219e-06, 9.96953e-06
0.554996, -1.84876, 0.353312, -1.84877, 0.353311, 1.0252e-05, 8.64267e-07, 1.02884e-05
0.555996, -1.84566, 0.353335, -1.84567, 0.353335, 1.01328e-05, 6.25849e-07, 1.01521e-05
0.556996, -1.84256, 0.353349, -1.84257, 0.353349, 1.0252e-05, 5.36442e-07, 1.0266e-05
0.557996, -1.83946, 0.353354, -1.83947, 0.353353, 1.03712e-05, 1.3113e-06, 1.04538e-05
0.558996, -1.83636, 0.353349, -1.83637, 0.353349, 1.0252e-05, 4.47035e-07, 1.02617e-05
0.559996, -1.83327, 0.353336, -1.83328, 0.353335, 1.03712e-05, 1.16229e-06, 1.04361e-05
0.560996, -1.83017, 0.353313, -1.83018, 0.353313, 1.0252e-05, 2.68221e-07, 1.02555e-05
0.561996, -1.82708, 0.353281, -1.82709, 0.353281, 1.03712e-05, 6.55651e-07, 1.03919e-05
0.562996, -1.82399, 0.35324, -1.824, 0.35324, 1.03712e-05, 5.36442e-07, 1.03851e-05
0.563996, -1.82091, 0.35319, -1.82092, 0.35319, 1.03712e-05, 6.25849e-07, 1.03901e-05
0.564996, -1.81782, 0.353131, -1.81783, 0.353131, 1.03712e-05, 2.08616e-07, 1.03733e-05
0.565996, -1.81474, 0.353063, -1.81475, 0.353063, 1.03712e-05, 4.17233e-07, 1.03796e-05
0.566996, -1.81166, 0.352986, -1.81167, 0.352985, 1.04904e-05, 8.64267e-07, 1.0526e-05
0.567996, -1.80858, 0.3529, -1.80859, 0.352899, 1.03712e-05, 5.06639e-07, 1.03836e-05
0.568996, -1.80551, 0.352805, -1.80552, 0.352805, 1.06096e-05, -2.98023e-07, 1.06138e-05
0.569996, -1.80243, 0.352701, -1.80244, 0.352701, 1.03712e-05, -8.9407e-08, 1.03716e-05
0.570996, -1.79936, 0.352587, -1.79937, 0.352587, 1.06096e-05, 4.17233e-07, 1.06178e-05
0.571996, -1.79629, 0.352465, -1.7963, 0.352465, 1.07288e-05, 5.06639e-07, 1.07408e-05
0.572996, -1.79323, 0.352334, -1.79324, 0.352334, 1.06096e-05, 2.08616e-07, 1.06117e-05
0.573996, -1.79016, 0.352194, -1.79017, 0.352193, 1.0848e-05, 2.38419e-07, 1.08507e-05
0.574996, -1.7871, 0.352045, -1.78711, 0.352044, 1.0848e-05, 2.68221e-07, 1.08514e-05
0.575996, -1.78404, 0.351887, -1.78405, 0.351887, 1.07288e-05, -5.96046e-08, 1.0729e-05
0.576996, -1.78098, 0.35172, -1.78099, 0.35172, 1.06096e-05, 0, 1.06096e-05
0.577996, -1.77792, 0.351544, -1.77793, 0.351543, 1.10865e-05, 4.17233e-07, 1.10943e-05
0.578996, -1.77487, 0.351359, -1.77488, 0.351359, 1.0848e-05, -1.78814e-07, 1.08495e-05
0.579996, -1.77181, 0.351165, -1.77182, 0.351166, 1.07288e-05, -3.8743e-07, 1.07358e-05
0.580996, -1.76876, 0.350963, -1.76877, 0.350963, 1.09673e-05, -1.78814e-07, 1.09687e-05
0.581996, -1.76571, 0.350751, -1.76572, 0.350751, 1.09673e-05, 1.19209e-07, 1.09679e-05
0.582996, -1.76267, 0.350531, -1.76268, 0.350531, 1.0848e-05, 1.49012e-07, 1.08491e-05
0.583996, -1.75962, 0.350302, -1.75963, 0.350303, 1.0848e-05, -8.04663e-07, 1.08778e-05
0.584996, -1.75658, 0.350064, -1.75659, 0.350064, 1.12057e-05, 1.49012e-07, 1.12067e-05
0.585996, -1.75354, 0.349817, -1.75355, 0.349818, 1.10865e-05, -5.66244e-07, 1.11009e-05
0.586996, -1.7505, 0.349562, -1.75051, 0.349562, 1.10865e-05, -4.47035e-07, 1.10955e-05
0.587996, -1.74746, 0.349297, -1.74747, 0.349298, 1.12057e-05, -5.36442e-07, 1.12185e-05
0.588996, -1.74443, 0.349024, -1.74444, 0.349024, 1.12057e-05, -1.19209e-07, 1.12063e-05
0.589996, -1.7414, 0.348742, -1.74141, 0.348743, 1.10865e-05, -9.53674e-07, 1.11274e-05
0.590996, -1.73837, 0.348451, -1.73838, 0.348452, 1.14441e-05, -1.78814e-07, 1.14455e-05
0.591996, -1.73534, 0.348152, -1.73535, 0.348152, 1.12057e-05, 5.96046e-08, 1.12058e-05
0.592996, -1.73231, 0.347844, -1.73232, 0.347845, 1.10865e-05, -9.23872e-07, 1.11249e-05
0.593996, -1.72929, 0.347527, -1.7293, 0.347528, 1.10865e-05, -9.83477e-07, 1.113e-05
0.594996, -1.72627, 0.347201, -1.72628, 0.347202, 1.12057e-05, -8.04663e-07, 1.12345e-05
0.595996, -1.72325, 0.346867, -1.72326, 0.346867, 1.14441e-05, -3.8743e-07, 1.14506e-05
0.596996, -1.72023, 0.346524, -1.72024, 0.346524, 1.15633e-05, -4.47035e-07, 1.15719e-05
0.597996, -1.71721, 0.346172, -1.71722, 0.346173, 1.13249e-05, -9.53674e-07, 1.1365e-05
0.598996, -1.7142, 0.345812, -1.71421, 0.345813, 1.12057e-05, -8.34465e-07, 1.12367e-05
0.599996, -1.71119, 0.345443, -1.7112, 0.345444, 1.12057e-05, -1.13249e-06, 1.12628e-05
0.600996, -1.70818, 0.345065, -1.70819, 0.345066, 1.13249e-05, -1.16229e-06, 1.13844e-05
0.601996, -1.70517, 0.344679, -1.70518, 0.344679, 1.16825e-05, -5.06639e-07, 1.16935e-05
0.602996, -1.70216, 0.344284, -1.70217, 0.344285, 1.14441e-05, -6.25849e-07, 1.14612e-05
0.603996, -1.69916, 0.34388, -1.69917, 0.343881, 1.15633e-05, -1.13249e-06, 1.16186e-05
0.604996, -1.69616, 0.343468, -1.69617, 0.34347, 1.15633e-05, -1.2815e-06, 1.16341e-05
0.605996, -1.69316, 0.343047, -1.69317, 0.343049, 1.14441e-05, -1.07288e-06, 1.14943e-05
0.606996, -1.69016, 0.342618, -1.69017, 0.342619, 1.16825e-05, -1.2219e-06, 1.17462e-05
0.607996, -1.68716, 0.34218, -1.68717, 0.342182, 1.14441e-05, -1.69873e-06, 1.15695e-05
0.608996, -1.68417, 0.341734, -1.68418, 0.341735, 1.15633e-05, -1.43051e-06, 1.16515e-05
0.609996, -1.68118, 0.341279, -1.68119, 0.34128, 1.15633e-05, -1.13249e-06, 1.16186e-05
0.610996, -1.67819, 0.340815, -1.6782, 0.340817, 1.15633e-05, -1.84774e-06, 1.171e-05
0.611996, -1.6752, 0.340343, -1.67521, 0.340345, 1.19209e-05, -1.43051e-06, 1.20065e-05
0.612996, -1.67221, 0.339863, -1.67222, 0.339865, 1.16825e-05, -1.66893e-06, 1.18011e-05
0.613996, -1.66923, 0.339374, -1.66924, 0.339375, 1.19209e-05, -1.46031e-06, 1.201e-05
0.614996, -1.66625, 0.338876, -1.66626, 0.338878, 1.18017e-05, -1.51992e-06, 1.18992e-05
0.615996, -1.66327, 0.33837, -1.66328, 0.338372, 1.16825e-05, -1.46031e-06, 1.17734e-05
0.616996, -1.66029, 0.337856, -1.6603, 0.337857, 1.19209e-05, -1.2815e-06, 1.19896e-05
0.617996, -1.65731, 0.337333, -1.65732, 0.337335, 1.19209e-05, -2.02656e-06, 1.2092e-05
0.618996, -1.65434, 0.336802, -1.65435, 0.336803, 1.20401e-05, -1.57952e-06, 1.21433e-05
0.619996, -1.65137, 0.336262, -1.65138, 0.336264, 1.21593e-05, -1.69873e-06, 1.22774e-05
0.620996, -1.6484, 0.335714, -1.64841, 0.335716, 1.21593e-05, -1.99676e-06, 1.23222e-05
0.621996, -1.64543, 0.335157, -1.64544, 0.335159, 1.21593e-05, -1.75834e-06, 1.22858e-05
0.622996, -1.64246, 0.334592, -1.64247, 0.334594, 1.22786e-05, -2.05636e-06, 1.24496e-05
0.623996, -1.6395, 0.334019, -1.63951, 0.33402, 1.21593e-05, -1.43051e-06, 1.22432e-05
0.624996, -1.63653, 0.333437, -1.63655, 0.333439, 1.23978e-05, -1.66893e-06, 1.25096e-05
0.625996, -1.63357, 0.332847, -1.63359, 0.332849, 1.23978e-05, -2.05636e-06, 1.25671e-05
0.626996, -1.63062, 0.332249, -1.63063, 0.332251, 1.21593e-05, -2.20537e-06, 1.23577e-05
0.627995, -1.62766, 0.331642, -1.62767, 0.331644, 1.23978e-05, -2.47359e-06, 1.26421e-05
0.628995, -1.6247, 0.331027, -1.62472, 0.331029, 1.22786e-05, -2.11596e-06, 1.24595e-05
0.629995, -1.62175, 0.330403, -1.62176, 0.330405, 1.23978e-05, -2.20537e-06, 1.25924e-05
0.630995, -1.6188, 0.329771, -1.61881, 0.329773, 1.2517e-05, -2.02656e-06, 1.268e-05
0.631995, -1.61585, 0.329131, -1.61586, 0.329134, 1.26362e-05, -2.6226e-06, 1.29055e-05
0.632995, -1.61291, 0.328483, -1.61292, 0.328485, 1.26362e-05, -1.84774e-06, 1.27706e-05
0.633995, -1.60996, 0.327826, -1.60997, 0.327828, 1.28746e-05, -1.49012e-06, 1.29605e-05
0.634995, -1.60702, 0.327162, -1.60703, 0.327164, 1.26362e-05, -2.5928e-06, 1.28994e-05
0.635995, -1.60408, 0.326488, -1.60409, 0.32649, 1.28746e-05, -1.57952e-06, 1.29711e-05
0.636995, -1.60114, 0.325807, -1.60115, 0.325809, 1.28746e-05, -1.66893e-06, 1.29823e-05
0.637995, -1.5982, 0.325117, -1.59821, 0.32512, 1.26362e-05, -2.83122e-06, 1.29495e-05
0.638995, -1.59526, 0.32442, -1.59528, 0.324422, 1.28746e-05, -2.5332e-06, 1.31215e-05
0.639995, -1.59233, 0.323714, -1.59234, 0.323717, 1.28746e-05, -2.95043e-06, 1.32083e-05
0.640995, -1.5894, 0.322999, -1.58941, 0.323002, 1.3113e-05, -2.26498e-06, 1.33072e-05
0.641995, -1.58647, 0.322277, -1.58648, 0.322279, 1.33514e-05, -2.26498e-06, 1.35422e-05
0.642995, -1.58354, 0.321546, -1.58355, 0.321549, 1.3113e-05, -2.92063e-06, 1.34343e-05
0.643995, -1.58062, 0.320808, -1.58063, 0.32081, 1.33514e-05, -2.44379e-06, 1.35732e-05
0.644995, -1.57769, 0.320061, -1.57771, 0.320063, 1.33514e-05, -2.23517e-06, 1.35372e-05
0.645995, -1.57477, 0.319306, -1.57478, 0.319309, 1.35899e-05, -2.68221e-06, 1.3852e-05
0.646995, -1.57185, 0.318543, -1.57186, 0.318546, 1.33514e-05, -3.01003e-06, 1.36865e-05
0.647995, -1.56893, 0.317771, -1.56894, 0.317774, 1.35899e-05, -2.89083e-06, 1.38939e-05
0.648995, -1.56602, 0.316992, -1.56603, 0.316995, 1.35899e-05, -3.36766e-06, 1.40009e-05
0.649995, -1.5631, 0.316205, -1.56311, 0.316208, 1.33514e-05, -3.72529e-06, 1.38614e-05
0.650995, -1.56019, 0.315409, -1.5602, 0.315412, 1.35899e-05, -2.86102e-06, 1.38878e-05
0.651995, -1.55728, 0.314605, -1.55729, 0.314608, 1.37091e-05, -2.92063e-06, 1.40167e-05
0.652995, -1.55437, 0.313794, -1.55438, 0.313797, 1.35899e-05, -3.54648e-06, 1.4045e-05
0.653995, -1.55146, 0.312974, -1.55148, 0.312978, 1.34706e-05, -3.99351e-06, 1.40501e-05
0.654995, -1.54856, 0.312146, -1.54857, 0.312149, 1.35899e-05, -3.18885e-06, 1.3959e-05
0.655995, -1.54565, 0.31131, -1.54567, 0.311314, 1.35899e-05, -3.63588e-06, 1.40678e-05
0.656995, -1.54275, 0.310466, -1.54277, 0.310469, 1.35899e-05, -3.15905e-06, 1.39522e-05
0.657995, -1.53985, 0.309614, -1.53987, 0.309618, 1.35899e-05, -3.54648e-06, 1.4045e-05
0.658995, -1.53695, 0.308754, -1.53697, 0.308758, 1.37091e-05, -3.33786e-06, 1.41096e-05
0.659995, -1.53406, 0.307887, -1.53407, 0.307891, 1.38283e-05, -4.32134e-06, 1.44878e-05
0.660995, -1.53117, 0.307011, -1.53118, 0.307014, 1.38283e-05, -3.63588e-06, 1.42983e-05
0.661995, -1.52827, 0.306127, -1.52829, 0.306131, 1.38283e-05, -3.78489e-06, 1.43369e-05
0.662995, -1.52538, 0.305235, -1.5254, 0.305239, 1.38283e-05, -4.38094e-06, 1.45057e-05
0.663995, -1.52249, 0.304335, -1.52251, 0.304339, 1.39475e-05, -3.24845e-06, 1.43208e-05
0.664995, -1.51961, 0.303428, -1.51962, 0.303432, 1.38283e-05, -4.35114e-06, 1.44967e-05
0.665995, -1.51672, 0.302512, -1.51674, 0.302515, 1.38283e-05, -3.36766e-06, 1.42324e-05
0.666995, -1.51384, 0.301589, -1.51385, 0.301592, 1.38283e-05, -3.48687e-06, 1.42611e-05
0.667995, -1.51096, 0.300657, -1.51097, 0.300661, 1.39475e-05, -4.02331e-06, 1.45162e-05
0.668995, -1.50808, 0.299718, -1.5081, 0.299721, 1.40667e-05, -3.15905e-06, 1.44171e-05
0.669995, -1.5052, 0.298771, -1.50522, 0.298775, 1.38283e-05, -4.08292e-06, 1.44184e-05
0.670995, -1.50233, 0.297815, -1.50234, 0.297819, 1.39475e-05, -3.96371e-06, 1.44998e-05
0.671995, -1.49945, 0.296852, -1.49947, 0.296856, 1.40667e-05, -3.8147e-06, 1.45748e-05
0.672995, -1.49658, 0.295882, -1.4966, 0.295885, 1.40667e-05, -3.66569e-06, 1.45365e-05
0.673995, -1.49371, 0.294903, -1.49373, 0.294908, 1.39475e-05, -4.55976e-06, 1.46739e-05
0.674995, -1.49085, 0.293917, -1.49086, 0.293921, 1.40667e-05, -4.35114e-06, 1.47243e-05
0.675995, -1.48798, 0.292922, -1.48799, 0.292926, 1.40667e-05, -4.08292e-06, 1.46473e-05
0.676995, -1.48511, 0.29192, -1.48513, 0.291925, 1.39475e-05, -4.85778e-06, 1.47692e-05
0.677995, -1.48225, 0.29091, -1.48227, 0.290915, 1.40667e-05, -4.47035e-06, 1.47599e-05
0.678995, -1.47939, 0.289892, -1.47941, 0.289896, 1.43051e-05, -4.02331e-06, 1.48601e-05
0.679995, -1.47653, 0.288867, -1.47655, 0.288871, 1.41859e-05, -4.20213e-06, 1.47952e-05
0.680995, -1.47367, 0.287834, -1.47369, 0.287838, 1.41859e-05, -4.64916e-06, 1.49283e-05
0.681995, -1.47082, 0.286793, -1.47083, 0.286797, 1.43051e-05, -4.61936e-06, 1.50325e-05
0.682995, -1.46797, 0.285744, -1.46798, 0.285749, 1.43051e-05, -5.1856e-06, 1.5216e-05
0.683995, -1.46511, 0.284687, -1.46513, 0.284693, 1.40667e-05, -5.27501e-06, 1.50232e-05
0.684995, -1.46226, 0.283623, -1.46228, 0.283628, 1.44243e-05, -4.85778e-06, 1.52204e-05
0.685995, -1.45942, 0.282551, -1.45943, 0.282556, 1.44243e-05, -5.00679e-06, 1.52686e-05
0.686995, -1.45657, 0.281471, -1.45658, 0.281476, 1.43051e-05, -4.64916e-06, 1.50416e-05
0.687995, -1.45373, 0.280384, -1.45374, 0.280389, 1.43051e-05, -5.1856e-06, 1.5216e-05
0.688995, -1.45088, 0.279289, -1.4509, 0.279295, 1.44243e-05, -5.54323e-06, 1.54528e-05
0.689995, -1.44804, 0.278186, -1.44806, 0.278191, 1.44243e-05, -5.00679e-06, 1.52686e-05
0.690995, -1.4452, 0.277076, -1.44522, 0.277081, 1.43051e-05, -5.33462e-06, 1.52674e-05
0.691995, -1.44236, 0.275958, -1.44238, 0.275963, 1.43051e-05, -5.0962e-06, 1.51858e-05
0.692995, -1.43953, 0.274832, -1.43954, 0.274837, 1.44243e-05, -5.36442e-06, 1.53895e-05
0.693995, -1.4367, 0.273699, -1.43671, 0.273705, 1.44243e-05, -5.75185e-06, 1.55288e-05
0.694995, -1.43386, 0.272558, -1.43388, 0.272564, 1.43051e-05, -6.25849e-06, 1.56143e-05
0.695995, -1.43103, 0.271409, -1.43105, 0.271415, 1.43051e-05, -5.78165e-06, 1.54293e-05
0.696995, -1.4282, 0.270253, -1.42822, 0.270258, 1.45435e-05, -5.06639e-06, 1.54007e-05
0.697995, -1.42538, 0.269089, -1.42539, 0.269094, 1.46627e-05, -5.1558e-06, 1.55428e-05
0.698995, -1.42255, 0.267918, -1.42257, 0.267924, 1.46627e-05, -6.02007e-06, 1.58505e-05
0.699995, -1.41973, 0.266739, -1.41974, 0.266744, 1.45435e-05, -5.1558e-06, 1.54304e-05
0.700995, -1.41691, 0.265552, -1.41692, 0.265558, 1.45435e-05, -5.78165e-06, 1.56506e-05
0.701995, -1.41409, 0.264358, -1.4141, 0.264364, 1.45435e-05, -5.75185e-06, 1.56396e-05
0.702995, -1.41127, 0.263157, -1.41128, 0.263162, 1.46627e-05, -5.39422e-06, 1.56235e-05
0.703995, -1.40845, 0.261947, -1.40847, 0.261954, 1.46627e-05, -6.13928e-06, 1.58961e-05
0.704994, -1.40564, 0.260731, -1.40565, 0.260737, 1.4782e-05, -6.16908e-06, 1.60176e-05
0.705994, -1.40283, 0.259507, -1.40284, 0.259513, 1.49012e-05, -6.22869e-06, 1.61506e-05
0.706994, -1.40002, 0.258275, -1.40003, 0.258281, 1.49012e-05, -5.90086e-06, 1.6027e-05
0.707994, -1.39721, 0.257036, -1.39722, 0.257042, 1.4782e-05, -6.28829e-06, 1.60639e-05
0.708994, -1.3944, 0.255789, -1.39441, 0.255796, 1.49012e-05, -6.64592e-06, 1.6316e-05
0.709994, -1.39159, 0.254535, -1.39161, 0.254541, 1.49012e-05, -6.61612e-06, 1.63039e-05
0.710994, -1.38879, 0.253273, -1.3888, 0.253279, 1.4782e-05, -6.19888e-06, 1.60291e-05
0.711994, -1.38599, 0.252004, -1.386, 0.25201, 1.51396e-05, -6.4373e-06, 1.64513e-05
0.712994, -1.38319, 0.250727, -1.3832, 0.250734, 1.49012e-05, -6.61612e-06, 1.63039e-05
0.713994, -1.38039, 0.249444, -1.3804, 0.249451, 1.49012e-05, -7.06315e-06, 1.64904e-05
0.714994, -1.37759, 0.248152, -1.37761, 0.24816, 1.50204e-05, -7.43568e-06, 1.67601e-05
0.715994, -1.3748, 0.246853, -1.37481, 0.24686, 1.51396e-05, -6.27339e-06, 1.63879e-05
0.716994, -1.372, 0.245547, -1.37202, 0.245554, 1.49012e-05, -6.79493e-06, 1.63773e-05
0.717994, -1.36921, 0.244233, -1.36923, 0.24424, 1.51396e-05, -6.85453e-06, 1.6619e-05
0.718994, -1.36642, 0.242912, -1.36644, 0.24292, 1.50204e-05, -7.49528e-06, 1.67866e-05
0.719994, -1.36363, 0.241584, -1.36365, 0.241591, 1.51396e-05, -6.58631e-06, 1.65102e-05
0.720994, -1.36084, 0.240248, -1.36086, 0.240256, 1.50204e-05, -7.31647e-06, 1.67076e-05
0.721994, -1.35806, 0.238905, -1.35808, 0.238912, 1.52588e-05, -7.18236e-06, 1.68647e-05
0.722994, -1.35528, 0.237555, -1.35529, 0.237562, 1.50204e-05, -6.88434e-06, 1.65229e-05
0.723994, -1.3525, 0.236197, -1.35251, 0.236204, 1.51396e-05, -7.48038e-06, 1.68868e-05
0.724994, -1.34972, 0.234832, -1.34973, 0.234839, 1.50204e-05, -7.53999e-06, 1.68066e-05
0.725994, -1.34694, 0.233459, -1.34695, 0.233467, 1.51396e-05, -7.40588e-06, 1.68539e-05
0.726994, -1.34416, 0.23208, -1.34418, 0.232087, 1.52588e-05, -7.07805e-06, 1.68205e-05
0.727994, -1.34139, 0.230693, -1.3414, 0.230699, 1.52588e-05, -6.88434e-06, 1.67399e-05
0.728994, -1.33861, 0.229298, -1.33863, 0.229306, 1.52588e-05, -7.91252e-06, 1.71883e-05
0.729994, -1.33584, 0.227897, -1.33586, 0.227904, 1.52588e-05, -7.27177e-06, 1.69029e-05
0.730994, -1.33307, 0.226488, -1.33309, 0.226495, 1.54972e-05, -7.46548e-06, 1.72017e-05
0.731994, -1.3303, 0.225072, -1.33032, 0.225079, 1.5378e-05, -7.7635e-06, 1.72266e-05
0.732994, -1.32754, 0.223648, -1.32755, 0.223656, 1.54972e-05, -7.80821e-06, 1.73531e-05
0.733994, -1.32477, 0.222217, -1.32479, 0.222225, 1.5378e-05, -7.58469e-06, 1.71467e-05
0.734994, -1.32201, 0.22078, -1.32203, 0.220788, 1.54972e-05, -8.15094e-06, 1.751e-05
0.735994, -1.31925, 0.219335, -1.31926, 0.219342, 1.56164e-05, -7.7188e-06, 1.74199e-05
0.736994, -1.31649, 0.217882, -1.3165, 0.217891, 1.54972e-05, -8.40425e-06, 1.76294e-05
0.737994, -1.31373, 0.216423, -1.31375, 0.21643, 1.56164e-05, -7.7188e-06, 1.74199e-05
0.738994, -1.31098, 0.214956, -1.31099, 0.214965, 1.57356e-05, -8.49366e-06, 1.78816e-05
0.739994, -1.30822, 0.213482, -1.30824, 0.21349, 1.56164e-05, -8.24034e-06, 1.76572e-05
0.740994, -1.30547, 0.212001, -1.30548, 0.212009, 1.57356e-05, -8.35955e-06, 1.78183e-05
0.741994, -1.30272, 0.210513, -1.30273, 0.210521, 1.58548e-05, -7.77841e-06, 1.76601e-05
0.742994, -1.29997, 0.209017, -1.29998, 0.209026, 1.5974e-05, -8.27014e-06, 1.79879e-05
0.743994, -1.29722, 0.207515, -1.29724, 0.207523, 1.60933e-05, -8.38935e-06, 1.81487e-05
0.744994, -1.29447, 0.206005, -1.29449, 0.206013, 1.62125e-05, -7.77841e-06, 1.79819e-05
0.745994, -1.29173, 0.204489, -1.29174, 0.204497, 1.63317e-05, -8.56817e-06, 1.84428e-05
0.746994, -1.28899, 0.202965, -1.289, 0.202974, 1.62125e-05, -8.9705e-06, 1.85287e-05
0.747994, -1.28624, 0.201434, -1.28626, 0.201442, 1.63317e-05, -8.25524e-06, 1.82995e-05
0.748994, -1.2835, 0.199896, -1.28352, 0.199904, 1.62125e-05, -8.91089e-06, 1.84999e-05
0.749994, -1.28077, 0.19835, -1.28078, 0.198359, 1.63317e-05, -9.14931e-06, 1.87199e-05
0.750994, -1.27803, 0.196798, -1.27805, 0.196806, 1.64509e-05, -8.24034e-06, 1.83993e-05
0.751994, -1.2753, 0.195239, -1.27531, 0.195248, 1.64509e-05, -9.38773e-06, 1.8941e-05
0.752994, -1.27256, 0.193672, -1.27258, 0.193681, 1.64509e-05, -8.29995e-06, 1.84261e-05
0.753994, -1.26983, 0.192099, -1.26985, 0.192108, 1.64509e-05, -8.89599e-06, 1.87021e-05
0.754994, -1.2671, 0.190518, -1.26712, 0.190527, 1.64509e-05, -9.0301e-06, 1.87663e-05
0.755994, -1.26437, 0.188931, -1.26439, 0.18894, 1.64509e-05, -9.0301e-06, 1.87663e-05
0.756994, -1.26165, 0.187336, -1.26166, 0.187346, 1.65701e-05, -9.26852e-06, 1.89861e-05
0.757994, -1.25892, 0.185735, -1.25894, 0.185745, 1.64509e-05, -9.71556e-06, 1.91056e-05
0.758994, -1.2562, 0.184126, -1.25622, 0.184136, 1.63317e-05, -9.29832e-06, 1.87931e-05
0.759994, -1.25348, 0.182511, -1.25349, 0.18252, 1.65701e-05, -9.44734e-06, 1.90741e-05
0.760994, -1.25076, 0.180888, -1.25077, 0.180897, 1.68085e-05, -9.05991e-06, 1.90947e-05
0.761994, -1.24804, 0.179259, -1.24806, 0.179268, 1.68085e-05, -9.56655e-06, 1.93402e-05
0.762994, -1.24532, 0.177622, -1.24534, 0.177632, 1.64509e-05, -9.89437e-06, 1.91971e-05
0.763994, -1.24261, 0.175979, -1.24262, 0.175988, 1.68085e-05, -9.67085e-06, 1.9392e-05
0.764994, -1.23989, 0.174328, -1.23991, 0.174338, 1.68085e-05, -9.59635e-06, 1.9355e-05
0.765994, -1.23718, 0.172671, -1.2372, 0.17268, 1.68085e-05, -9.31323e-06, 1.92162e-05
0.766994, -1.23447, 0.171007, -1.23449, 0.171016, 1.68085e-05, -9.52184e-06, 1.93182e-05
0.767994, -1.23176, 0.169336, -1.23178, 0.169345, 1.66893e-05, -9.84967e-06, 1.93791e-05
0.768994, -1.22906, 0.167658, -1.22907, 0.167667, 1.70469e-05, -9.58145e-06, 1.95551e-05
0.769994, -1.22635, 0.165973, -1.22637, 0.165983, 1.65701e-05, -1.04904e-05, 1.96116e-05
0.770994, -1.22365, 0.164281, -1.22367, 0.164291, 1.68085e-05, -1.00583e-05, 1.95881e-05
0.771994, -1.22095, 0.162582, -1.22096, 0.162592, 1.66893e-05, -1.04308e-05, 1.96808e-05
0.772994, -1.21825, 0.160876, -1.21826, 0.160887, 1.69277e-05, -1.05351e-05, 1.99383e-05
0.773994, -1.21555, 0.159164, -1.21556, 0.159173, 1.71661e-05, -9.62615e-06, 1.96809e-05
0.774994, -1.21285, 0.157445, -1.21287, 0.157455, 1.68085e-05, -1.02073e-05, 1.96651e-05
0.775994, -1.21015, 0.155718, -1.21017, 0.155728, 1.69277e-05, -1.01328e-05, 1.97287e-05
0.776994, -1.20746, 0.153985, -1.20748, 0.153996, 1.69277e-05, -1.04606e-05, 1.9899e-05
0.777994, -1.20477, 0.152245, -1.20478, 0.152256, 1.70469e-05, -1.0103e-05, 1.98159e-05
0.778994, -1.20208, 0.150499, -1.20209, 0.150509, 1.69277e-05, -1.04755e-05, 1.99069e-05
0.779994, -1.19939, 0.148745, -1.1994, 0.148755, 1.71661e-05, -9.79006e-06, 1.97616e-05
0.780994, -1.1967, 0.146985, -1.19672, 0.146995, 1.72853e-05, -1.01924e-05, 2.00666e-05
0.781994, -1.19401, 0.145218, -1.19403, 0.145229, 1.69277e-05, -1.131e-05, 2.03584e-05
0.782993, -1.19133, 0.143444, -1.19135, 0.143454, 1.71661e-05, -1.02669e-05, 2.00021e-05
0.783993, -1.18865, 0.141663, -1.18866, 0.141674, 1.70469e-05, -1.09822e-05, 2.02782e-05
0.784993, -1.18596, 0.139876, -1.18598, 0.139887, 1.72853e-05, -1.09524e-05, 2.04631e-05
0.785993, -1.18328, 0.138082, -1.1833, 0.138093, 1.71661e-05, -1.08927e-05, 2.03305e-05
0.786993, -1.18061, 0.136281, -1.18062, 0.136292, 1.70469e-05, -1.11312e-05, 2.03593e-05
0.787993, -1.17793, 0.134473, -1.17795, 0.134484, 1.70469e-05, -1.09673e-05, 2.02701e-05
0.788993, -1.17525, 0.132659, -1.17527, 0.13267, 1.74046e-05, -1.14441e-05, 2.08299e-05
0.789993, -1.17258, 0.130838, -1.1726, 0.130849, 1.71661e-05, -1.11312e-05, 2.04592e-05
0.790993, -1.16991, 0.12901, -1.16993, 0.129021, 1.72853e-05, -1.10865e-05, 2.05352e-05
0.791993, -1.16724, 0.127176, -1.16725, 0.127187, 1.75238e-05, -1.16676e-05, 2.10527e-05
0.792993, -1.16457, 0.125334, -1.16459, 0.125346, 1.74046e-05, -1.14292e-05, 2.08217e-05
0.793993, -1.1619, 0.123487, -1.16192, 0.123498, 1.72853e-05, -1.14441e-05, 2.07304e-05
0.794993, -1.15924, 0.121632, -1.15925, 0.121644, 1.75238e-05, -1.16974e-05, 2.10692e-05
0.795993, -1.15657, 0.119771, -1.15659, 0.119783, 1.74046e-05, -1.18166e-05, 2.10369e-05
0.796993, -1.15391, 0.117903, -1.15393, 0.117915, 1.71661e-05, -1.18017e-05, 2.08316e-05
0.797993, -1.15125, 0.116028, -1.15126, 0.11604, 1.72853e-05, -1.19954e-05, 2.10398e-05
0.798993, -1.14859, 0.114147, -1.14861, 0.114159, 1.75238e-05, -1.20327e-05, 2.12572e-05
0.799993, -1.14593, 0.112259, -1.14595, 0.112272, 1.71661e-05, -1.26213e-05, 2.13066e-05
0.800993, -1.14327, 0.110365, -1.14329, 0.110376, 1.72853e-05, -1.12504e-05, 2.06241e-05
0.801993, -1.14062, 0.108464, -1.14064, 0.108476, 1.75238e-05, -1.22041e-05, 2.13547e-05
0.802993, -1.13796, 0.106556, -1.13798, 0.106569, 1.7643e-05, -1.22488e-05, 2.1478e-05
0.803993, -1.13531, 0.104642, -1.13533, 0.104654, 1.74046e-05, -1.20923e-05, 2.1193e-05
0.804993, -1.13266, 0.102721, -1.13268, 0.102733, 1.77622e-05, -1.20848e-05, 2.14834e-05
0.805993, -1.13001, 0.100794, -1.13003, 0.100806, 1.77622e-05, -1.18613e-05, 2.13585e-05
0.806993, -1.12737, 0.0988599, -1.12738, 0.0988721, 1.7643e-05, -1.21295e-05, 2.14103e-05
0.807993, -1.12472, 0.0969194, -1.12474, 0.0969312, 1.7643e-05, -1.18017e-05, 2.12263e-05
0.808993, -1.12208, 0.0949723, -1.12209, 0.094985, 1.7643e-05, -1.2666e-05, 2.17187e-05
0.809993, -1.11943, 0.0930187, -1.11945, 0.0930313, 1.77622e-05, -1.25617e-05, 2.17553e-05
0.810993, -1.11679, 0.0910586, -1.11681, 0.0910718, 1.77622e-05, -1.32695e-05, 2.21715e-05
0.811993, -1.11415, 0.0890919, -1.11417, 0.0891045, 1.7643e-05, -1.26362e-05, 2.17013e-05
0.812993, -1.11151, 0.0871187, -1.11153, 0.0871311, 1.77622e-05, -1.2435e-05, 2.16824e-05
0.813993, -1.10888, 0.085139, -1.1089, 0.0851524, 1.77622e-05, -1.33812e-05, 2.22385e-05
0.814993, -1.10624, 0.0831528, -1.10626, 0.0831658, 1.7643e-05, -1.29566e-05, 2.18894e-05
0.815993, -1.10361, 0.0811601, -1.10363, 0.0811738, 1.78814e-05, -1.36569e-05, 2.25001e-05
0.816993, -1.10098, 0.079161, -1.10099, 0.0791743, 1.7643e-05, -1.33291e-05, 2.2112e-05
0.817993, -1.09835, 0.0771553, -1.09836, 0.0771683, 1.80006e-05, -1.30385e-05, 2.22267e-05
0.818993, -1.09572, 0.0751432, -1.09574, 0.075156, 1.80006e-05, -1.27777e-05, 2.20747e-05
0.819993, -1.09309, 0.0731246, -1.09311, 0.0731382, 1.77622e-05, -1.36122e-05, 2.23783e-05
0.820993, -1.09046, 0.0710996, -1.09048, 0.071113, 1.78814e-05, -1.33812e-05, 2.23339e-05
0.821993, -1.08784, 0.0690682, -1.08786, 0.069082, 1.80006e-05, -1.38655e-05, 2.27217e-05
0.822993, -1.08522, 0.0670303, -1.08523, 0.0670443, 1.80006e-05, -1.39847e-05, 2.27946e-05
0.823993, -1.08259, 0.064986, -1.08261, 0.0649997, 1.80006e-05, -1.37314e-05, 2.26401e-05
0.824993, -1.07997, 0.0629352, -1.07999, 0.0629487, 1.81198e-05, -1.34557e-05, 2.25696e-05
0.825993, -1.07736, 0.0608781, -1.07737, 0.0608913, 1.81198e-05, -1.31465e-05, 2.23866e-05
0.826993, -1.07474, 0.0588146, -1.07476, 0.0588292, 1.81198e-05, -1.45845e-05, 2.32602e-05
0.827993, -1.07212, 0.0567447, -1.07214, 0.0567582, 1.8239e-05, -1.34706e-05, 2.26742e-05
0.828993, -1.06951, 0.0546684, -1.06953, 0.0546821, 1.81198e-05, -1.37277e-05, 2.27327e-05
0.829993, -1.0669, 0.0525858, -1.06691, 0.0526, 1.8239e-05, -1.42753e-05, 2.31613e-05
0.830993, -1.06428, 0.0504967, -1.0643, 0.0505111, 1.8239e-05, -1.43908e-05, 2.32327e-05
0.831993, -1.06168, 0.0484014, -1.06169, 0.0484158, 1.80006e-05, -1.44243e-05, 2.30669e-05
0.832993, -1.05907, 0.0462996, -1.05909, 0.046314, 1.83582e-05, -1.43647e-05, 2.33103e-05
0.833993, -1.05646, 0.0441916, -1.05648, 0.0442061, 1.8239e-05, -1.45622e-05, 2.33392e-05
0.834993, -1.05385, 0.0420772, -1.05387, 0.0420915, 1.83582e-05, -1.42939e-05, 2.32667e-05
0.835993, -1.05125, 0.0399565, -1.05127, 0.0399711, 1.81198e-05, -1.46218e-05, 2.32835e-05
0.836993, -1.04865, 0.0378295, -1.04867, 0.0378439, 1.83582e-05, -1.4469e-05, 2.33747e-05
0.837993, -1.04605, 0.0356962, -1.04607, 0.0357107, 1.83582e-05, -1.45361e-05, 2.34163e-05
0.838993, -1.04345, 0.0335565, -1.04347, 0.0335717, 1.84774e-05, -1.51768e-05, 2.39113e-05
0.839993, -1.04085, 0.0314106, -1.04087, 0.0314249, 1.85966e-05, -1.42381e-05, 2.34213e-05
0.840993, -1.03825, 0.0292585, -1.03827, 0.0292734, 1.87159e-05, -1.49272e-05, 2.39396e-05
0.841993, -1.03566, 0.0271, -1.03568, 0.0271151, 1.84774e-05, -1.50912e-05, 2.3857e-05
0.842993, -1.03307, 0.0249353, -1.03308, 0.0249497, 1.87159e-05, -1.43629e-05, 2.35918e-05
0.843993, -1.03047, 0.0227643, -1.03049, 0.0227803, 1.84774e-05, -1.59536e-05, 2.44117e-05
0.844993, -1.02788, 0.0205871, -1.0279, 0.020602, 1.87159e-05, -1.4849e-05, 2.38909e-05
0.845993, -1.02529, 0.0184037, -1.02531, 0.0184187, 1.87159e-05, -1.49738e-05, 2.39687e-05
0.846993, -1.02271, 0.016214, -1.02272, 0.0162296, 1.85966e-05, -1.56034e-05, 2.42755e-05
0.847993, -1.02012, 0.0140181, -1.02014, 0.0140338, 1.84774e-05, -1.56583e-05, 2.42198e-05
0.848993, -1.01753, 0.011816, -1.01755, 0.0118312, 1.85966e-05, -1.51293e-05, 2.39736e-05
0.849993, -1.01495, 0.00960773, -1.01497, 0.00962281, 1.87159e-05, -1.50818e-05, 2.40363e-05
0.850993, -1.01237, 0.00739323, -1.01239, 0.00740838, 1.88351e-05, -1.51489e-05, 2.41712e-05
0.851993, -1.00979, 0.00517255, -1.00981, 0.00518858, 1.87159e-05, -1.60383e-05, 2.46477e-05
0.852993, -1.00721, 0.00294568, -1.00723, 0.00296092, 1.88351e-05, -1.52383e-05, 2.42274e-05
0.853993, -1.00463, 0.000712648, -1.00465, 0.00072825, 1.89543e-05, -1.56017e-05, 2.45495e-05
0.854993, -1.00206, -0.00152655, -1.00208, -0.0015105, 1.90735e-05, -1.60469e-05, 2.49259e-05
0.855993, -0.999481, -0.0037719, -0.999501, -0.00375605, 1.91331e-05, -1.58511e-05, 2.48462e-05
0.856993, -0.996908, -0.00602339, -0.996927, -0.00600731, 1.89543e-05, -1.60784e-05, 2.48551e-05
0.857993, -0.994336, -0.00828102, -0.994355, -0.00826538, 1.90139e-05, -1.56481e-05, 2.4625e-05
0.858993, -0.991766, -0.0105448, -0.991785, -0.0105288, 1.88351e-05, -1.59824e-05, 2.47022e-05
0.859993, -0.989197, -0.0128147, -0.989216, -0.012798, 1.91331e-05, -1.67154e-05, 2.54063e-05
0.860992, -0.986629, -0.0150907, -0.986648, -0.0150743, 1.89543e-05, -1.6409e-05, 2.50703e-05
0.861992, -0.984063, -0.0173728, -0.984082, -0.0173566, 1.90139e-05, -1.61268e-05, 2.49319e-05
0.862992, -0.981498, -0.019661, -0.981517, -0.0196437, 1.88947e-05, -1.72928e-05, 2.56135e-05
0.863992, -0.978935, -0.0219552, -0.978954, -0.0219393, 1.92523e-05, -1.59629e-05, 2.50093e-05
0.864992, -0.976373, -0.0242556, -0.976392, -0.0242388, 1.91331e-05, -1.67806e-05, 2.54492e-05
0.865992, -0.973812, -0.026562, -0.973831, -0.0265452, 1.90139e-05, -1.68756e-05, 2.54227e-05
0.866992, -0.971253, -0.0288745, -0.971272, -0.0288579, 1.91927e-05, -1.65962e-05, 2.53731e-05
0.867992, -0.968696, -0.0311931, -0.968715, -0.0311764, 1.91331e-05, -1.66502e-05, 2.53634e-05
0.868992, -0.966139, -0.0335177, -0.966158, -0.0335003, 1.90735e-05, -1.73897e-05, 2.58108e-05
0.869992, -0.963584, -0.0358483, -0.963604, -0.0358317, 1.95503e-05, -1.66595e-05, 2.56857e-05
0.870992, -0.961031, -0.038185, -0.961051, -0.0381688, 1.95503e-05, -1.62385e-05, 2.54147e-05
0.871992, -0.958479, -0.0405277, -0.958498, -0.0405098, 1.90735e-05, -1.79075e-05, 2.61625e-05
0.872992, -0.955928, -0.0428764, -0.955947, -0.0428598, 1.91331e-05, -1.6652e-05, 2.53647e-05
0.873992, -0.953379, -0.0452312, -0.953398, -0.0452141, 1.91927e-05, -1.71103e-05, 2.57123e-05
0.874992, -0.950831, -0.0475919, -0.95085, -0.0475744, 1.93119e-05, -1.74902e-05, 2.60549e-05
0.875992, -0.948285, -0.0499586, -0.948304, -0.0499419, 1.92523e-05, -1.67079e-05, 2.54913e-05
0.876992, -0.94574, -0.0523313, -0.945759, -0.0523137, 1.94311e-05, -1.76169e-05, 2.62283e-05
0.877992, -0.943196, -0.05471, -0.943216, -0.0546919, 1.96695e-05, -1.80639e-05, 2.67057e-05
0.878992, -0.940654, -0.0570946, -0.940673, -0.0570773, 1.94311e-05, -1.73263e-05, 2.6034e-05
0.879992, -0.938113, -0.0594852, -0.938132, -0.0594677, 1.94907e-05, -1.75424e-05, 2.62226e-05
0.880992, -0.935573, -0.0618818, -0.935593, -0.0618638, 1.93715e-05, -1.79894e-05, 2.64362e-05
0.881992, -0.933035, -0.0642843, -0.933055, -0.0642663, 1.95503e-05, -1.7941e-05, 2.65348e-05
0.882992, -0.930498, -0.0666927, -0.930518, -0.0666746, 1.94907e-05, -1.81049e-05, 2.66022e-05
0.883992, -0.927963, -0.0691071, -0.927983, -0.0690886, 1.97291e-05, -1.84774e-05, 2.70306e-05
0.884992, -0.925429, -0.0715273, -0.925449, -0.0715097, 1.95503e-05, -1.76206e-05, 2.63192e-05
0.885992, -0.922897, -0.0739535, -0.922916, -0.0739352, 1.94311e-05, -1.83806e-05, 2.67472e-05
0.886992, -0.920365, -0.0763856, -0.920385, -0.076367, 1.93715e-05, -1.86116e-05, 2.68635e-05
0.887992, -0.917835, -0.0788236, -0.917855, -0.0788053, 1.93715e-05, -1.82986e-05, 2.66476e-05
0.888992, -0.915307, -0.0812675, -0.915326, -0.0812486, 1.94311e-05, -1.88723e-05, 2.70875e-05
0.889992, -0.91278, -0.0837173, -0.912799, -0.0836991, 1.95503e-05, -1.8172e-05, 2.66915e-05
0.890992, -0.910254, -0.0861729, -0.910274, -0.0861539, 1.97291e-05, -1.90511e-05, 2.7426e-05
0.891992, -0.90773, -0.0886344, -0.90775, -0.0886158, 1.99676e-05, -1.86414e-05, 2.73167e-05
0.892992, -0.905207, -0.0911018, -0.905226, -0.0910827, 1.95503e-05, -1.90884e-05, 2.73236e-05
0.893992, -0.902685, -0.093575, -0.902705, -0.093556, 1.9908e-05, -1.89468e-05, 2.74829e-05
0.894992, -0.900165, -0.096054, -0.900184, -0.0960351, 1.96099e-05, -1.89245e-05, 2.72522e-05
0.895992, -0.897646, -0.0985389, -0.897666, -0.0985199, 1.96695e-05, -1.90139e-05, 2.73572e-05
0.896992, -0.895128, -0.10103, -0.895148, -0.10101, 1.95503e-05, -1.92076e-05, 2.74071e-05
0.897992, -0.892612, -0.103526, -0.892632, -0.103507, 1.99676e-05, -1.94982e-05, 2.79085e-05
0.898992, -0.890097, -0.106029, -0.890117, -0.106009, 1.94907e-05, -1.98781e-05, 2.78393e-05
0.899992, -0.887584, -0.108537, -0.887604, -0.108518, 2.00868e-05, -1.89096e-05, 2.75871e-05
0.900992, -0.885072, -0.111051, -0.885091, -0.111032, 1.97887e-05, -1.87233e-05, 2.72426e-05
0.901992, -0.882561, -0.11357, -0.882581, -0.113551, 1.97887e-05, -1.93194e-05, 2.76556e-05
0.902992, -0.880051, -0.116096, -0.880071, -0.116076, 1.96695e-05, -1.9975e-05, 2.80338e-05
0.903992, -0.877543, -0.118627, -0.877563, -0.118608, 1.98483e-05, -1.92523e-05, 2.76515e-05
0.904992, -0.875036, -0.121164, -0.875056, -0.121144, 1.9908e-05, -1.99974e-05, 2.82174e-05
0.905992, -0.872531, -0.123707, -0.872551, -0.123687, 1.97887e-05, -2.00644e-05, 2.81811e-05
0.906992, -0.870027, -0.126256, -0.870047, -0.126236, 1.97887e-05, -1.9446e-05, 2.77442e-05
0.907992, -0.867524, -0.12881, -0.867544, -0.12879, 1.98483e-05, -2.02805e-05, 2.8377e-05
0.908992, -0.865023, -0.13137, -0.865043, -0.131349, 2.00272e-05, -2.03997e-05, 2.85873e-05
0.909992, -0.862523, -0.133936, -0.862543, -0.133916, 2.00272e-05, -1.98185e-05, 2.81756e-05
0.910992, -0.860024, -0.136507, -0.860044, -0.136487, 1.9908e-05, -1.99378e-05, 2.81752e-05
0.911992, -0.857526, -0.139084, -0.857547, -0.139064, 2.01464e-05, -2.0057e-05, 2.84281e-05
0.912992, -0.85503, -0.141667, -0.85505, -0.141647, 1.99676e-05, -2.01464e-05, 2.83651e-05
0.913992, -0.852536, -0.144256, -0.852556, -0.144235, 1.9908e-05, -2.09361e-05, 2.88903e-05
0.914992, -0.850042, -0.14685, -0.850062, -0.14683, 2.0206e-05, -2.02507e-05, 2.86072e-05
0.915992, -0.84755, -0.14945, -0.84757, -0.14943, 2.01464e-05, -2.02507e-05, 2.85651e-05
0.916992, -0.845059, -0.152056, -0.845079, -0.152035, 1.99676e-05, -2.09063e-05, 2.89098e-05
0.917992, -0.84257, -0.154667, -0.84259, -0.154647, 2.00868e-05, -2.00719e-05, 2.83964e-05
0.918992, -0.840082, -0.157284, -0.840102, -0.157262, 2.00868e-05, -2.13236e-05, 2.92946e-05
0.919992, -0.837595, -0.159906, -0.837615, -0.159885, 2.04444e-05, -2.10702e-05, 2.93586e-05
0.920992, -0.835109, -0.162535, -0.835129, -0.162514, 1.99676e-05, -2.07424e-05, 2.87915e-05
0.921992, -0.832625, -0.165168, -0.832645, -0.165147, 2.00868e-05, -2.17557e-05, 2.96106e-05
0.922992, -0.830142, -0.167808, -0.830162, -0.167787, 2.00868e-05, -2.12491e-05, 2.92404e-05
0.923992, -0.827661, -0.170453, -0.827681, -0.170432, 2.04444e-05, -2.13534e-05, 2.95625e-05
0.924992, -0.82518, -0.173104, -0.825201, -0.173083, 2.0206e-05, -2.06381e-05, 2.88827e-05
0.925992, -0.822701, -0.17576, -0.822721, -0.175738, 2.00868e-05, -2.19494e-05, 2.97532e-05
0.926992, -0.820224, -0.178422, -0.820244, -0.178401, 2.03252e-05, -2.09957e-05, 2.92222e-05
0.927992, -0.817747, -0.18109, -0.817768, -0.181068, 2.02656e-05, -2.20537e-05, 2.9951e-05
0.928992, -0.815272, -0.183763, -0.815292, -0.183741, 2.00868e-05, -2.15322e-05, 2.94468e-05
0.929992, -0.812799, -0.186441, -0.812819, -0.18642, 2.02656e-05, -2.15918e-05, 2.96125e-05
0.930992, -0.810326, -0.189126, -0.810346, -0.189103, 2.03252e-05, -2.22027e-05, 3.01011e-05
0.931992, -0.807855, -0.191815, -0.807875, -0.191794, 2.02656e-05, -2.19345e-05, 2.98633e-05
0.932992, -0.805385, -0.194511, -0.805405, -0.194489, 2.03848e-05, -2.15024e-05, 2.96292e-05
0.933992, -0.802916, -0.197212, -0.802937, -0.19719, 2.03848e-05, -2.16067e-05, 2.9705e-05
0.934992, -0.800449, -0.199918, -0.800469, -0.199896, 2.02656e-05, -2.22474e-05, 3.00939e-05
0.935992, -0.797983, -0.20263, -0.798004, -0.202608, 2.05636e-05, -2.19792e-05, 3.0099e-05
0.936992, -0.795518, -0.205348, -0.795539, -0.205325, 2.0504e-05, -2.29478e-05, 3.07736e-05
0.937991, -0.793055, -0.208071, -0.793076, -0.208048, 2.06232e-05, -2.22772e-05, 3.03577e-05
0.938991, -0.790593, -0.210799, -0.790613, -0.210777, 2.03848e-05, -2.21133e-05, 3.00755e-05
0.939991, -0.788132, -0.213533, -0.788152, -0.213511, 2.05636e-05, -2.24411e-05, 3.04379e-05
0.940991, -0.785672, -0.216273, -0.785693, -0.21625, 2.06232e-05, -2.25455e-05, 3.05551e-05
0.941991, -0.783214, -0.219018, -0.783235, -0.218995, 2.06232e-05, -2.24113e-05, 3.04563e-05
0.942991, -0.780757, -0.221768, -0.780777, -0.221746, 2.0504e-05, -2.27392e-05, 3.06184e-05
0.943991, -0.778301, -0.224524, -0.778322, -0.224501, 2.0802e-05, -2.28286e-05, 3.08848e-05
0.944991, -0.775847, -0.227286, -0.775867, -0.227263, 2.07424e-05, -2.26498e-05, 3.07125e-05
0.945991, -0.773394, -0.230053, -0.773414, -0.23003, 2.06232e-05, -2.22176e-05, 3.0314e-05
0.946991, -0.770942, -0.232825, -0.770962, -0.232802, 2.06828e-05, -2.29478e-05, 3.0893e-05
0.947991, -0.768491, -0.235603, -0.768512, -0.235579, 2.06828e-05, -2.33948e-05, 3.12265e-05
0.948991, -0.766041, -0.238386, -0.766062, -0.238362, 2.05636e-05, -2.35587e-05, 3.1271e-05
0.949991, -0.763593, -0.241175, -0.763614, -0.241151, 2.08616e-05, -2.34246e-05, 3.13675e-05
0.950991, -0.761146, -0.243969, -0.761167, -0.243945, 2.08616e-05, -2.37077e-05, 3.15795e-05
0.951991, -0.758701, -0.246768, -0.758722, -0.246745, 2.10404e-05, -2.29627e-05, 3.11446e-05
0.952991, -0.756256, -0.249573, -0.756277, -0.24955, 2.09212e-05, -2.33352e-05, 3.13406e-05
0.953991, -0.753813, -0.252383, -0.753834, -0.252359, 2.11596e-05, -2.41101e-05, 3.20784e-05
0.954991, -0.751372, -0.255199, -0.751392, -0.255175, 2.06232e-05, -2.38419e-05, 3.15238e-05
0.955991, -0.748931, -0.25802, -0.748952, -0.257996, 2.12193e-05, -2.39313e-05, 3.19838e-05
0.956991, -0.746492, -0.260847, -0.746512, -0.260823, 2.0802e-05, -2.36928e-05, 3.1529e-05
0.957991, -0.744054, -0.263678, -0.744074, -0.263654, 2.0802e-05, -2.45273e-05, 3.21607e-05
0.958991, -0.741617, -0.266516, -0.741637, -0.266491, 2.07424e-05, -2.42889e-05, 3.19405e-05
0.959991, -0.739181, -0.269358, -0.739202, -0.269334, 2.08616e-05, -2.36928e-05, 3.15683e-05
0.960991, -0.736747, -0.272206, -0.736768, -0.272183, 2.09212e-05, -2.34246e-05, 3.14072e-05
0.961991, -0.734314, -0.275059, -0.734334, -0.275034, 2.07424e-05, -2.49445e-05, 3.24419e-05
0.962991, -0.731882, -0.277918, -0.731903, -0.277894, 2.09808e-05, -2.39313e-05, 3.18261e-05
0.963991, -0.729451, -0.280782, -0.729472, -0.280757, 2.09212e-05, -2.46465e-05, 3.23288e-05
0.964991, -0.727022, -0.283651, -0.727043, -0.283626, 2.0802e-05, -2.49743e-05, 3.2503e-05
0.965991, -0.724594, -0.286525, -0.724615, -0.286501, 2.11e-05, -2.48849e-05, 3.26262e-05
0.966991, -0.722167, -0.289405, -0.722188, -0.28938, 2.11596e-05, -2.50936e-05, 3.2824e-05
0.967991, -0.719741, -0.29229, -0.719762, -0.292265, 2.09212e-05, -2.56002e-05, 3.30616e-05
0.968991, -0.717317, -0.295181, -0.717338, -0.295157, 2.13385e-05, -2.42591e-05, 3.23084e-05
0.969991, -0.714894, -0.298077, -0.714915, -0.298052, 2.09808e-05, -2.46167e-05, 3.23447e-05
0.970991, -0.712472, -0.300978, -0.712493, -0.300952, 2.11e-05, -2.52426e-05, 3.28998e-05
0.971991, -0.710051, -0.303884, -0.710072, -0.303859, 2.13981e-05, -2.47061e-05, 3.26844e-05
0.972991, -0.707631, -0.306795, -0.707653, -0.30677, 2.12193e-05, -2.51532e-05, 3.2908e-05
0.973991, -0.705213, -0.309712, -0.705234, -0.309687, 2.12193e-05, -2.51234e-05, 3.28853e-05
0.974991, -0.702796, -0.312634, -0.702817, -0.312609, 2.14577e-05, -2.5332e-05, 3.31985e-05
0.975991, -0.70038, -0.315561, -0.700402, -0.315536, 2.13981e-05, -2.50638e-05, 3.29556e-05
0.976991, -0.697966, -0.318494, -0.697987, -0.318469, 2.13385e-05, -2.5034e-05, 3.28942e-05
0.977991, -0.695552, -0.321432, -0.695574, -0.321406, 2.14577e-05, -2.52426e-05, 3.31303e-05
0.978991, -0.69314, -0.324375, -0.693161, -0.324349, 2.15769e-05, -2.56598e-05, 3.35259e-05
0.979991, -0.690729, -0.327323, -0.69075, -0.327297, 2.13981e-05, -2.55704e-05, 3.33425e-05
0.980991, -0.688319, -0.330276, -0.688341, -0.330251, 2.14577e-05, -2.56896e-05, 3.34722e-05
0.981991, -0.685911, -0.333235, -0.685932, -0.333209, 2.17557e-05, -2.59876e-05, 3.3892e-05
0.982991, -0.683503, -0.336199, -0.683525, -0.336173, 2.15173e-05, -2.57492e-05, 3.35561e-05
0.983991, -0.681097, -0.339168, -0.681119, -0.339141, 2.15173e-05, -2.64347e-05, 3.4085e-05
0.984991, -0.678692, -0.342142, -0.678714, -0.342116, 2.12789e-05, -2.58386e-05, 3.34727e-05
0.985991, -0.676289, -0.345121, -0.67631, -0.345095, 2.15173e-05, -2.61366e-05, 3.38544e-05
0.986991, -0.673886, -0.348106, -0.673908, -0.348079, 2.16961e-05, -2.65837e-05, 3.43134e-05
0.987991, -0.671485, -0.351095, -0.671506, -0.351069, 2.16365e-05, -2.64943e-05, 3.42065e-05
0.988991, -0.669085, -0.35409, -0.669106, -0.354064, 2.15769e-05, -2.58088e-05, 3.36401e-05
0.989991, -0.666686, -0.35709, -0.666707, -0.357063, 2.15173e-05, -2.67029e-05, 3.42934e-05
0.990991, -0.664288, -0.360095, -0.66431, -0.360069, 2.16961e-05, -2.63155e-05, 3.41061e-05
0.991991, -0.661892, -0.363105, -0.661913, -0.363079, 2.18749e-05, -2.67625e-05, 3.4565e-05
0.992991, -0.659496, -0.366121, -0.659518, -0.366094, 2.18153e-05, -2.73287e-05, 3.49681e-05
0.993991, -0.657102, -0.369141, -0.657124, -0.369114, 2.19941e-05, -2.72989e-05, 3.50567e-05
0.994991, -0.654709, -0.372167, -0.654731, -0.37214, 2.16961e-05, -2.73585e-05, 3.49172e-05
0.995991, -0.652317, -0.375198, -0.652339, -0.375171, 2.18749e-05, -2.68221e-05, 3.46112e-05
0.996991, -0.649927, -0.378233, -0.649949, -0.378206, 2.18153e-05, -2.70903e-05, 3.47821e-05
0.997991, -0.647537, -0.381274, -0.647559, -0.381247, 2.17557e-05, -2.74181e-05, 3.50009e-05
0.998991, -0.645149, -0.38432, -0.645171, -0.384292, 2.21729e-05, -2.78354e-05, 3.55872e-05
0.999991, -0.642762, -0.387371, -0.642785, -0.387344, 2.23517e-05, -2.69115e-05, 3.49833e-05
1.00099, -0.640376, -0.390428, -0.640399, -0.3904, 2.20537e-05, -2.74777e-05, 3.52334e-05
1.00199, -0.637992, -0.393489, -0.638013, -0.393461, 2.15769e-05, -2.73883e-05, 3.48666e-05
1.00299, -0.635608, -0.396555, -0.63563, -0.396528, 2.15769e-05, -2.66135e-05, 3.42613e-05
1.00399, -0.633226, -0.399626, -0.633247, -0.399599, 2.13385e-05, -2.73287e-05, 3.46726e-05
1.00499, -0.630845, -0.402703, -0.630866, -0.402675, 2.13385e-05, -2.80738e-05, 3.52628e-05
1.00599, -0.628465, -0.405784, -0.628486, -0.405757, 2.11596e-05, -2.74181e-05, 3.46336e-05
1.00699, -0.626086, -0.40887, -0.626108, -0.408844, 2.14577e-05, -2.67923e-05, 3.43258e-05
1.00799, -0.623709, -0.411962, -0.623729, -0.411935, 2.0802e-05, -2.69115e-05, 3.4014e-05
1.00899, -0.621332, -0.415058, -0.621353, -0.415031, 2.11596e-05, -2.70307e-05, 3.43277e-05
1.00999, -0.618957, -0.41816, -0.618978, -0.418133, 2.10404e-05, -2.64347e-05, 3.3786e-05
1.01099, -0.616583, -0.421266, -0.616603, -0.42124, 2.04444e-05, -2.65539e-05, 3.35124e-05
1.01199, -0.61421, -0.424378, -0.614231, -0.424352, 2.08616e-05, -2.59578e-05, 3.33019e-05
1.01299, -0.611838, -0.427494, -0.611859, -0.427468, 2.03252e-05, -2.60472e-05, 3.30389e-05
1.01399, -0.609468, -0.430616, -0.609488, -0.43059, 2.03252e-05, -2.61366e-05, 3.31095e-05
1.01499, -0.607098, -0.433742, -0.607118, -0.433716, 2.00868e-05, -2.61962e-05, 3.30109e-05
1.01599, -0.60473, -0.436874, -0.60475, -0.436848, 2.01464e-05, -2.5481e-05, 3.24832e-05
1.01699, -0.602363, -0.44001, -0.602383, -0.439984, 1.97887e-05, -2.54512e-05, 3.22391e-05
1.01799, -0.599997, -0.443151, -0.600017, -0.443126, 1.96695e-05, -2.53618e-05, 3.20953e-05
1.01899, -0.597632, -0.446297, -0.597652, -0.446272, 1.98483e-05, -2.52426e-05, 3.21114e-05
1.01999, -0.595268, -0.449449, -0.595288, -0.449423, 1.96099e-05, -2.57492e-05, 3.23662e-05
1.02099, -0.592906, -0.452605, -0.592926, -0.452579, 1.96099e-05, -2.5481e-05, 3.21532e-05
1.02199, -0.590545, -0.455766, -0.590564, -0.455741, 1.91927e-05, -2.51532e-05, 3.16392e-05
1.02299, -0.588184, -0.458932, -0.588203, -0.458907, 1.90735e-05, -2.54512e-05, 3.1805e-05
1.02399, -0.585825, -0.462103, -0.585845, -0.462078, 1.91927e-05, -2.49445e-05, 3.14736e-05
1.02499, -0.583467, -0.465279, -0.583486, -0.465254, 1.88947e-05, -2.50638e-05, 3.13879e-05
1.02599, -0.581111, -0.46846, -0.58113, -0.468434, 1.88947e-05, -2.50638e-05, 3.13879e-05
1.02699, -0.578755, -0.471645, -0.578773, -0.47162, 1.84774e-05, -2.49743e-05, 3.10666e-05
1.02799, -0.576401, -0.474836, -0.576419, -0.474812, 1.85966e-05, -2.40505e-05, 3.04017e-05
1.02899, -0.574047, -0.478031, -0.574066, -0.478007, 1.8537e-05, -2.44379e-05, 3.0673e-05
1.02999, -0.571695, -0.481231, -0.571713, -0.481208, 1.82986e-05, -2.32756e-05, 2.96073e-05
1.03099, -0.569344, -0.484437, -0.569362, -0.484413, 1.83582e-05, -2.33948e-05, 2.97379e-05
1.03199, -0.566994, -0.487647, -0.567012, -0.487623, 1.80006e-05, -2.40803e-05, 3.00646e-05
1.03299, -0.564645, -0.490862, -0.564663, -0.490837, 1.7941e-05, -2.46167e-05, 3.04608e-05
1.03399, -0.562297, -0.494081, -0.562315, -0.494057, 1.81794e-05, -2.42889e-05, 3.03388e-05
1.03499, -0.559951, -0.497306, -0.559969, -0.497282, 1.80006e-05, -2.38121e-05, 2.98502e-05
1.03599, -0.557605, -0.500535, -0.557623, -0.500512, 1.81198e-05, -2.38419e-05, 2.9946e-05
1.03699, -0.555261, -0.50377, -0.555279, -0.503746, 1.78218e-05, -2.37226e-05, 2.96712e-05
1.03799, -0.552918, -0.507009, -0.552935, -0.506985, 1.7345e-05, -2.41399e-05, 2.97251e-05
1.03899, -0.550576, -0.510253, -0.550593, -0.51023, 1.74046e-05, -2.29478e-05, 2.88014e-05
1.03999, -0.548235, -0.513501, -0.548252, -0.513478, 1.72853e-05, -2.30074e-05, 2.87771e-05
1.04099, -0.545895, -0.516755, -0.545913, -0.516732, 1.74642e-05, -2.28882e-05, 2.879e-05
1.04199, -0.543556, -0.520013, -0.543574, -0.519991, 1.72853e-05, -2.25306e-05, 2.83973e-05
1.04299, -0.541219, -0.523277, -0.541236, -0.523254, 1.69277e-05, -2.27094e-05, 2.83242e-05
1.04399, -0.538882, -0.526545, -0.538899, -0.526523, 1.71065e-05, -2.19345e-05, 2.78165e-05
1.04499, -0.536547, -0.529817, -0.536564, -0.529795, 1.66893e-05, -2.23517e-05, 2.7895e-05
1.04599, -0.534213, -0.533095, -0.53423, -0.533073, 1.68085e-05, -2.18153e-05, 2.75397e-05
1.04699, -0.53188, -0.536377, -0.531896, -0.536354, 1.67489e-05, -2.2471e-05, 2.80262e-05
1.04799, -0.529548, -0.539664, -0.529564, -0.539642, 1.63317e-05, -2.21729e-05, 2.75384e-05
1.04899, -0.527217, -0.542956, -0.527233, -0.542934, 1.62125e-05, -2.16365e-05, 2.70367e-05
1.04999, -0.524887, -0.546252, -0.524903, -0.54623, 1.63913e-05, -2.22921e-05, 2.76697e-05
1.05099, -0.522558, -0.549554, -0.522574, -0.549532, 1.62125e-05, -2.19345e-05, 2.72758e-05
1.05199, -0.520231, -0.55286, -0.520247, -0.552838, 1.58548e-05, -2.13385e-05, 2.65839e-05
1.05299, -0.517904, -0.55617, -0.51792, -0.556148, 1.56164e-05, -2.18749e-05, 2.68772e-05
1.05399, -0.515579, -0.559486, -0.515594, -0.559465, 1.5676e-05, -2.07424e-05, 2.59997e-05
1.05499, -0.513255, -0.562806, -0.51327, -0.562785, 1.58548e-05, -2.07424e-05, 2.61079e-05
1.05599, -0.510931, -0.566131, -0.510947, -0.566111, 1.5378e-05, -2.04444e-05, 2.55823e-05
1.05699, -0.508609, -0.569461, -0.508625, -0.56944, 1.54972e-05, -2.05636e-05, 2.57493e-05
1.05799, -0.506288, -0.572795, -0.506304, -0.572775, 1.54972e-05, -2.03848e-05, 2.56067e-05
1.05899, -0.503968, -0.576134, -0.503983, -0.576113, 1.508e-05, -2.06232e-05, 2.55484e-05
1.05999, -0.50165, -0.579478, -0.501665, -0.579458, 1.50204e-05, -1.97887e-05, 2.48436e-05
1.06099, -0.499332, -0.582826, -0.499347, -0.582806, 1.48118e-05, -2.00868e-05, 2.49573e-05
1.06199, -0.497015, -0.586179, -0.49703, -0.586158, 1.47223e-05, -2.07424e-05, 2.54361e-05
1.06299, -0.4947, -0.589537, -0.494714, -0.589517, 1.47223e-05, -1.96695e-05, 2.4569e-05
1.06399, -0.492385, -0.592899, -0.4924, -0.59288, 1.46031e-05, -1.96695e-05, 2.44978e-05
1.06499, -0.490072, -0.596266, -0.490086, -0.596246, 1.43349e-05, -2.00272e-05, 2.46288e-05
1.06599, -0.48776, -0.599638, -0.487774, -0.599619, 1.41859e-05, -1.93119e-05, 2.39623e-05
1.06699, -0.485449, -0.603015, -0.485463, -0.602995, 1.41561e-05, -1.96695e-05, 2.4234e-05
1.06799, -0.483138, -0.606396, -0.483152, -0.606376, 1.40071e-05, -1.96695e-05, 2.41472e-05
1.06899, -0.480829, -0.609781, -0.480844, -0.609762, 1.41859e-05, -1.92523e-05, 2.39142e-05
1.06999, -0.478521, -0.613171, -0.478535, -0.613153, 1.40071e-05, -1.84774e-05, 2.31865e-05
1.07099, -0.476215, -0.616566, -0.476228, -0.616548, 1.37091e-05, -1.87159e-05, 2.31996e-05
1.07199, -0.473909, -0.619966, -0.473922, -0.619947, 1.35303e-05, -1.85966e-05, 2.29979e-05
1.07299, -0.471604, -0.62337, -0.471617, -0.623352, 1.34706e-05, -1.80602e-05, 2.25306e-05
1.07399, -0.4693, -0.626778, -0.469314, -0.62676, 1.32918e-05, -1.8537e-05, 2.281e-05
1.07499, -0.466998, -0.630192, -0.467011, -0.630173, 1.34706e-05, -1.85966e-05, 2.29629e-05
1.07599, -0.464696, -0.63361, -0.46471, -0.633591, 1.32918e-05, -1.8239e-05, 2.25684e-05
1.07699, -0.462396, -0.637032, -0.462409, -0.637013, 1.27554e-05, -1.88947e-05, 2.27971e-05
1.07799, -0.460096, -0.640459, -0.460109, -0.640441, 1.28448e-05, -1.77026e-05, 2.18717e-05
1.07899, -0.457798, -0.643891, -0.457811, -0.643873, 1.2815e-05, -1.75238e-05, 2.17096e-05
1.07999, -0.455501, -0.647327, -0.455513, -0.647309, 1.2666e-05, -1.75834e-05, 2.16703e-05
1.08099, -0.453205, -0.650768, -0.453218, -0.65075, 1.28746e-05, -1.7941e-05, 2.20825e-05
1.08199, -0.450909, -0.654213, -0.450922, -0.654196, 1.27554e-05, -1.71065e-05, 2.13385e-05
1.08299, -0.448615, -0.657663, -0.448628, -0.657645, 1.22786e-05, -1.72853e-05, 2.12025e-05
1.08399, -0.446322, -0.661117, -0.446335, -0.6611, 1.21891e-05, -1.69873e-05, 2.0908e-05
1.08499, -0.44403, -0.664576, -0.444043, -0.664559, 1.24574e-05, -1.69277e-05, 2.10175e-05
1.08599, -0.44174, -0.668039, -0.441751, -0.668022, 1.19209e-05, -1.71065e-05, 2.08505e-05
1.08699, -0.43945, -0.671507, -0.439462, -0.671491, 1.20103e-05, -1.60933e-05, 2.00809e-05
1.08799, -0.437161, -0.67498, -0.437173, -0.674963, 1.19805e-05, -1.66893e-05, 2.05442e-05
1.08899, -0.434873, -0.678457, -0.434885, -0.67844, 1.16229e-05, -1.68085e-05, 2.04357e-05
1.08999, -0.432586, -0.681938, -0.432598, -0.681922, 1.16527e-05, -1.64509e-05, 2.01598e-05
1.09099, -0.430301, -0.685424, -0.430312, -0.685408, 1.15931e-05, -1.62721e-05, 1.99795e-05
1.092, -0.428016, -0.688915, -0.428028, -0.688899, 1.14143e-05, -1.63317e-05, 1.99251e-05
1.093, -0.425733, -0.69241, -0.425744, -0.692394, 1.11461e-05, -1.58548e-05, 1.93807e-05
1.094, -0.42345, -0.695909, -0.423461, -0.695894, 1.12653e-05, -1.55568e-05, 1.92073e-05
1.095, -0.421169, -0.699413, -0.42118, -0.699398, 1.10567e-05, -1.54376e-05, 1.89887e-05
1.096, -0.418888, -0.702922, -0.4189, -0.702906, 1.12355e-05, -1.54972e-05, 1.91416e-05
1.097, -0.416609, -0.706434, -0.41662, -0.706419, 1.11163e-05, -1.50204e-05, 1.86864e-05
1.098, -0.414331, -0.709952, -0.414341, -0.709937, 1.06692e-05, -1.47223e-05, 1.81819e-05
1.099, -0.412053, -0.713473, -0.412064, -0.713459, 1.06096e-05, -1.45435e-05, 1.80022e-05
1.1, -0.409777, -0.717, -0.409787, -0.716985, 1.04606e-05, -1.45435e-05, 1.79148e-05
1.101, -0.407502, -0.72053, -0.407512, -0.720516, 1.02222e-05, -1.46627e-05, 1.78743e-05
1.102, -0.405228, -0.724065, -0.405238, -0.724051, 1.01626e-05, -1.42455e-05, 1.74989e-05
1.103, -0.402954, -0.727605, -0.402964, -0.72759, 1.00136e-05, -1.46627e-05, 1.77558e-05
1.104, -0.400682, -0.731149, -0.400692, -0.731134, 9.80496e-06, -1.44839e-05, 1.74906e-05
1.105, -0.398411, -0.734697, -0.398421, -0.734683, 9.98378e-06, -1.37091e-05, 1.69592e-05
1.106, -0.396141, -0.73825, -0.396151, -0.738235, 9.86457e-06, -1.44839e-05, 1.75241e-05
1.107, -0.393872, -0.741807, -0.393882, -0.741793, 9.65595e-06, -1.39475e-05, 1.69638e-05
1.108, -0.391604, -0.745369, -0.391613, -0.745354, 9.38773e-06, -1.42455e-05, 1.70606e-05
1.109, -0.389337, -0.748935, -0.389347, -0.748921, 9.74536e-06, -1.32322e-05, 1.64336e-05
1.11, -0.387071, -0.752505, -0.38708, -0.752491, 9.32813e-06, -1.37091e-05, 1.65817e-05
1.111, -0.384806, -0.75608, -0.384815, -0.756066, 9.56655e-06, -1.35899e-05, 1.66194e-05
1.112, -0.382542, -0.759659, -0.382551, -0.759646, 9.0301e-06, -1.2815e-05, 1.5677e-05
1.113, -0.380279, -0.763242, -0.380288, -0.763229, 8.91089e-06, -1.2815e-05, 1.56086e-05
1.114, -0.378017, -0.76683, -0.378026, -0.766818, 9.17912e-06, -1.21593e-05, 1.5235e-05
1.115, -0.375756, -0.770422, -0.375765, -0.77041, 9.14931e-06, -1.23382e-05, 1.53603e-05
1.116, -0.373496, -0.774019, -0.373505, -0.774006, 8.82149e-06, -1.25766e-05, 1.53619e-05
1.117, -0.371237, -0.777619, -0.371246, -0.777607, 8.91089e-06, -1.2815e-05, 1.56086e-05
1.118, -0.36898, -0.781225, -0.368988, -0.781212, 8.70228e-06, -1.23978e-05, 1.51471e-05
1.119, -0.366723, -0.784834, -0.366731, -0.784822, 8.22544e-06, -1.20401e-05, 1.45816e-05
1.12, -0.364467, -0.788448, -0.364475, -0.788436, 8.16584e-06, -1.17421e-05, 1.43024e-05
1.121, -0.362212, -0.792066, -0.36222, -0.792054, 8.04663e-06, -1.21593e-05, 1.45807e-05
1.122, -0.359958, -0.795689, -0.359966, -0.795677, 7.86781e-06, -1.19209e-05, 1.42832e-05
1.123, -0.357705, -0.799316, -0.357713, -0.799304, 7.86781e-06, -1.16825e-05, 1.40849e-05
1.124, -0.355454, -0.802947, -0.355461, -0.802936, 7.83801e-06, -1.07288e-05, 1.32869e-05
1.125, -0.353203, -0.806582, -0.35321, -0.806571, 7.7486e-06, -1.12057e-05, 1.36238e-05
1.126, -0.350953, -0.810222, -0.35096, -0.810211, 7.62939e-06, -1.09673e-05, 1.336e-05
1.127, -0.348704, -0.813866, -0.348711, -0.813856, 7.45058e-06, -1.00136e-05, 1.24813e-05
1.128, -0.346456, -0.817514, -0.346464, -0.817504, 7.48038e-06, -9.77516e-06, 1.23089e-05
1.129, -0.344209, -0.821167, -0.344217, -0.821156, 7.45058e-06, -1.0252e-05, 1.26734e-05
1.13, -0.341964, -0.824823, -0.341971, -0.824813, 7.39098e-06, -1.06692e-05, 1.29792e-05
1.131, -0.339719, -0.828485, -0.339726, -0.828474, 7.03335e-06, -1.03712e-05, 1.25312e-05
1.132, -0.337475, -0.83215, -0.337482, -0.83214, 7.12276e-06, -1.00136e-05, 1.22884e-05
1.133, -0.335232, -0.83582, -0.335239, -0.83581, 6.94394e-06, -9.65595e-06, 1.18935e-05
1.134, -0.33299, -0.839493, -0.332997, -0.839483, 6.49691e-06, -9.95398e-06, 1.18866e-05
1.135, -0.330749, -0.843171, -0.330756, -0.843162, 6.73532e-06, -9.47714e-06, 1.16267e-05
1.136, -0.328509, -0.846854, -0.328516, -0.846845, 6.91414e-06, -8.9407e-06, 1.13023e-05
1.137, -0.32627, -0.85054, -0.326277, -0.850531, 6.34789e-06, -9.05991e-06, 1.10624e-05
1.138, -0.324033, -0.854231, -0.324039, -0.854222, 6.22869e-06, -9.11951e-06, 1.10436e-05
1.139, -0.321796, -0.857926, -0.321802, -0.857917, 6.07967e-06, -9.11951e-06, 1.09603e-05
1.14, -0.31956, -0.861625, -0.319566, -0.861616, 5.90086e-06, -9.05991e-06, 1.08121e-05
1.141, -0.317325, -0.865329, -0.317331, -0.865321, 5.93066e-06, -8.16584e-06, 1.00923e-05
1.142, -0.315091, -0.869036, -0.315097, -0.869029, 5.96046e-06, -7.92742e-06, 9.91822e-06
1.143, -0.312858, -0.872748, -0.312864, -0.87274, 5.96046e-06, -8.28505e-06, 1.02063e-05
1.144, -0.310626, -0.876464, -0.310631, -0.876456, 5.69224e-06, -7.80821e-06, 9.6628e-06
1.145, -0.308395, -0.880184, -0.3084, -0.880176, 5.87106e-06, -7.98702e-06, 9.91271e-06
1.146, -0.306164, -0.883909, -0.30617, -0.883901, 5.81145e-06, -8.04663e-06, 9.92578e-06
1.147, -0.303935, -0.887637, -0.303941, -0.887629, 5.48363e-06, -7.98702e-06, 9.68828e-06
1.148, -0.301707, -0.89137, -0.301712, -0.891362, 5.126e-06, -7.80821e-06, 9.34045e-06
1.149, -0.29948, -0.895107, -0.299485, -0.8951, 5.48363e-06, -7.51019e-06, 9.29909e-06
1.15, -0.297254, -0.898848, -0.297259, -0.898841, 5.0962e-06, -7.03335e-06, 8.68558e-06
1.151, -0.295029, -0.902593, -0.295034, -0.902587, 5.1856e-06, -6.4373e-06, 8.26616e-06
1.152, -0.292804, -0.906343, -0.292809, -0.906336, 5.00679e-06, -7.15256e-06, 8.73081e-06
1.153, -0.290581, -0.910096, -0.290586, -0.91009, 4.58956e-06, -6.25849e-06, 7.76097e-06
1.154, -0.288359, -0.913854, -0.288363, -0.913848, 4.64916e-06, -5.90086e-06, 7.51231e-06
1.155, -0.286137, -0.917616, -0.286142, -0.917609, 4.44055e-06, -6.13928e-06, 7.57689e-06
1.156, -0.283917, -0.921381, -0.283921, -0.921376, 4.70877e-06, -5.48363e-06, 7.22791e-06
1.157, -0.281697, -0.925151, -0.281702, -0.925146, 4.73857e-06, -5.36442e-06, 7.15758e-06
1.158, -0.279479, -0.928926, -0.279483, -0.928919, 4.05312e-06, -6.49691e-06, 7.65752e-06
1.159, -0.277261, -0.932704, -0.277265, -0.932698, 4.08292e-06, -5.30481e-06, 6.69412e-06
1.16, -0.275045, -0.936486, -0.275049, -0.936481, 4.11272e-06, -5.36442e-06, 6.75955e-06
1.161, -0.272829, -0.940273, -0.272833, -0.940267, 3.8743e-06, -5.24521e-06, 6.52092e-06
1.162, -0.270614, -0.944063, -0.270618, -0.944057, 3.63588e-06, -5.60284e-06, 6.67918e-06
1.163, -0.268401, -0.947858, -0.268404, -0.947853, 3.66569e-06, -5.06639e-06, 6.25345e-06
1.164, -0.266188, -0.951656, -0.266191, -0.951651, 3.45707e-06, -5.00679e-06, 6.08435e-06
1.165, -0.263976, -0.955459, -0.263979, -0.955455, 3.48687e-06, -4.05312e-06, 5.34659e-06
1.166, -0.261765, -0.959266, -0.261769, -0.959262, 3.51667e-06, -4.29153e-06, 5.54836e-06
1.167, -0.259555, -0.963077, -0.259558, -0.963073, 3.30806e-06, -3.57628e-06, 4.87165e-06
1.168, -0.257346, -0.966892, -0.257349, -0.966888, 3.09944e-06, -4.05312e-06, 5.10238e-06
1.169, -0.255138, -0.970711, -0.255141, -0.970707, 3.15905e-06, -3.57628e-06, 4.77172e-06
1.17, -0.252931, -0.974534, -0.252934, -0.974531, 2.98023e-06, -2.86102e-06, 4.13125e-06
1.171, -0.250725, -0.978361, -0.250728, -0.978357, 3.03984e-06, -3.33786e-06, 4.51463e-06
1.172, -0.24852, -0.982192, -0.248523, -0.982188, 3.12924e-06, -3.57628e-06, 4.75205e-06
1.173, -0.246315, -0.986027, -0.246318, -0.986024, 2.5183e-06, -3.51667e-06, 4.32537e-06
1.174, -0.244112, -0.989866, -0.244115, -0.989864, 2.63751e-06, -2.5034e-06, 3.6364e-06
1.175, -0.24191, -0.99371, -0.241912, -0.993707, 2.77162e-06, -2.68221e-06, 3.85695e-06
1.176, -0.239708, -0.997557, -0.239711, -0.997554, 2.68221e-06, -2.563e-06, 3.70988e-06
1.177, -0.237508, -1.00141, -0.23751, -1.00141, 2.36928e-06, -2.14577e-06, 3.19653e-06
1.178, -0.235308, -1.00526, -0.235311, -1.00526, 2.563e-06, -2.14577e-06, 3.34265e-06
1.179, -0.233109, -1.00912, -0.233111, -1.00912, 2.05636e-06, -1.90735e-06, 2.80475e-06
1.18, -0.230912, -1.01299, -0.230914, -1.01298, 2.29478e-06, -1.3113e-06, 2.64301e-06
1.181, -0.228715, -1.01685, -0.228717, -1.01685, 1.83284e-06, -1.90735e-06, 2.64524e-06
1.182, -0.226519, -1.02072, -0.226521, -1.02072, 1.87755e-06, -1.43051e-06, 2.36041e-06
1.183, -0.224324, -1.0246, -0.224326, -1.0246, 1.71363e-06, -7.15256e-07, 1.85691e-06
1.184, -0.22213, -1.02848, -0.222131, -1.02848, 1.57952e-06, -1.07288e-06, 1.90944e-06
1.185, -0.219937, -1.03236, -0.219938, -1.03236, 1.46031e-06, -3.57628e-07, 1.50347e-06
1.186, -0.217745, -1.03625, -0.217746, -1.03625, 1.37091e-06, -1.43051e-06, 1.98135e-06
1.187, -0.215553, -1.04014, -0.215555, -1.04014, 1.3262e-06, -8.34465e-07, 1.56689e-06
1.188, -0.213363, -1.04404, -0.213364, -1.04403, 1.3113e-06, -5.96046e-07, 1.44041e-06
1.189, -0.211174, -1.04793, -0.211175, -1.04793, 1.3262e-06, 0, 1.3262e-06
1.19, -0.208985, -1.05184, -0.208986, -1.05184, 1.13249e-06, 2.38419e-07, 1.15731e-06
1.191, -0.206798, -1.05574, -0.206798, -1.05574, 7.45058e-07, 1.19209e-07, 7.54535e-07
1.192, -0.204611, -1.05965, -0.204612, -1.05965, 8.64267e-07, 3.57628e-07, 9.35337e-07
1.193, -0.202425, -1.06357, -0.202426, -1.06357, 7.89762e-07, 9.53674e-07, 1.23823e-06
1.194, -0.20024, -1.06749, -0.200241, -1.06749, 5.21541e-07, 1.19209e-06, 1.30119e-06
1.195, -0.198056, -1.07141, -0.198057, -1.07141, 7.59959e-07, 1.07288e-06, 1.31477e-06
1.196, -0.195873, -1.07534, -0.195874, -1.07534, 3.27826e-07, 1.43051e-06, 1.46759e-06
1.197, -0.193691, -1.07927, -0.193691, -1.07927, 1.78814e-07, 1.43051e-06, 1.44164e-06
1.198, -0.19151, -1.0832, -0.19151, -1.0832, 3.12924e-07, 1.78814e-06, 1.81531e-06
1.199, -0.18933, -1.08714, -0.18933, -1.08714, 1.49012e-08, 1.78814e-06, 1.7882e-06
1.2, -0.18715, -1.09108, -0.18715, -1.09108, 0, 1.54972e-06, 1.54972e-06
1.201, -0.184972, -1.09503, -0.184972, -1.09503, -1.93715e-07, 1.66893e-06, 1.68013e-06
1.202, -0.182794, -1.09898, -0.182794, -1.09898, -1.04308e-07, 1.54972e-06, 1.55323e-06
1.203, -0.180618, -1.10293, -0.180617, -1.10293, -4.47035e-07, 2.5034e-06, 2.543e-06
1.204, -0.178442, -1.10689, -0.178442, -1.10689, -4.91738e-07, 2.5034e-06, 2.55123e-06
1.205, -0.176267, -1.11085, -0.176267, -1.11085, -2.38419e-07, 2.86102e-06, 2.87094e-06
1.206, -0.174093, -1.11482, -0.174093, -1.11482, -6.55651e-07, 2.98023e-06, 3.0515e-06
1.207, -0.17192, -1.11878, -0.17192, -1.11879, -5.36442e-07, 3.57628e-06, 3.61629e-06
1.208, -0.169748, -1.12276, -0.169747, -1.12276, -5.96046e-07, 3.09944e-06, 3.15623e-06
1.209, -0.167577, -1.12673, -0.167576, -1.12674, -8.34465e-07, 3.09944e-06, 3.20981e-06
1.21, -0.165406, -1.13071, -0.165405, -1.13072, -1.01328e-06, 4.29153e-06, 4.40954e-06
1.211, -0.163237, -1.1347, -0.163236, -1.1347, -1.13249e-06, 3.8147e-06, 3.97925e-06
1.212, -0.161068, -1.13869, -0.161067, -1.13869, -1.19209e-06, 4.52995e-06, 4.68418e-06
1.213, -0.1589, -1.14268, -0.158899, -1.14268, -1.43051e-06, 4.29153e-06, 4.52367e-06
1.214, -0.156734, -1.14668, -0.156733, -1.14668, -1.13249e-06, 3.69549e-06, 3.86512e-06
1.215, -0.154568, -1.15068, -0.154566, -1.15068, -1.71363e-06, 4.41074e-06, 4.73193e-06
1.216, -0.152403, -1.15468, -0.152401, -1.15468, -1.75834e-06, 4.88758e-06, 5.19425e-06
1.217, -0.150239, -1.15869, -0.150237, -1.15869, -1.72853e-06, 5.126e-06, 5.40959e-06
1.218, -0.148075, -1.1627, -0.148074, -1.1627, -1.63913e-06, 5.126e-06, 5.38169e-06
1.219, -0.145913, -1.16671, -0.145911, -1.16672, -1.95205e-06, 5.60284e-06, 5.93315e-06
1.22, -0.143751, -1.17073, -0.143749, -1.17074, -2.19047e-06, 5.84126e-06, 6.23846e-06
1.221, -0.141591, -1.17475, -0.141588, -1.17476, -2.35438e-06, 5.84126e-06, 6.29789e-06
1.222, -0.139431, -1.17878, -0.139429, -1.17879, -1.96695e-06, 5.72205e-06, 6.05068e-06
1.223, -0.137272, -1.18281, -0.13727, -1.18282, -2.22027e-06, 6.79493e-06, 7.14847e-06
1.224, -0.135114, -1.18684, -0.135112, -1.18685, -2.39909e-06, 6.31809e-06, 6.75825e-06
1.225, -0.132957, -1.19088, -0.132955, -1.19089, -2.5034e-06, 7.03335e-06, 7.46559e-06
1.226, -0.130801, -1.19492, -0.130798, -1.19493, -2.77162e-06, 6.79493e-06, 7.33845e-06
1.227, -0.128646, -1.19897, -0.128643, -1.19898, -2.48849e-06, 7.15256e-06, 7.57309e-06
1.228, -0.126491, -1.20302, -0.126489, -1.20302, -2.35438e-06, 7.39098e-06, 7.75691e-06
1.229, -0.124337, -1.20707, -0.124335, -1.20708, -2.86102e-06, 7.39098e-06, 7.9254e-06
1.23, -0.122185, -1.21113, -0.122182, -1.21113, -3.03984e-06, 7.27177e-06, 7.88157e-06
1.231, -0.120033, -1.21519, -0.12003, -1.21519, -2.89828e-06, 7.7486e-06, 8.2729e-06
1.232, -0.117882, -1.21925, -0.117879, -1.21926, -3.1516e-06, 7.98702e-06, 8.58633e-06
1.233, -0.115732, -1.22332, -0.115728, -1.22333, -3.31551e-06, 8.10623e-06, 8.75806e-06
1.234, -0.113582, -1.22739, -0.113579, -1.2274, -3.39001e-06, 8.82149e-06, 9.45044e-06
1.235, -0.111434, -1.23146, -0.11143, -1.23147, -3.62098e-06, 8.70228e-06, 9.42556e-06
1.236, -0.109286, -1.23554, -0.109283, -1.23555, -3.28571e-06, 9.17912e-06, 9.74946e-06
1.237, -0.10714, -1.23962, -0.107136, -1.23963, -3.80725e-06, 9.53674e-06, 1.02686e-05
1.238, -0.104994, -1.24371, -0.10499, -1.24372, -3.76254e-06, 9.77516e-06, 1.04743e-05
1.239, -0.102849, -1.2478, -0.102845, -1.24781, -3.8594e-06, 9.89437e-06, 1.06204e-05
1.24, -0.100705, -1.25189, -0.100701, -1.2519, -4.10527e-06, 9.89437e-06, 1.07122e-05
1.241, -0.0985617, -1.25599, -0.0985579, -1.256, -3.77744e-06, 1.12057e-05, 1.18252e-05
1.242, -0.0964193, -1.26009, -0.096415, -1.2601, -4.30644e-06, 1.0252e-05, 1.11198e-05
1.243, -0.0942778, -1.2642, -0.0942736, -1.26421, -4.26173e-06, 1.06096e-05, 1.14336e-05
1.244, -0.0921372, -1.2683, -0.0921328, -1.26832, -4.35859e-06, 1.0848e-05, 1.16909e-05
1.245, -0.0899974, -1.27242, -0.089993, -1.27243, -4.35114e-06, 1.10865e-05, 1.19097e-05
1.246, -0.0878584, -1.27653, -0.0878541, -1.27654, -4.24683e-06, 1.12057e-05, 1.19834e-05
1.247, -0.0857203, -1.28065, -0.0857155, -1.28066, -4.75347e-06, 1.12057e-05, 1.21722e-05
1.248, -0.083583, -1.28477, -0.0835783, -1.28479, -4.67896e-06, 1.19209e-05, 1.28063e-05
1.249, -0.0814466, -1.2889, -0.0814419, -1.28891, -4.73857e-06, 1.18017e-05, 1.27175e-05
1.25, -0.0793111, -1.29303, -0.0793061, -1.29304, -4.93228e-06, 1.22786e-05, 1.32322e-05
1.251, -0.0771763, -1.29716, -0.0771713, -1.29718, -5.01424e-06, 1.27554e-05, 1.37056e-05
1.252, -0.0750425, -1.3013, -0.0750375, -1.30131, -4.99189e-06, 1.32322e-05, 1.41425e-05
1.253, -0.0729094, -1.30544, -0.0729046, -1.30546, -4.85778e-06, 1.35899e-05, 1.4432e-05
1.254, -0.0707773, -1.30959, -0.0707719, -1.3096, -5.33462e-06, 1.32322e-05, 1.42671e-05
1.255, -0.0686459, -1.31373, -0.0686405, -1.31375, -5.46128e-06, 1.27554e-05, 1.38754e-05
1.256, -0.0665154, -1.31789, -0.0665102, -1.3179, -5.23031e-06, 1.37091e-05, 1.46729e-05
1.257, -0.0643858, -1.32204, -0.0643802, -1.32206, -5.60284e-06, 1.32322e-05, 1.43695e-05
1.258, -0.062257, -1.3262, -0.0622511, -1.32621, -5.86361e-06, 1.34706e-05, 1.46915e-05
1.259, -0.060129, -1.33036, -0.0601232, -1.33038, -5.77047e-06, 1.37091e-05, 1.4874e-05
1.26, -0.0580018, -1.33453, -0.057996, -1.33454, -5.79655e-06, 1.45435e-05, 1.56561e-05
1.261, -0.0558755, -1.3387, -0.0558696, -1.33871, -5.94556e-06, 1.39475e-05, 1.51619e-05
1.262, -0.0537501, -1.34287, -0.0537443, -1.34289, -5.73695e-06, 1.4782e-05, 1.58562e-05
1.263, -0.0516254, -1.34705, -0.0516193, -1.34706, -6.12065e-06, 1.49012e-05, 1.61092e-05
1.264, -0.0495016, -1.35123, -0.0494957, -1.35125, -5.90831e-06, 1.50204e-05, 1.61406e-05
1.265, -0.0473786, -1.35541, -0.0473723, -1.35543, -6.28829e-06, 1.51396e-05, 1.63936e-05
1.266, -0.0452565, -1.3596, -0.0452499, -1.35962, -6.54534e-06, 1.5378e-05, 1.6713e-05
1.267, -0.0431352, -1.36379, -0.0431287, -1.36381, -6.4373e-06, 1.63317e-05, 1.75546e-05
1.268, -0.0410147, -1.36799, -0.041008, -1.368, -6.68317e-06, 1.65701e-05, 1.78671e-05
1.269, -0.038895, -1.37219, -0.0388885, -1.3722, -6.56024e-06, 1.60933e-05, 1.7379e-05
1.27, -0.0367762, -1.37639, -0.0367692, -1.3764, -7.0259e-06, 1.56164e-05, 1.71241e-05
1.271, -0.0346582, -1.38059, -0.0346513, -1.38061, -6.88434e-06, 1.66893e-05, 1.80534e-05
1.272, -0.032541, -1.3848, -0.0325341, -1.38482, -6.85081e-06, 1.70469e-05, 1.8372e-05
1.273, -0.0304246, -1.38901, -0.0304177, -1.38903, -6.92531e-06, 1.68085e-05, 1.81793e-05
1.274, -0.0283091, -1.39323, -0.028302, -1.39325, -7.10599e-06, 1.65701e-05, 1.80295e-05
1.275, -0.0261943, -1.39745, -0.0261869, -1.39747, -7.39284e-06, 1.70469e-05, 1.8581e-05
1.276, -0.0240804, -1.40167, -0.0240734, -1.40169, -7.06688e-06, 1.7643e-05, 1.90057e-05
1.277, -0.0219673, -1.4059, -0.0219598, -1.40592, -7.55861e-06, 1.75238e-05, 1.90844e-05
1.278, -0.0198551, -1.41013, -0.0198476, -1.41015, -7.43754e-06, 1.8239e-05, 1.96972e-05
1.279, -0.0177436, -1.41436, -0.0177362, -1.41438, -7.41705e-06, 1.83582e-05, 1.97999e-05
1.28, -0.015633, -1.4186, -0.0156255, -1.41862, -7.49528e-06, 1.84774e-05, 1.99398e-05
1.281, -0.0135231, -1.42284, -0.0135155, -1.42286, -7.67317e-06, 1.87159e-05, 2.02277e-05
1.282, -0.0114141, -1.42708, -0.0114062, -1.4271, -7.94791e-06, 1.90735e-05, 2.06632e-05
1.283, -0.00930593, -1.43133, -0.00929785, -1.43135, -8.08015e-06, 1.88351e-05, 2.04951e-05
1.284, -0.00719854, -1.43558, -0.00719047, -1.4356, -8.06944e-06, 1.85966e-05, 2.02719e-05
1.285, -0.00509195, -1.43984, -0.00508356, -1.43986, -8.39122e-06, 1.84774e-05, 2.02936e-05
1.286, -0.00298618, -1.4441, -0.00297785, -1.44411, -8.32905e-06, 1.91927e-05, 2.09221e-05
1.287, -0.000881209, -1.44836, -0.000872612, -1.44838, -8.59727e-06, 1.93119e-05, 2.11391e-05
1.288, 0.00122295, -1.45262, 0.00123119, -1.45264, -8.24104e-06, 1.95503e-05, 2.12163e-05
1.289, 0.00332631, -1.45689, 0.003335, -1.45691, -8.68971e-06, 1.9908e-05, 2.17218e-05
1.29, 0.00542886, -1.46116, 0.00543737, -1.46118, -8.51229e-06, 2.03848e-05, 2.20907e-05
1.291, 0.00753061, -1.46544, 0.00753927, -1.46546, -8.66037e-06, 2.09808e-05, 2.2698e-05
1.292, 0.00963156, -1.46972, 0.00964022, -1.46974, -8.65664e-06, 2.09808e-05, 2.26965e-05
1.293, 0.0117317, -1.474, 0.0117402, -1.47402, -8.50018e-06, 2.12193e-05, 2.28585e-05
1.294, 0.0138311, -1.47828, 0.0138402, -1.4783, -9.14373e-06, 2.08616e-05, 2.27775e-05
1.295, 0.0159296, -1.48257, 0.0159388, -1.48259, -9.1549e-06, 2.13385e-05, 2.32194e-05
1.296, 0.0180274, -1.48686, 0.0180368, -1.48689, -9.48645e-06, 2.19345e-05, 2.3898e-05
1.297, 0.0201243, -1.49116, 0.020134, -1.49118, -9.66154e-06, 2.13385e-05, 2.34238e-05
1.298, 0.0222205, -1.49546, 0.0222301, -1.49548, -9.6783e-06, 2.15769e-05, 2.36481e-05
1.299, 0.0243158, -1.49976, 0.0243254, -1.49978, -9.53488e-06, 2.19345e-05, 2.39173e-05
1.29906, 0.0244327, -1.5, 0.0244422, -1.50002, -9.46224e-06, 2.43187e-05, 2.60947e-05
