time, x, y, aX, aY, DX, DY, Error
0, -4, -1.5, -4, -1.5, 0, 0, 0
0.001, -3.99514, -1.49243, -3.99514, -1.49244, 2.14577e-06, 9.41753e-06, 9.6589e-06
0.002, -3.99028, -1.48487, -3.99028, -1.48489, 4.52995e-06, 1.90735e-05, 1.9604e-05
0.003, -3.98543, -1.47734, -3.98543, -1.47737, 6.67572e-06, 2.87294e-05, 2.94948e-05
0.004, -3.98058, -1.46982, -3.98058, -1.46986, 8.82149e-06, 3.85046e-05, 3.95022e-05
0.005, -3.97573, -1.46233, -3.97574, -1.46237, 1.12057e-05, 4.79221e-05, 4.92148e-05
0.006, -3.97089, -1.45485, -3.9709, -1.45491, 1.33514e-05, 5.75781e-05, 5.91058e-05
0.007, -3.96605, -1.44739, -3.96607, -1.44746, 1.54972e-05, 6.67572e-05, 6.85324e-05
0.008, -3.96122, -1.43995, -3.96124, -1.44003, 1.78814e-05, 7.62939e-05, 7.83614e-05
0.009, -3.9564, -1.43253, -3.95642, -1.43262, 2.00272e-05, 8.60691e-05, 8.83684e-05
0.01, -3.95157, -1.42513, -3.9516, -1.42523, 2.19345e-05, 9.48906e-05, 9.73928e-05
0.011, -3.94676, -1.41775, -3.94678, -1.41785, 2.43187e-05, 0.000104666, 0.000107454
0.012, -3.94194, -1.41039, -3.94197, -1.4105, 2.64645e-05, 0.000114083, 0.000117113
0.013, -3.93713, -1.40304, -3.93716, -1.40316, 2.88486e-05, 0.000123382, 0.000126709
0.014, -3.93233, -1.39572, -3.93236, -1.39585, 3.0756e-05, 0.000132322, 0.00013585
0.015, -3.92753, -1.38841, -3.92756, -1.38855, 3.31402e-05, 0.00014174, 0.000145563
0.016, -3.92273, -1.38112, -3.92277, -1.38127, 3.52859e-05, 0.000151038, 0.000155105
0.017, -3.91794, -1.37385, -3.91798, -1.37401, 3.74317e-05, 0.000160098, 0.000164416
0.018, -3.91315, -1.3666, -3.91319, -1.36677, 3.93391e-05, 0.000169158, 0.000173672
0.019, -3.90837, -1.35937, -3.90841, -1.35955, 4.14848e-05, 0.000178576, 0.000183331
0.02, -3.90359, -1.35216, -3.90363, -1.35235, 4.36306e-05, 0.000187516, 0.000192525
0.021, -3.89882, -1.34497, -3.89886, -1.34517, 4.57764e-05, 0.000196815, 0.000202068
0.022, -3.89405, -1.33779, -3.89409, -1.338, 4.79221e-05, 0.000205517, 0.00021103
0.023, -3.88928, -1.33064, -3.88933, -1.33085, 5.00679e-05, 0.000214934, 0.000220689
0.024, -3.88452, -1.3235, -3.88457, -1.32372, 5.19753e-05, 0.000223756, 0.000229713
0.025, -3.87976, -1.31638, -3.87982, -1.31662, 5.38826e-05, 0.000232577, 0.000238737
0.026, -3.87501, -1.30928, -3.87507, -1.30953, 5.62668e-05, 0.000242114, 0.000248566
0.027, -3.87026, -1.3022, -3.87032, -1.30245, 5.84126e-05, 0.000251174, 0.000257877
0.028, -3.86552, -1.29514, -3.86558, -1.2954, 6.03199e-05, 0.000259638, 0.000266553
0.029, -3.86078, -1.28809, -3.86084, -1.28836, 6.27041e-05, 0.000268936, 0.000276149
0.03, -3.85604, -1.28107, -3.85611, -1.28135, 6.46114e-05, 0.000277758, 0.000285174
0.031, -3.85131, -1.27406, -3.85138, -1.27435, 6.65188e-05, 0.000286698, 0.000294314
0.032, -3.84659, -1.26707, -3.84666, -1.26737, 6.86646e-05, 0.000295281, 0.00030316
0.033, -3.84187, -1.2601, -3.84194, -1.26041, 7.05719e-05, 0.000303984, 0.000312068
0.034, -3.83715, -1.25315, -3.83722, -1.25347, 7.27177e-05, 0.000313044, 0.000321379
0.035, -3.83243, -1.24622, -3.83251, -1.24654, 7.4625e-05, 0.000321746, 0.000330287
0.036, -3.82772, -1.2393, -3.8278, -1.23963, 7.67708e-05, 0.000330806, 0.000339597
0.037, -3.82302, -1.23241, -3.8231, -1.23275, 7.86781e-05, 0.000339627, 0.000348621
0.038, -3.81832, -1.22553, -3.8184, -1.22588, 8.05855e-05, 0.000347972, 0.000357181
0.039, -3.81362, -1.21867, -3.81371, -1.21903, 8.24928e-05, 0.000356793, 0.000366206
0.04, -3.80893, -1.21183, -3.80902, -1.21219, 8.46386e-05, 0.000365496, 0.000375168
0.041, -3.80424, -1.205, -3.80433, -1.20538, 8.65459e-05, 0.00037384, 0.000383728
0.042, -3.79956, -1.1982, -3.79965, -1.19858, 8.86917e-05, 0.000382781, 0.000392922
0.043, -3.79488, -1.19141, -3.79497, -1.1918, 9.08375e-05, 0.000391603, 0.000402
0.044, -3.7902, -1.18464, -3.7903, -1.18504, 9.25064e-05, 0.00039947, 0.000410041
0.045, -3.78553, -1.17789, -3.78563, -1.1783, 9.46522e-05, 0.000408053, 0.000418887
0.046, -3.78087, -1.17116, -3.78096, -1.17158, 9.67979e-05, 0.000417113, 0.000428198
0.047, -3.7762, -1.16445, -3.7763, -1.16487, 9.87053e-05, 0.000425458, 0.000436758
0.048, -3.77155, -1.15775, -3.77165, -1.15818, 0.000100613, 0.000433803, 0.000445317
0.049, -3.76689, -1.15107, -3.76699, -1.15152, 0.00010252, 0.000442147, 0.000453877
0.05, -3.76224, -1.14441, -3.76235, -1.14486, 0.000104427, 0.000450492, 0.000462437
0.051, -3.7576, -1.13777, -3.7577, -1.13823, 0.000106573, 0.000459552, 0.000471747
0.052, -3.75295, -1.13115, -3.75306, -1.13161, 0.00010848, 0.0004673, 0.000479727
0.053, -3.74832, -1.12454, -3.74843, -1.12502, 0.000110388, 0.000475883, 0.000488519
0.054, -3.74368, -1.11795, -3.7438, -1.11844, 0.000112534, 0.000484467, 0.000497365
0.055, -3.73905, -1.11138, -3.73917, -1.11188, 0.000114441, 0.000492573, 0.000505692
0.056, -3.73443, -1.10483, -3.73455, -1.10533, 0.000116348, 0.000500917, 0.000514252
0.057, -3.72981, -1.0983, -3.72993, -1.09881, 0.000118256, 0.000509381, 0.000522928
0.058, -3.72519, -1.09178, -3.72531, -1.0923, 0.000120163, 0.000517368, 0.000531139
0.059, -3.72058, -1.08528, -3.7207, -1.08581, 0.00012207, 0.000525594, 0.000539583
0.06, -3.71597, -1.0788, -3.7161, -1.07933, 0.000123739, 0.000533581, 0.000547741
0.061, -3.71137, -1.07234, -3.71149, -1.07288, 0.000125885, 0.000541568, 0.000556006
0.062, -3.70677, -1.06589, -3.7069, -1.06644, 0.000127792, 0.000550151, 0.000564798
0.0629999, -3.70217, -1.05946, -3.7023, -1.06002, 0.0001297, 0.000558257, 0.000573126
0.064, -3.69758, -1.05305, -3.69771, -1.05362, 0.000131607, 0.000566125, 0.000581221
0.065, -3.69299, -1.04666, -3.69313, -1.04724, 0.000133276, 0.00057435, 0.000589611
0.066, -3.68841, -1.04029, -3.68855, -1.04087, 0.000135183, 0.000582337, 0.000597822
0.067, -3.68383, -1.03393, -3.68397, -1.03452, 0.000137091, 0.000590086, 0.000605801
0.068, -3.67926, -1.02759, -3.67939, -1.02819, 0.000138998, 0.000598311, 0.000614245
0.069, -3.67469, -1.02127, -3.67483, -1.02188, 0.000140905, 0.000606418, 0.000622573
0.07, -3.67012, -1.01497, -3.67026, -1.01558, 0.000142574, 0.000614285, 0.000630614
0.071, -3.66556, -1.00868, -3.6657, -1.0093, 0.000144243, 0.000622034, 0.000638539
0.072, -3.661, -1.00241, -3.66114, -1.00304, 0.000146389, 0.000630379, 0.000647153
0.073, -3.65644, -0.99616, -3.65659, -0.996798, 0.000148058, 0.000637949, 0.000654904
0.074, -3.65189, -0.989926, -3.65204, -0.990572, 0.000149965, 0.000646055, 0.000663232
0.075, -3.64734, -0.983709, -3.6475, -0.984363, 0.000151873, 0.000653446, 0.000670863
0.076, -3.6428, -0.97751, -3.64296, -0.978172, 0.00015378, 0.000661612, 0.000679248
0.077, -3.63826, -0.971328, -3.63842, -0.971998, 0.000155687, 0.000669777, 0.000687634
0.078, -3.63373, -0.965164, -3.63389, -0.965841, 0.000157595, 0.000677228, 0.000695323
0.079, -3.6292, -0.959017, -3.62936, -0.959702, 0.000159502, 0.000684798, 0.000703128
0.08, -3.62467, -0.952887, -3.62483, -0.95358, 0.000161171, 0.000692487, 0.000710995
0.081, -3.62015, -0.946775, -3.62031, -0.947475, 0.000163078, 0.000700116, 0.000718858
0.082, -3.61563, -0.94068, -3.6158, -0.941388, 0.000164986, 0.000708044, 0.000727012
0.083, -3.61112, -0.934602, -3.61128, -0.935318, 0.000166655, 0.000715971, 0.000735111
0.084, -3.60661, -0.928542, -3.60678, -0.929265, 0.000168324, 0.000723541, 0.000742862
0.085, -3.6021, -0.922499, -3.60227, -0.92323, 0.000170231, 0.00073117, 0.000750725
0.086, -3.5976, -0.916473, -3.59777, -0.917211, 0.0001719, 0.000738442, 0.000758186
0.087, -3.5931, -0.910464, -3.59327, -0.91121, 0.000173807, 0.000746012, 0.000765991
0.088, -3.58861, -0.904472, -3.58878, -0.905226, 0.000175476, 0.000753701, 0.000773858
0.089, -3.58412, -0.898498, -3.58429, -0.899259, 0.000177145, 0.000761211, 0.000781551
0.09, -3.57963, -0.89254, -3.57981, -0.893309, 0.000179052, 0.0007689, 0.000789472
0.091, -3.57515, -0.8866, -3.57533, -0.887376, 0.00018096, 0.00077635, 0.000797162
0.092, -3.57067, -0.880676, -3.57085, -0.88146, 0.000182629, 0.000783443, 0.000804448
0.093, -3.5662, -0.87477, -3.56638, -0.875561, 0.000184059, 0.000791013, 0.000812145
0.094, -3.56172, -0.868881, -3.56191, -0.86968, 0.000185966, 0.000798941, 0.000820299
0.095, -3.55726, -0.863008, -3.55745, -0.863814, 0.000187635, 0.000805914, 0.000827469
0.096, -3.5528, -0.857153, -3.55299, -0.857967, 0.000189304, 0.000813484, 0.00083522
0.097, -3.54834, -0.851315, -3.54853, -0.852136, 0.000190973, 0.000820756, 0.000842681
0.098, -3.54388, -0.845493, -3.54408, -0.846321, 0.000192881, 0.000827849, 0.000850022
0.099, -3.53943, -0.839689, -3.53963, -0.840524, 0.00019455, 0.000835538, 0.000857889
0.1, -3.53499, -0.833901, -3.53518, -0.834744, 0.000196457, 0.000842452, 0.000865055
0.101, -3.53054, -0.82813, -3.53074, -0.82898, 0.000198126, 0.000849962, 0.000872748
0.102, -3.5261, -0.822377, -3.5263, -0.823234, 0.000199795, 0.000857353, 0.000880325
0.103, -3.52167, -0.816639, -3.52187, -0.817504, 0.000201464, 0.000864685, 0.000887844
0.104, -3.51724, -0.810919, -3.51744, -0.811791, 0.000203371, 0.000872076, 0.000895475
0.105, -3.51281, -0.805216, -3.51302, -0.806094, 0.000204802, 0.000878692, 0.000902243
0.106, -3.50839, -0.799529, -3.50859, -0.800415, 0.00020647, 0.000886142, 0.000909878
0.107, -3.50397, -0.793859, -3.50418, -0.794752, 0.000208378, 0.000893533, 0.000917509
0.108, -3.49955, -0.788205, -3.49976, -0.789106, 0.000209808, 0.000900388, 0.000924509
0.109, -3.49514, -0.782569, -3.49535, -0.783476, 0.000211477, 0.000907302, 0.000931622
0.11, -3.49073, -0.776949, -3.49095, -0.777863, 0.000213146, 0.000914335, 0.000938851
0.111, -3.48633, -0.771345, -3.48655, -0.772267, 0.000214815, 0.000921607, 0.000946311
0.112, -3.48193, -0.765758, -3.48215, -0.766687, 0.000216246, 0.000928938, 0.000953776
0.113, -3.47754, -0.760188, -3.47775, -0.761124, 0.000217915, 0.000935674, 0.000960714
0.114, -3.47314, -0.754634, -3.47336, -0.755577, 0.000219584, 0.000942826, 0.000968059
0.115, -3.46875, -0.749097, -3.46898, -0.750048, 0.000221491, 0.000950098, 0.000975574
0.116, -3.46437, -0.743577, -3.46459, -0.744534, 0.000222921, 0.000957131, 0.000982748
0.117, -3.45999, -0.738073, -3.46021, -0.739036, 0.000224352, 0.000963569, 0.000989342
0.118, -3.45561, -0.732585, -3.45584, -0.733556, 0.000226021, 0.000971019, 0.000996977
0.119, -3.45124, -0.727114, -3.45147, -0.728092, 0.000227451, 0.000977576, 0.00100369
0.12, -3.44687, -0.721659, -3.4471, -0.722644, 0.000228882, 0.000984311, 0.00101057
0.121, -3.44251, -0.716221, -3.44274, -0.717213, 0.000230789, 0.000991464, 0.00101797
0.122, -3.43814, -0.710799, -3.43838, -0.711798, 0.00023222, 0.000998497, 0.00102514
0.123, -3.43379, -0.705394, -3.43402, -0.706399, 0.000233889, 0.00100505, 0.00103191
0.124, -3.42943, -0.700005, -3.42967, -0.701017, 0.000235558, 0.00101227, 0.00103931
0.125, -3.42508, -0.694632, -3.42532, -0.69565, 0.000236988, 0.00101852, 0.00104573
0.126, -3.42074, -0.689275, -3.42098, -0.690301, 0.000238657, 0.0010258, 0.00105319
0.127, -3.41639, -0.683935, -3.41664, -0.684967, 0.000240088, 0.00103235, 0.0010599
0.128, -3.41206, -0.678611, -3.4123, -0.67965, 0.00024128, 0.00103873, 0.00106638
0.129, -3.40772, -0.673303, -3.40796, -0.674349, 0.000242949, 0.0010457, 0.00107356
0.13, -3.40339, -0.668012, -3.40364, -0.669064, 0.000244617, 0.0010525, 0.00108055
0.131, -3.39906, -0.662737, -3.39931, -0.663796, 0.000246286, 0.00105941, 0.00108766
0.132, -3.39474, -0.657478, -3.39499, -0.658544, 0.000247717, 0.00106603, 0.00109443
0.133, -3.39042, -0.652235, -3.39067, -0.653307, 0.000249147, 0.00107223, 0.00110079
0.134, -3.3861, -0.647008, -3.38635, -0.648087, 0.000250578, 0.00107878, 0.0011075
0.135, -3.38179, -0.641797, -3.38204, -0.642883, 0.000252247, 0.00108564, 0.00111456
0.136, -3.37748, -0.636602, -3.37774, -0.637695, 0.000253916, 0.00109231, 0.00112144
0.137, -3.37318, -0.631424, -3.37343, -0.632522, 0.000255346, 0.00109851, 0.0011278
0.138, -3.36888, -0.626261, -3.36913, -0.627367, 0.000257015, 0.00110525, 0.00113474
0.139, -3.36458, -0.621115, -3.36484, -0.622227, 0.000258446, 0.00111175, 0.00114139
0.14, -3.36029, -0.615984, -3.36055, -0.617103, 0.000259876, 0.00111812, 0.00114793
0.141, -3.356, -0.61087, -3.35626, -0.611995, 0.000261545, 0.0011248, 0.00115481
0.142, -3.35171, -0.605771, -3.35197, -0.606903, 0.000263214, 0.00113159, 0.0011618
0.143, -3.34743, -0.600689, -3.34769, -0.601827, 0.000264406, 0.00113785, 0.00116817
0.144, -3.34315, -0.595622, -3.34342, -0.596767, 0.000266075, 0.00114441, 0.00117493
0.145, -3.33888, -0.590571, -3.33914, -0.591722, 0.000267267, 0.00115049, 0.00118113
0.146, -3.3346, -0.585537, -3.33487, -0.586693, 0.000268936, 0.00115675, 0.0011876
0.147, -3.33034, -0.580518, -3.33061, -0.581681, 0.000270367, 0.00116342, 0.00119443
0.148, -3.32607, -0.575514, -3.32634, -0.576684, 0.000271797, 0.00116968, 0.00120084
0.149, -3.32181, -0.570527, -3.32209, -0.571703, 0.000273228, 0.00117564, 0.00120697
0.15, -3.31756, -0.565555, -3.31783, -0.566738, 0.000274658, 0.00118262, 0.00121409
0.151, -3.3133, -0.5606, -3.31358, -0.561788, 0.000276327, 0.00118852, 0.00122022
0.152, -3.30905, -0.555659, -3.30933, -0.556854, 0.000277758, 0.00119495, 0.00122681
0.153, -3.30481, -0.550735, -3.30509, -0.551936, 0.000279188, 0.00120103, 0.00123306
0.154, -3.30057, -0.545826, -3.30085, -0.547034, 0.000280619, 0.00120765, 0.00123982
0.155, -3.29633, -0.540934, -3.29661, -0.542147, 0.000281811, 0.00121325, 0.00124555
0.156, -3.29209, -0.536056, -3.29238, -0.537276, 0.00028348, 0.00122017, 0.00125266
0.157, -3.28786, -0.531195, -3.28815, -0.532421, 0.00028491, 0.00122607, 0.00125874
0.158, -3.28364, -0.526349, -3.28392, -0.527581, 0.000286102, 0.00123191, 0.0012647
0.159, -3.27941, -0.521518, -3.2797, -0.522757, 0.000287533, 0.00123829, 0.00127123
0.16, -3.27519, -0.516703, -3.27548, -0.517948, 0.000289202, 0.00124443, 0.00127759
0.161, -3.27098, -0.511904, -3.27127, -0.513155, 0.000290632, 0.00125074, 0.00128407
0.162, -3.26676, -0.507121, -3.26706, -0.508377, 0.000291824, 0.0012567, 0.00129014
0.163, -3.26256, -0.502352, -3.26285, -0.503615, 0.000293255, 0.0012629, 0.0012965
0.164, -3.25835, -0.4976, -3.25864, -0.498869, 0.000294685, 0.00126892, 0.00130269
0.165, -3.25415, -0.492862, -3.25444, -0.494137, 0.000296116, 0.00127494, 0.00130888
0.166, -3.24995, -0.488141, -3.25025, -0.489421, 0.000297308, 0.0012804, 0.00131446
0.167, -3.24575, -0.483434, -3.24605, -0.484721, 0.000298977, 0.00128639, 0.00132067
0.168, -3.24156, -0.478744, -3.24186, -0.480036, 0.000300407, 0.00129271, 0.00132715
0.169, -3.23738, -0.474068, -3.23768, -0.475366, 0.000301838, 0.00129828, 0.0013329
0.17, -3.23319, -0.469408, -3.2335, -0.470713, 0.000303507, 0.00130481, 0.00133964
0.171, -3.22901, -0.464763, -3.22932, -0.466074, 0.000304699, 0.00131053, 0.00134548
0.172, -3.22483, -0.460134, -3.22514, -0.46145, 0.000306129, 0.00131652, 0.00135164
0.173, -3.22066, -0.45552, -3.22097, -0.456842, 0.00030756, 0.00132197, 0.00135728
0.174, -3.21649, -0.450921, -3.2168, -0.452249, 0.000309229, 0.00132835, 0.00136387
0.175, -3.21233, -0.446337, -3.21264, -0.447671, 0.000310421, 0.00133365, 0.0013693
0.176, -3.20816, -0.441769, -3.20848, -0.443109, 0.000311852, 0.00133991, 0.00137572
0.177, -3.204, -0.437216, -3.20432, -0.438562, 0.000313282, 0.00134549, 0.00138148
0.178, -3.19985, -0.432678, -3.20016, -0.43403, 0.000314713, 0.00135168, 0.00138784
0.179, -3.1957, -0.428156, -3.19601, -0.429513, 0.000315905, 0.00135723, 0.00139351
0.18, -3.19155, -0.423648, -3.19187, -0.425011, 0.000317097, 0.0013625, 0.00139892
0.181, -3.1874, -0.419156, -3.18772, -0.420525, 0.000318527, 0.00136897, 0.00140554
0.182, -3.18326, -0.414679, -3.18358, -0.416053, 0.000319719, 0.00137436, 0.00141106
0.183, -3.17913, -0.410217, -3.17945, -0.411597, 0.00032115, 0.00138003, 0.0014169
0.184, -3.17499, -0.40577, -3.17531, -0.407155, 0.000322342, 0.00138536, 0.00142237
0.185, -3.17086, -0.401338, -3.17118, -0.402729, 0.000323772, 0.00139126, 0.00142844
0.186, -3.16673, -0.396921, -3.16706, -0.398318, 0.000324965, 0.00139701, 0.00143431
0.187, -3.16261, -0.392519, -3.16294, -0.393922, 0.000326395, 0.0014025, 0.00143998
0.188, -3.15849, -0.388132, -3.15882, -0.389541, 0.000327587, 0.00140846, 0.00144605
0.189, -3.15437, -0.383761, -3.1547, -0.385175, 0.000329018, 0.00141421, 0.00145198
0.19, -3.15026, -0.379404, -3.15059, -0.380823, 0.00033021, 0.00141919, 0.0014571
0.191, -3.14615, -0.375062, -3.14648, -0.376487, 0.000331402, 0.00142482, 0.00146285
0.192, -3.14204, -0.370735, -3.14238, -0.372166, 0.000332832, 0.0014309, 0.0014691
0.193, -3.13794, -0.366423, -3.13827, -0.367859, 0.000334024, 0.00143614, 0.00147448
0.194, -3.13384, -0.362126, -3.13418, -0.363567, 0.000335217, 0.00144163, 0.00148009
0.195, -3.12975, -0.357843, -3.13008, -0.359291, 0.000336647, 0.00144738, 0.00148601
0.196, -3.12565, -0.353576, -3.12599, -0.355029, 0.000337839, 0.00145271, 0.00149148
0.197, -3.12156, -0.349323, -3.1219, -0.350781, 0.000339031, 0.00145799, 0.00149689
0.198, -3.11748, -0.345086, -3.11782, -0.34655, 0.000340462, 0.00146395, 0.00150302
0.199, -3.1134, -0.340863, -3.11374, -0.342331, 0.000341415, 0.00146872, 0.00150788
0.2, -3.10932, -0.336654, -3.10966, -0.338129, 0.000342846, 0.0014748, 0.00151412
0.201, -3.10524, -0.332461, -3.10559, -0.333941, 0.000344038, 0.00148019, 0.00151965
0.202, -3.10117, -0.328282, -3.10152, -0.329767, 0.00034523, 0.00148502, 0.00152462
0.203, -3.0971, -0.324118, -3.09745, -0.325609, 0.000346661, 0.00149089, 0.00153066
0.204, -3.09304, -0.319969, -3.09339, -0.321465, 0.000347853, 0.00149599, 0.0015359
0.205, -3.08898, -0.315834, -3.08933, -0.317336, 0.000349045, 0.00150144, 0.00154148
0.206, -3.08492, -0.311714, -3.08527, -0.313221, 0.000350475, 0.00150642, 0.00154665
0.207, -3.08086, -0.307609, -3.08122, -0.309121, 0.000351429, 0.00151202, 0.00155232
0.208, -3.07681, -0.303518, -3.07717, -0.305035, 0.000352621, 0.00151673, 0.00155718
0.209, -3.07276, -0.299442, -3.07312, -0.300965, 0.000354052, 0.00152233, 0.00156296
0.21, -3.06872, -0.295381, -3.06908, -0.296908, 0.000355005, 0.00152743, 0.00156814
0.211, -3.06468, -0.291334, -3.06504, -0.292867, 0.000356197, 0.00153285, 0.00157369
0.212, -3.06064, -0.287301, -3.061, -0.288839, 0.000357389, 0.00153804, 0.00157902
0.213, -3.05661, -0.283283, -3.05697, -0.284827, 0.00035882, 0.00154337, 0.00158454
0.214, -3.05258, -0.27928, -3.05294, -0.280828, 0.000360012, 0.00154853, 0.00158983
0.215, -3.04855, -0.275291, -3.04891, -0.276845, 0.000361204, 0.00155351, 0.00159494
0.216, -3.04453, -0.271317, -3.04489, -0.272875, 0.000362396, 0.00155866, 0.00160024
0.217, -3.0405, -0.267356, -3.04087, -0.26892, 0.00036335, 0.00156358, 0.00160524
0.218, -3.03649, -0.263411, -3.03685, -0.26498, 0.00036478, 0.00156897, 0.00161082
0.219, -3.03247, -0.25948, -3.03284, -0.261054, 0.000365973, 0.00157425, 0.00161623
0.22, -3.02846, -0.255563, -3.02883, -0.257142, 0.000367165, 0.00157923, 0.00162135
0.221, -3.02446, -0.25166, -3.02482, -0.253244, 0.000368118, 0.00158402, 0.00162624
0.222, -3.02045, -0.247772, -3.02082, -0.249362, 0.00036931, 0.00158937, 0.00163172
0.223, -3.01645, -0.243898, -3.01682, -0.245493, 0.000370502, 0.00159457, 0.00163705
0.224, -3.01245, -0.240039, -3.01282, -0.241639, 0.000371695, 0.00159954, 0.00164215
0.225, -3.00846, -0.236194, -3.00883, -0.237798, 0.000372887, 0.00160451, 0.00164727
0.226, -3.00447, -0.232363, -3.00484, -0.233972, 0.000374079, 0.00160928, 0.00165219
0.227, -3.00048, -0.228546, -3.00086, -0.23016, 0.000375032, 0.00161399, 0.00165699
0.228, -2.9965, -0.224744, -2.99687, -0.226363, 0.000376225, 0.00161949, 0.00166261
0.229, -2.99252, -0.220956, -2.99289, -0.22258, 0.000377178, 0.00162424, 0.00166746
0.23, -2.98854, -0.217182, -2.98892, -0.218811, 0.000378132, 0.00162899, 0.00167231
0.231, -2.98457, -0.213422, -2.98494, -0.215056, 0.000379801, 0.00163434, 0.00167789
0.232, -2.98059, -0.209676, -2.98097, -0.211315, 0.000380754, 0.00163925, 0.00168289
0.233, -2.97663, -0.205944, -2.97701, -0.207588, 0.000381947, 0.00164396, 0.00168774
0.234, -2.97266, -0.202227, -2.97305, -0.203876, 0.0003829, 0.00164898, 0.00169285
0.235, -2.9687, -0.198524, -2.96909, -0.200177, 0.000384092, 0.00165325, 0.00169728
0.236, -2.96474, -0.194834, -2.96513, -0.196493, 0.000385046, 0.00165835, 0.00170246
0.237, -2.96079, -0.191159, -2.96118, -0.192822, 0.000386238, 0.00166309, 0.00170735
0.238, -2.95684, -0.187498, -2.95723, -0.189166, 0.00038743, 0.00166786, 0.00171226
0.239, -2.95289, -0.183851, -2.95328, -0.185524, 0.000388384, 0.00167266, 0.00171715
0.24, -2.94895, -0.180218, -2.94934, -0.181896, 0.000389576, 0.00167787, 0.0017225
0.241, -2.945, -0.176599, -2.9454, -0.178281, 0.00039053, 0.00168186, 0.00172661
0.242, -2.94107, -0.172994, -2.94146, -0.17468, 0.000391483, 0.00168666, 0.0017315
0.243, -2.93713, -0.169402, -2.93752, -0.171094, 0.000392914, 0.00169194, 0.00173696
0.244, -2.9332, -0.165825, -2.93359, -0.167522, 0.000393867, 0.00169651, 0.00174163
0.245, -2.92927, -0.162262, -2.92967, -0.163963, 0.00039506, 0.00170113, 0.0017464
0.246, -2.92535, -0.158712, -2.92574, -0.160418, 0.000396252, 0.0017058, 0.00175121
0.247, -2.92143, -0.155177, -2.92182, -0.156887, 0.000396967, 0.00171018, 0.00175564
0.248, -2.91751, -0.151655, -2.9179, -0.15337, 0.000397921, 0.00171465, 0.00176021
0.249, -2.91359, -0.148147, -2.91399, -0.149867, 0.000399113, 0.00171994, 0.00176564
0.25, -2.90968, -0.144653, -2.91008, -0.146377, 0.000400066, 0.00172393, 0.00176974
0.251, -2.90577, -0.141173, -2.90617, -0.142902, 0.000401258, 0.00172891, 0.00177486
0.252, -2.90186, -0.137706, -2.90227, -0.13944, 0.000402689, 0.00173345, 0.00177961
0.253, -2.89796, -0.134253, -2.89837, -0.135992, 0.000403643, 0.00173829, 0.00178454
0.254, -2.89406, -0.130814, -2.89447, -0.132557, 0.000404358, 0.00174274, 0.00178903
0.255, -2.89017, -0.127389, -2.89057, -0.129136, 0.000405788, 0.00174692, 0.00179343
0.256, -2.88627, -0.123978, -2.88668, -0.125729, 0.000406742, 0.00175159, 0.00179819
0.257, -2.88238, -0.12058, -2.88279, -0.122336, 0.000407934, 0.00175627, 0.00180302
0.258, -2.8785, -0.117196, -2.87891, -0.118956, 0.000408888, 0.00176062, 0.00180748
0.259, -2.87461, -0.113825, -2.87502, -0.11559, 0.00041008, 0.00176539, 0.0018124
0.26, -2.87073, -0.110468, -2.87114, -0.112238, 0.000411272, 0.00176987, 0.00181703
0.261, -2.86686, -0.107125, -2.86727, -0.108899, 0.000411987, 0.00177444, 0.00182164
0.262, -2.86298, -0.103795, -2.8634, -0.105574, 0.000413179, 0.00177888, 0.00182623
0.263, -2.85911, -0.100479, -2.85953, -0.102263, 0.000414133, 0.00178356, 0.00183101
0.264, -2.85524, -0.0971767, -2.85566, -0.0989643, 0.000415325, 0.00178768, 0.00183529
0.265, -2.85138, -0.0938877, -2.8518, -0.0956796, 0.000416517, 0.00179195, 0.00183972
0.266, -2.84752, -0.0906122, -2.84794, -0.092409, 0.000417471, 0.00179677, 0.00184463
0.267, -2.84366, -0.0873503, -2.84408, -0.0891514, 0.000418663, 0.00180107, 0.00184909
0.268, -2.83981, -0.0841019, -2.84023, -0.0859071, 0.000419617, 0.00180522, 0.00185335
0.269, -2.83595, -0.0808669, -2.83637, -0.082677, 0.000420809, 0.00181009, 0.00185836
0.27, -2.83211, -0.0776454, -2.83253, -0.0794597, 0.000421762, 0.00181425, 0.00186263
0.271, -2.82826, -0.0744373, -2.82868, -0.0762557, 0.000422716, 0.00181834, 0.00186683
0.272, -2.82442, -0.0712427, -2.82484, -0.0730654, 0.000423908, 0.0018227, 0.00187135
0.273, -2.82058, -0.0680615, -2.821, -0.0698881, 0.000424623, 0.00182666, 0.00187536
0.274, -2.81674, -0.0648936, -2.81717, -0.0667245, 0.000425577, 0.00183094, 0.00187975
0.275, -2.81291, -0.0617391, -2.81334, -0.0635743, 0.000426769, 0.00183521, 0.00188418
0.276, -2.80908, -0.058598, -2.80951, -0.0604379, 0.000427961, 0.00183995, 0.00188907
0.277, -2.80525, -0.0554702, -2.80568, -0.0573143, 0.000428915, 0.00184412, 0.00189335
0.278, -2.80143, -0.0523557, -2.80186, -0.0542043, 0.000429869, 0.00184869, 0.00189801
0.279, -2.79761, -0.0492545, -2.79804, -0.051107, 0.000431061, 0.00185259, 0.00190208
0.28, -2.79379, -0.0461665, -2.79422, -0.0480235, 0.000432014, 0.00185693, 0.00190652
0.281, -2.78998, -0.0430919, -2.79041, -0.0449525, 0.000433207, 0.00186064, 0.00191041
0.282, -2.78616, -0.0400304, -2.7866, -0.0418953, 0.00043416, 0.00186482, 0.00191469
0.283, -2.78236, -0.0369823, -2.78279, -0.0388511, 0.000434875, 0.00186889, 0.00191881
0.284, -2.77855, -0.0339473, -2.77899, -0.0358212, 0.000436306, 0.00187393, 0.00192405
0.285, -2.77475, -0.0309255, -2.77519, -0.0328029, 0.000437021, 0.00187747, 0.00192766
0.286, -2.77095, -0.0279168, -2.77139, -0.0297982, 0.000437975, 0.0018813, 0.00193161
0.287, -2.76715, -0.0249214, -2.76759, -0.0268075, 0.000439167, 0.00188617, 0.00193662
0.288, -2.76336, -0.021939, -2.7638, -0.0238292, 0.000440121, 0.00189017, 0.00194074
0.289, -2.75957, -0.0189698, -2.76001, -0.0208632, 0.000441074, 0.00189334, 0.00194404
0.29, -2.75578, -0.0160137, -2.75623, -0.017912, 0.000442266, 0.0018983, 0.00194914
0.291, -2.752, -0.0130707, -2.75244, -0.0149729, 0.00044322, 0.00190222, 0.00195318
0.292, -2.74822, -0.0101407, -2.74866, -0.0120466, 0.000443935, 0.00190583, 0.00195685
0.293, -2.74444, -0.00722384, -2.74489, -0.00913405, 0.000445127, 0.00191022, 0.0019614
0.294, -2.74067, -0.00431996, -2.74111, -0.00623393, 0.000446081, 0.00191397, 0.00196527
0.295, -2.7369, -0.0014291, -2.73734, -0.00334716, 0.000446796, 0.00191806, 0.00196941
0.296, -2.73313, 0.00144876, -2.73358, -0.000473022, 0.000447989, 0.00192178, 0.00197331
0.297, -2.72936, 0.00431364, -2.72981, 0.00238764, 0.000448942, 0.001926, 0.00197763
0.298, -2.7256, 0.00716556, -2.72605, 0.00523603, 0.000449657, 0.00192953, 0.00198123
0.299, -2.72184, 0.0100045, -2.72229, 0.00807071, 0.00045085, 0.00193383, 0.00198569
0.3, -2.71808, 0.0128306, -2.71853, 0.0108931, 0.000451803, 0.00193747, 0.00198945
0.301, -2.71433, 0.0156437, -2.71478, 0.0137025, 0.000452518, 0.0019412, 0.00199325
0.302, -2.71058, 0.018444, -2.71103, 0.0164984, 0.000453711, 0.0019455, 0.00199771
0.303, -2.70683, 0.0212313, -2.70729, 0.0192823, 0.000454664, 0.00194897, 0.0020013
0.304, -2.70309, 0.0240058, -2.70354, 0.0220529, 0.000455618, 0.00195293, 0.00200537
0.305, -2.69935, 0.0267675, -2.6998, 0.0248101, 0.00045681, 0.0019574, 0.00200999
0.306, -2.69561, 0.0295163, -2.69606, 0.0275557, 0.000457287, 0.0019606, 0.00201322
0.307, -2.69187, 0.0322523, -2.69233, 0.0302876, 0.000458241, 0.00196471, 0.00201744
0.308, -2.68814, 0.0349756, -2.6886, 0.0330069, 0.000459194, 0.00196866, 0.0020215
0.309, -2.68441, 0.037686, -2.68487, 0.0357138, 0.000460148, 0.00197223, 0.0020252
0.31, -2.68068, 0.0403837, -2.68114, 0.0384079, 0.000460863, 0.0019758, 0.00202884
0.311, -2.67696, 0.0430687, -2.67742, 0.0410891, 0.000462055, 0.00197963, 0.00203283
0.312, -2.67324, 0.0457409, -2.6737, 0.0437572, 0.000463009, 0.00198372, 0.00203704
0.313, -2.66952, 0.0484005, -2.66998, 0.0464131, 0.000463724, 0.00198739, 0.00204078
0.314, -2.66581, 0.0510473, -2.66627, 0.0490563, 0.000464678, 0.00199101, 0.00204451
0.314999, -2.66209, 0.0536815, -2.66256, 0.0516869, 0.000465393, 0.00199459, 0.00204816
0.315999, -2.65839, 0.056303, -2.65885, 0.0543047, 0.000466347, 0.00199827, 0.00205196
0.316999, -2.65468, 0.0589119, -2.65515, 0.0569098, 0.0004673, 0.00200206, 0.00205588
0.317999, -2.65098, 0.0615081, -2.65145, 0.0595026, 0.000468254, 0.00200552, 0.00205946
0.318999, -2.64728, 0.0640918, -2.64775, 0.0620824, 0.000469208, 0.00200936, 0.00206342
0.319999, -2.64358, 0.0666628, -2.64405, 0.0646499, 0.000469923, 0.00201289, 0.00206702
0.320999, -2.63989, 0.0692213, -2.64036, 0.0672045, 0.000470877, 0.00201685, 0.00207109
0.321999, -2.63619, 0.0717673, -2.63667, 0.0697471, 0.00047183, 0.00202017, 0.00207454
0.322999, -2.63251, 0.0743007, -2.63298, 0.0722769, 0.000472546, 0.00202371, 0.00207815
0.323999, -2.62882, 0.0768215, -2.62929, 0.0747944, 0.000473261, 0.00202712, 0.00208164
0.324999, -2.62514, 0.0793299, -2.62561, 0.0772985, 0.000474453, 0.00203139, 0.00208606
0.325999, -2.62146, 0.0818258, -2.62193, 0.0797914, 0.000475168, 0.00203437, 0.00208912
0.326999, -2.61778, 0.0843092, -2.61826, 0.0822713, 0.000475883, 0.00203787, 0.00209269
0.327999, -2.61411, 0.0867802, -2.61459, 0.0847383, 0.000477076, 0.00204191, 0.0020969
0.328999, -2.61044, 0.0892387, -2.61092, 0.0871936, 0.000477791, 0.00204507, 0.00210014
0.329999, -2.60677, 0.0916848, -2.60725, 0.0896366, 0.000478506, 0.00204822, 0.00210337
0.330999, -2.6031, 0.0941185, -2.60358, 0.092066, 0.00047946, 0.00205243, 0.00210768
0.331999, -2.59944, 0.0965398, -2.59992, 0.094484, 0.000480413, 0.00205581, 0.0021112
0.332999, -2.59578, 0.0989487, -2.59626, 0.0968896, 0.00048089, 0.0020591, 0.00211451
0.333999, -2.59213, 0.101345, -2.59261, 0.099283, 0.000481844, 0.00206231, 0.00211786
0.334999, -2.58847, 0.10373, -2.58896, 0.101663, 0.000482798, 0.00206618, 0.00212184
0.335999, -2.58482, 0.106101, -2.58531, 0.104033, 0.000483274, 0.00206893, 0.00212462
0.336999, -2.58117, 0.108461, -2.58166, 0.106388, 0.000484228, 0.00207285, 0.00212866
0.337999, -2.57753, 0.110808, -2.57801, 0.108732, 0.000485182, 0.00207651, 0.00213244
0.338999, -2.57389, 0.113143, -2.57437, 0.111064, 0.000485897, 0.00207947, 0.00213549
0.339999, -2.57025, 0.115466, -2.57073, 0.113383, 0.000486612, 0.00208281, 0.0021389
0.340999, -2.56661, 0.117777, -2.5671, 0.11569, 0.000487566, 0.00208654, 0.00214275
0.341999, -2.56298, 0.120075, -2.56347, 0.117985, 0.000488043, 0.00208961, 0.00214585
0.342999, -2.55935, 0.122361, -2.55984, 0.120268, 0.000488997, 0.00209311, 0.00214948
0.343999, -2.55572, 0.124635, -2.55621, 0.122539, 0.00048995, 0.00209646, 0.00215295
0.344999, -2.5521, 0.126897, -2.55259, 0.124797, 0.000490427, 0.00209968, 0.00215619
0.345999, -2.54847, 0.129147, -2.54896, 0.127044, 0.000491619, 0.00210278, 0.00215948
0.346999, -2.54485, 0.131384, -2.54535, 0.129278, 0.000492334, 0.00210613, 0.00216291
0.347999, -2.54124, 0.133609, -2.54173, 0.1315, 0.00049305, 0.00210904, 0.0021659
0.348999, -2.53762, 0.135822, -2.53812, 0.13371, 0.000494003, 0.00211282, 0.0021698
0.349999, -2.53401, 0.138024, -2.53451, 0.135908, 0.000494719, 0.00211608, 0.00217314
0.350999, -2.5304, 0.140213, -2.5309, 0.138094, 0.000495195, 0.00211895, 0.00217604
0.351999, -2.5268, 0.14239, -2.5273, 0.140267, 0.000496387, 0.00212251, 0.00217978
0.352999, -2.5232, 0.144555, -2.52369, 0.142429, 0.000497103, 0.00212534, 0.0021827
0.353999, -2.5196, 0.146707, -2.52009, 0.144579, 0.000498056, 0.0021289, 0.00218638
0.354999, -2.516, 0.148848, -2.5165, 0.146717, 0.000498533, 0.00213178, 0.00218929
0.355999, -2.51241, 0.150977, -2.51291, 0.148842, 0.000499725, 0.00213529, 0.00219299
0.356999, -2.50881, 0.153094, -2.50932, 0.150957, 0.000500441, 0.00213766, 0.00219546
0.357999, -2.50523, 0.155199, -2.50573, 0.153057, 0.000501156, 0.00214189, 0.00219974
0.358999, -2.50164, 0.157292, -2.50214, 0.155148, 0.000501871, 0.00214443, 0.00220237
0.359999, -2.49806, 0.159373, -2.49856, 0.157226, 0.000502348, 0.00214744, 0.00220541
0.360999, -2.49448, 0.161442, -2.49498, 0.159291, 0.000503302, 0.00215092, 0.00220902
0.361999, -2.4909, 0.1635, -2.4914, 0.161346, 0.000504017, 0.00215347, 0.00221167
0.362999, -2.48733, 0.165545, -2.48783, 0.163388, 0.000504732, 0.00215676, 0.00221504
0.363999, -2.48375, 0.167578, -2.48426, 0.165419, 0.000505447, 0.00215976, 0.00221812
0.364999, -2.48018, 0.1696, -2.48069, 0.167437, 0.000506401, 0.00216293, 0.00222142
0.365999, -2.47662, 0.17161, -2.47713, 0.169444, 0.000506878, 0.0021656, 0.00222413
0.366999, -2.47305, 0.173608, -2.47356, 0.171439, 0.00050807, 0.00216883, 0.00222755
0.367999, -2.46949, 0.175594, -2.47, 0.173422, 0.000508785, 0.00217195, 0.00223075
0.368999, -2.46594, 0.177568, -2.46645, 0.175393, 0.000509501, 0.00217496, 0.00223384
0.369999, -2.46238, 0.179531, -2.46289, 0.177352, 0.000510216, 0.00217846, 0.00223741
0.370999, -2.45883, 0.181482, -2.45934, 0.179301, 0.000510931, 0.0021807, 0.00223975
0.371999, -2.45528, 0.183421, -2.45579, 0.181237, 0.000511646, 0.00218394, 0.00224308
0.372999, -2.45173, 0.185348, -2.45224, 0.183161, 0.0005126, 0.00218679, 0.00224607
0.373999, -2.44819, 0.187264, -2.4487, 0.185074, 0.000513315, 0.00218961, 0.00224897
0.374999, -2.44464, 0.189168, -2.44516, 0.186975, 0.000514269, 0.00219241, 0.00225192
0.375999, -2.44111, 0.19106, -2.44162, 0.188864, 0.000514984, 0.00219592, 0.0022555
0.376999, -2.43757, 0.192941, -2.43809, 0.190741, 0.000515699, 0.00219934, 0.00225899
0.377999, -2.43404, 0.19481, -2.43455, 0.192608, 0.000516415, 0.00220159, 0.00226134
0.378999, -2.43051, 0.196667, -2.43102, 0.194462, 0.000516891, 0.0022046, 0.00226438
0.379999, -2.42698, 0.198513, -2.4275, 0.196305, 0.000517607, 0.00220767, 0.00226753
0.380999, -2.42345, 0.200347, -2.42397, 0.198137, 0.000518084, 0.00221011, 0.00227002
0.381999, -2.41993, 0.202169, -2.42045, 0.199956, 0.000519037, 0.00221336, 0.0022734
0.382999, -2.41641, 0.20398, -2.41693, 0.201764, 0.000519753, 0.002216, 0.00227613
0.383999, -2.41289, 0.205779, -2.41341, 0.20356, 0.000520229, 0.00221901, 0.00227917
0.384999, -2.40938, 0.207567, -2.4099, 0.205346, 0.000520945, 0.00222167, 0.00228193
0.385999, -2.40587, 0.209344, -2.40639, 0.207119, 0.00052166, 0.00222449, 0.00228484
0.386999, -2.40236, 0.211108, -2.40288, 0.208881, 0.000522375, 0.00222749, 0.00228792
0.387999, -2.39885, 0.212862, -2.39937, 0.210632, 0.000522852, 0.00222994, 0.00229042
0.388999, -2.39535, 0.214603, -2.39587, 0.212371, 0.000523806, 0.00223297, 0.00229358
0.389999, -2.39185, 0.216334, -2.39237, 0.214099, 0.000524044, 0.00223513, 0.00229574
0.390999, -2.38835, 0.218053, -2.38887, 0.215815, 0.000524998, 0.00223812, 0.00229887
0.391998, -2.38485, 0.21976, -2.38538, 0.217519, 0.000525713, 0.0022409, 0.00230174
0.392998, -2.38136, 0.221456, -2.38188, 0.219213, 0.000526428, 0.00224356, 0.0023045
0.393998, -2.37787, 0.223141, -2.37839, 0.220894, 0.000526905, 0.00224651, 0.00230748
0.394998, -2.37438, 0.224814, -2.37491, 0.222565, 0.00052762, 0.0022494, 0.00231046
0.395998, -2.37089, 0.226476, -2.37142, 0.224224, 0.000528097, 0.00225152, 0.00231262
0.396998, -2.36741, 0.228126, -2.36794, 0.225872, 0.000528812, 0.00225432, 0.00231552
0.397998, -2.36393, 0.229766, -2.36446, 0.227508, 0.000529528, 0.0022577, 0.00231897
0.398998, -2.36045, 0.231393, -2.36098, 0.229134, 0.000530243, 0.00225952, 0.0023209
0.399998, -2.35698, 0.23301, -2.35751, 0.230747, 0.000530958, 0.00226279, 0.00232425
0.400998, -2.35351, 0.234615, -2.35404, 0.23235, 0.000531673, 0.00226536, 0.00232692
0.401998, -2.35004, 0.236209, -2.35057, 0.233942, 0.000532389, 0.00226763, 0.00232929
0.402998, -2.34657, 0.237792, -2.3471, 0.235521, 0.000533104, 0.00227065, 0.0023324
0.403998, -2.34311, 0.239363, -2.34364, 0.23709, 0.000533819, 0.00227304, 0.00233488
0.404998, -2.33965, 0.240923, -2.34018, 0.238648, 0.000534534, 0.00227539, 0.00233734
0.405998, -2.33619, 0.242472, -2.33672, 0.240195, 0.00053525, 0.00227773, 0.00233978
0.406998, -2.33273, 0.24401, -2.33327, 0.241729, 0.000535965, 0.00228079, 0.00234291
0.407998, -2.32928, 0.245537, -2.32981, 0.243254, 0.000536442, 0.00228313, 0.0023453
0.408998, -2.32583, 0.247052, -2.32636, 0.244767, 0.000537157, 0.0022855, 0.00234777
0.409998, -2.32238, 0.248556, -2.32291, 0.246268, 0.000537872, 0.00228874, 0.0023511
0.410998, -2.31893, 0.250049, -2.31947, 0.247759, 0.000538588, 0.00229073, 0.00235319
0.411998, -2.31549, 0.251531, -2.31603, 0.249238, 0.000539064, 0.0022935, 0.002356
0.412998, -2.31205, 0.253002, -2.31259, 0.250706, 0.000539541, 0.002296, 0.00235854
0.413998, -2.30861, 0.254462, -2.30915, 0.252164, 0.000540257, 0.00229827, 0.00236091
0.414998, -2.30517, 0.25591, -2.30571, 0.25361, 0.000540972, 0.00230065, 0.0023634
0.415998, -2.30174, 0.257348, -2.30228, 0.255045, 0.000541687, 0.00230315, 0.002366
0.416998, -2.29831, 0.258774, -2.29885, 0.256469, 0.000542164, 0.00230521, 0.00236811
0.417998, -2.29488, 0.26019, -2.29542, 0.257882, 0.000542879, 0.00230789, 0.00237088
0.418998, -2.29146, 0.261594, -2.292, 0.259284, 0.000543356, 0.00231075, 0.00237378
0.419998, -2.28803, 0.262988, -2.28858, 0.260675, 0.000544071, 0.00231308, 0.0023762
0.420998, -2.28461, 0.26437, -2.28516, 0.262055, 0.000544548, 0.00231525, 0.00237843
0.421998, -2.2812, 0.265741, -2.28174, 0.263423, 0.000545263, 0.00231802, 0.00238129
0.422998, -2.27778, 0.267102, -2.27833, 0.264782, 0.00054574, 0.00232029, 0.00238361
0.423998, -2.27437, 0.268451, -2.27492, 0.266128, 0.000546455, 0.00232294, 0.00238635
0.424998, -2.27096, 0.26979, -2.27151, 0.267465, 0.000546932, 0.00232527, 0.00238872
0.425998, -2.26755, 0.271118, -2.2681, 0.26879, 0.000547171, 0.00232714, 0.00239061
0.426998, -2.26415, 0.272434, -2.2647, 0.270105, 0.000548124, 0.00232968, 0.00239329
0.427998, -2.26075, 0.27374, -2.26129, 0.271408, 0.00054884, 0.00233215, 0.00239586
0.428998, -2.25735, 0.275035, -2.25789, 0.2727, 0.000549078, 0.00233459, 0.0023983
0.429998, -2.25395, 0.276319, -2.2545, 0.273982, 0.000549793, 0.00233665, 0.00240046
0.430998, -2.25055, 0.277592, -2.2511, 0.275253, 0.00055027, 0.00233883, 0.00240269
0.431998, -2.24716, 0.278854, -2.24771, 0.276513, 0.000550985, 0.00234112, 0.00240509
0.432998, -2.24377, 0.280106, -2.24432, 0.277762, 0.000551462, 0.0023438, 0.00240781
0.433998, -2.24038, 0.281347, -2.24094, 0.279001, 0.000551939, 0.0023458, 0.00240986
0.434998, -2.237, 0.282577, -2.23755, 0.280228, 0.000552654, 0.00234821, 0.00241237
0.435998, -2.23362, 0.283796, -2.23417, 0.281445, 0.000553131, 0.00235069, 0.00241489
0.436998, -2.23024, 0.285004, -2.23079, 0.282652, 0.000553608, 0.00235254, 0.0024168
0.437998, -2.22686, 0.286202, -2.22742, 0.283847, 0.000553846, 0.00235447, 0.00241874
0.438998, -2.22349, 0.287389, -2.22404, 0.285031, 0.0005548, 0.00235721, 0.00242162
0.439998, -2.22012, 0.288565, -2.22067, 0.286205, 0.000555038, 0.00235924, 0.00242365
0.440998, -2.21675, 0.28973, -2.2173, 0.287369, 0.000555754, 0.0023613, 0.00242582
0.441998, -2.21338, 0.290885, -2.21393, 0.288521, 0.000556231, 0.00236374, 0.00242831
0.442998, -2.21001, 0.292029, -2.21057, 0.289663, 0.000556707, 0.00236589, 0.0024305
0.443998, -2.20665, 0.293162, -2.20721, 0.290794, 0.000557423, 0.00236809, 0.00243281
0.444998, -2.20329, 0.294285, -2.20385, 0.291915, 0.000557899, 0.00237, 0.00243478
0.445998, -2.19994, 0.295397, -2.20049, 0.293025, 0.000558615, 0.00237235, 0.00243724
0.446998, -2.19658, 0.296498, -2.19714, 0.294124, 0.000559092, 0.00237447, 0.0024394
0.447998, -2.19323, 0.297589, -2.19379, 0.295213, 0.000559568, 0.00237632, 0.00244131
0.448998, -2.18988, 0.29867, -2.19044, 0.296291, 0.000560045, 0.00237867, 0.00244371
0.449998, -2.18653, 0.299739, -2.18709, 0.297359, 0.000560522, 0.00238046, 0.00244556
0.450998, -2.18319, 0.300798, -2.18375, 0.298415, 0.000560999, 0.00238311, 0.00244825
0.451998, -2.17984, 0.301847, -2.18041, 0.299462, 0.000561714, 0.00238487, 0.00245013
0.452998, -2.1765, 0.302885, -2.17707, 0.300498, 0.000562191, 0.00238681, 0.00245212
0.453998, -2.17317, 0.303912, -2.17373, 0.301523, 0.000562668, 0.00238931, 0.00245467
0.454998, -2.16983, 0.304929, -2.1704, 0.302538, 0.000563145, 0.00239131, 0.00245672
0.455998, -2.1665, 0.305936, -2.16706, 0.303543, 0.00056386, 0.00239283, 0.00245837
0.456998, -2.16317, 0.306932, -2.16373, 0.304536, 0.000564337, 0.0023953, 0.00246088
0.457998, -2.15984, 0.307917, -2.16041, 0.305519, 0.000565052, 0.00239769, 0.00246337
0.458998, -2.15652, 0.308892, -2.15708, 0.306493, 0.000565529, 0.00239891, 0.00246467
0.459998, -2.15319, 0.309857, -2.15376, 0.307456, 0.000566006, 0.00240111, 0.00246692
0.460998, -2.14987, 0.310811, -2.15044, 0.308407, 0.000566483, 0.00240397, 0.00246982
0.461998, -2.14656, 0.311755, -2.14712, 0.30935, 0.000566959, 0.00240466, 0.00247059
0.462998, -2.14324, 0.312688, -2.14381, 0.310281, 0.000567436, 0.00240746, 0.00247343
0.463998, -2.13993, 0.313611, -2.1405, 0.311202, 0.000567913, 0.00240916, 0.00247519
0.464998, -2.13662, 0.314524, -2.13719, 0.312112, 0.000568628, 0.00241157, 0.00247771
0.465998, -2.13331, 0.315426, -2.13388, 0.313013, 0.000568867, 0.00241295, 0.0024791
0.466998, -2.13, 0.316318, -2.13057, 0.313903, 0.00056982, 0.00241503, 0.00248134
0.467998, -2.1267, 0.317199, -2.12727, 0.314782, 0.000570059, 0.00241682, 0.00248314
0.468998, -2.1234, 0.31807, -2.12397, 0.315652, 0.000570536, 0.00241867, 0.00248505
0.469997, -2.1201, 0.318931, -2.12067, 0.31651, 0.000571012, 0.00242129, 0.00248771
0.470997, -2.1168, 0.319782, -2.11737, 0.317359, 0.000571251, 0.0024229, 0.00248933
0.471997, -2.11351, 0.320622, -2.11408, 0.318198, 0.000571728, 0.00242463, 0.00249112
0.472997, -2.11022, 0.321452, -2.11079, 0.319026, 0.000572205, 0.0024268, 0.00249335
0.473997, -2.10693, 0.322272, -2.1075, 0.319844, 0.000572681, 0.00242803, 0.00249465
0.474997, -2.10364, 0.323082, -2.10422, 0.320652, 0.000573158, 0.00243011, 0.00249679
0.475997, -2.10036, 0.323881, -2.10093, 0.32145, 0.000573397, 0.00243163, 0.00249832
0.476997, -2.09708, 0.32467, -2.09765, 0.322236, 0.000574112, 0.00243402, 0.00250081
0.477997, -2.0938, 0.325449, -2.09437, 0.323014, 0.00057435, 0.00243551, 0.00250231
0.478997, -2.09052, 0.326218, -2.0911, 0.32378, 0.000575066, 0.00243825, 0.00250514
0.479997, -2.08725, 0.326977, -2.08782, 0.324538, 0.000575304, 0.00243905, 0.00250598
0.480997, -2.08397, 0.327725, -2.08455, 0.325284, 0.000575542, 0.00244114, 0.00250807
0.481997, -2.0807, 0.328464, -2.08128, 0.326021, 0.000576019, 0.00244275, 0.00250974
0.482997, -2.07744, 0.329192, -2.07801, 0.326748, 0.000576496, 0.00244424, 0.0025113
0.483997, -2.07417, 0.32991, -2.07475, 0.327464, 0.000577211, 0.00244635, 0.00251353
0.484997, -2.07091, 0.330618, -2.07149, 0.328169, 0.000577688, 0.00244874, 0.00251596
0.485997, -2.06765, 0.331316, -2.06822, 0.328866, 0.000577927, 0.00244999, 0.00251723
0.486997, -2.06439, 0.332004, -2.06497, 0.329552, 0.000578642, 0.0024519, 0.00251925
0.487997, -2.06113, 0.332681, -2.06171, 0.330228, 0.00057888, 0.00245339, 0.00252076
0.488997, -2.05788, 0.333349, -2.05846, 0.330894, 0.000579119, 0.00245556, 0.00252293
0.489997, -2.05463, 0.334007, -2.05521, 0.33155, 0.000579834, 0.00245699, 0.00252448
0.490997, -2.05138, 0.334654, -2.05196, 0.332196, 0.000580072, 0.00245878, 0.00252628
0.491997, -2.04813, 0.335292, -2.04871, 0.332832, 0.000580549, 0.00246057, 0.00252813
0.492997, -2.04489, 0.33592, -2.04547, 0.333457, 0.000581026, 0.00246239, 0.00253001
0.493997, -2.04165, 0.336537, -2.04223, 0.334074, 0.000581503, 0.00246388, 0.00253157
0.494997, -2.03841, 0.337145, -2.03899, 0.33468, 0.00058198, 0.00246507, 0.00253284
0.495997, -2.03517, 0.337743, -2.03575, 0.335276, 0.000582457, 0.00246739, 0.00253521
0.496997, -2.03193, 0.338331, -2.03252, 0.335862, 0.000582933, 0.00246871, 0.0025366
0.497997, -2.0287, 0.338909, -2.02928, 0.336438, 0.000583172, 0.00247046, 0.00253836
0.498997, -2.02547, 0.339477, -2.02606, 0.337004, 0.000583649, 0.00247231, 0.00254027
0.499997, -2.02224, 0.340035, -2.02283, 0.33756, 0.000584126, 0.00247428, 0.00254229
0.500997, -2.01902, 0.340583, -2.0196, 0.338108, 0.000584602, 0.00247529, 0.00254339
0.501997, -2.01579, 0.341121, -2.01638, 0.338644, 0.000584841, 0.00247717, 0.00254527
0.502997, -2.01257, 0.34165, -2.01316, 0.339172, 0.000585318, 0.00247812, 0.00254631
0.503997, -2.00935, 0.342168, -2.00994, 0.339688, 0.000585794, 0.00247997, 0.00254822
0.504997, -2.00614, 0.342677, -2.00672, 0.340195, 0.000586271, 0.002482, 0.0025503
0.505997, -2.00292, 0.343176, -2.00351, 0.340693, 0.000586271, 0.00248313, 0.0025514
0.506997, -1.99971, 0.343665, -2.0003, 0.34118, 0.000586748, 0.00248483, 0.00255316
0.507997, -1.9965, 0.344144, -1.99709, 0.341658, 0.000587106, 0.00248602, 0.00255441
0.508997, -1.99329, 0.344614, -1.99388, 0.342126, 0.000587821, 0.00248781, 0.00255631
0.509997, -1.99009, 0.345074, -1.99068, 0.342584, 0.000588059, 0.00248948, 0.00255799
0.510997, -1.98689, 0.345524, -1.98748, 0.343033, 0.000588417, 0.00249106, 0.00255961
0.511997, -1.98369, 0.345964, -1.98428, 0.343471, 0.000588894, 0.0024929, 0.00256152
0.512997, -1.98049, 0.346395, -1.98108, 0.3439, 0.000589252, 0.00249431, 0.00256296
0.513997, -1.97729, 0.346816, -1.97788, 0.34432, 0.00058949, 0.00249565, 0.00256432
0.514997, -1.9741, 0.347227, -1.97469, 0.344729, 0.000589848, 0.00249732, 0.00256603
0.515997, -1.97091, 0.347628, -1.9715, 0.345129, 0.000590324, 0.00249895, 0.00256773
0.516997, -1.96772, 0.34802, -1.96831, 0.34552, 0.000590444, 0.00249985, 0.00256863
0.517997, -1.96453, 0.348402, -1.96512, 0.345901, 0.00059104, 0.00250143, 0.00257031
0.518997, -1.96135, 0.348775, -1.96194, 0.346272, 0.000591516, 0.00250304, 0.00257198
0.519997, -1.95816, 0.349137, -1.95876, 0.346633, 0.000591874, 0.00250429, 0.00257328
0.520997, -1.95498, 0.349491, -1.95557, 0.346985, 0.000592113, 0.00250557, 0.00257458
0.521997, -1.9518, 0.349834, -1.9524, 0.347327, 0.000592232, 0.00250724, 0.00257624
0.522997, -1.94863, 0.350168, -1.94922, 0.34766, 0.000592709, 0.00250825, 0.00257733
0.523997, -1.94546, 0.350492, -1.94605, 0.347983, 0.000592947, 0.00250971, 0.00257881
0.524997, -1.94228, 0.350807, -1.94288, 0.348295, 0.000593543, 0.00251195, 0.00258112
0.525997, -1.93912, 0.351113, -1.93971, 0.348599, 0.00059402, 0.0025132, 0.00258245
0.526997, -1.93595, 0.351408, -1.93654, 0.348894, 0.000594497, 0.00251457, 0.00258389
0.527997, -1.93278, 0.351694, -1.93338, 0.349179, 0.000594616, 0.0025157, 0.00258502
0.528997, -1.92962, 0.351971, -1.93022, 0.349454, 0.000595093, 0.00251731, 0.0025867
0.529997, -1.92646, 0.352238, -1.92706, 0.349719, 0.000595331, 0.00251871, 0.00258811
0.530997, -1.9233, 0.352496, -1.9239, 0.349976, 0.00059545, 0.00251955, 0.00258895
0.531997, -1.92015, 0.352744, -1.92074, 0.350223, 0.000596046, 0.00252128, 0.00259077
0.532997, -1.91699, 0.352983, -1.91759, 0.35046, 0.000596285, 0.00252247, 0.00259199
0.533997, -1.91384, 0.353212, -1.91444, 0.350688, 0.000596762, 0.00252351, 0.00259311
0.534997, -1.91069, 0.353431, -1.91129, 0.350907, 0.000596881, 0.00252476, 0.00259436
0.535997, -1.90755, 0.353642, -1.90814, 0.351116, 0.000597477, 0.00252622, 0.00259592
0.536997, -1.9044, 0.353843, -1.905, 0.351314, 0.000597954, 0.00252828, 0.00259803
0.537997, -1.90126, 0.354034, -1.90186, 0.351505, 0.000598192, 0.00252879, 0.00259858
0.538997, -1.89812, 0.354216, -1.89872, 0.351686, 0.000598669, 0.00253028, 0.00260014
0.539997, -1.89498, 0.354389, -1.89558, 0.351857, 0.000599027, 0.00253204, 0.00260193
0.540997, -1.89184, 0.354552, -1.89244, 0.352019, 0.000599384, 0.00253299, 0.00260294
0.541997, -1.88871, 0.354706, -1.88931, 0.352172, 0.000599742, 0.00253424, 0.00260424
0.542997, -1.88558, 0.354851, -1.88618, 0.352315, 0.00059998, 0.00253543, 0.00260545
0.543997, -1.88245, 0.354986, -1.88305, 0.35245, 0.000600219, 0.00253659, 0.00260664
0.544997, -1.87932, 0.355112, -1.87992, 0.352574, 0.000600696, 0.00253773, 0.00260785
0.545997, -1.8762, 0.355229, -1.8768, 0.352689, 0.000600934, 0.00253993, 0.00261005
0.546997, -1.87307, 0.355336, -1.87367, 0.352796, 0.000601053, 0.00253999, 0.00261014
0.547997, -1.86995, 0.355434, -1.87055, 0.352892, 0.000601649, 0.00254184, 0.00261207
0.548997, -1.86683, 0.355523, -1.86744, 0.35298, 0.000601768, 0.00254264, 0.00261288
0.549996, -1.86372, 0.355602, -1.86432, 0.353058, 0.000602126, 0.00254419, 0.00261448
0.550996, -1.8606, 0.355673, -1.86121, 0.353127, 0.000602484, 0.0025458, 0.00261612
0.551996, -1.85749, 0.355734, -1.85809, 0.353187, 0.000602841, 0.0025464, 0.00261679
0.552996, -1.85438, 0.355786, -1.85498, 0.353238, 0.000603199, 0.00254777, 0.0026182
0.553996, -1.85127, 0.355828, -1.85188, 0.353279, 0.000603318, 0.00254923, 0.00261965
0.554996, -1.84817, 0.355862, -1.84877, 0.353311, 0.000603914, 0.0025501, 0.00262063
0.555996, -1.84506, 0.355886, -1.84567, 0.353335, 0.000604033, 0.00255105, 0.00262159
0.556996, -1.84196, 0.355901, -1.84257, 0.353349, 0.000604391, 0.00255212, 0.00262271
0.557996, -1.83886, 0.355907, -1.83947, 0.353353, 0.000604749, 0.00255406, 0.00262468
0.558996, -1.83577, 0.355903, -1.83637, 0.353349, 0.000604868, 0.00255436, 0.002625
0.559996, -1.83267, 0.355891, -1.83328, 0.353335, 0.000605226, 0.00255623, 0.00262691
0.560996, -1.82958, 0.355869, -1.83018, 0.353313, 0.000605464, 0.0025565, 0.00262722
0.561996, -1.82649, 0.355839, -1.82709, 0.353281, 0.000605941, 0.00255802, 0.00262881
0.562996, -1.8234, 0.355799, -1.824, 0.35324, 0.000606179, 0.00255904, 0.00262985
0.563996, -1.82031, 0.35575, -1.82092, 0.35319, 0.000606418, 0.00256026, 0.0026311
0.564996, -1.81723, 0.355692, -1.81783, 0.353131, 0.000606656, 0.00256097, 0.00263185
0.565996, -1.81414, 0.355625, -1.81475, 0.353063, 0.000607014, 0.00256228, 0.0026332
0.566996, -1.81106, 0.355549, -1.81167, 0.352985, 0.000607371, 0.00256383, 0.0026348
0.567996, -1.80799, 0.355464, -1.80859, 0.352899, 0.000607491, 0.00256458, 0.00263555
0.568996, -1.80491, 0.35537, -1.80552, 0.352805, 0.000607967, 0.00256488, 0.00263595
0.569996, -1.80184, 0.355267, -1.80244, 0.352701, 0.000607967, 0.00256616, 0.00263719
0.570996, -1.79876, 0.355155, -1.79937, 0.352587, 0.000608444, 0.00256774, 0.00263884
0.571996, -1.79569, 0.355033, -1.7963, 0.352465, 0.000608802, 0.0025689, 0.00264005
0.572996, -1.79263, 0.354903, -1.79324, 0.352334, 0.000608921, 0.00256968, 0.00264084
0.573996, -1.78956, 0.354764, -1.79017, 0.352193, 0.000609398, 0.00257078, 0.00264202
0.574996, -1.7865, 0.354616, -1.78711, 0.352044, 0.000609636, 0.00257185, 0.00264312
0.575996, -1.78344, 0.354459, -1.78405, 0.351887, 0.000609756, 0.00257257, 0.00264384
0.576996, -1.78038, 0.354293, -1.78099, 0.35172, 0.000609875, 0.00257364, 0.00264491
0.577996, -1.77732, 0.354118, -1.77793, 0.351543, 0.00061059, 0.0025751, 0.0026465
0.578996, -1.77427, 0.353935, -1.77488, 0.351359, 0.00061059, 0.00257552, 0.00264691
0.579996, -1.77121, 0.353742, -1.77182, 0.351166, 0.000610709, 0.00257632, 0.00264772
0.580996, -1.76816, 0.35354, -1.76877, 0.350963, 0.000611186, 0.00257754, 0.00264901
0.581996, -1.76511, 0.35333, -1.76572, 0.350751, 0.000611424, 0.00257882, 0.00265032
0.582996, -1.76207, 0.353111, -1.76268, 0.350531, 0.000611544, 0.00257984, 0.00265133
0.583996, -1.75902, 0.352883, -1.75963, 0.350303, 0.000611782, 0.00257987, 0.00265141
0.584996, -1.75598, 0.352646, -1.75659, 0.350064, 0.000612259, 0.00258178, 0.00265338
0.585996, -1.75294, 0.3524, -1.75355, 0.349818, 0.000612378, 0.00258201, 0.00265364
0.586996, -1.7499, 0.352145, -1.75051, 0.349562, 0.000612617, 0.00258309, 0.00265474
0.587996, -1.74686, 0.351882, -1.74747, 0.349298, 0.000612974, 0.00258395, 0.00265566
0.588996, -1.74383, 0.351609, -1.74444, 0.349024, 0.000613213, 0.00258532, 0.00265705
0.589996, -1.74079, 0.351328, -1.74141, 0.348743, 0.000613213, 0.00258541, 0.00265714
0.590996, -1.73776, 0.351039, -1.73838, 0.348452, 0.000613809, 0.00258711, 0.00265893
0.591996, -1.73474, 0.35074, -1.73535, 0.348152, 0.000613809, 0.00258827, 0.00266006
0.592996, -1.73171, 0.350433, -1.73232, 0.347845, 0.000613928, 0.00258821, 0.00266003
0.593996, -1.72869, 0.350117, -1.7293, 0.347528, 0.000614166, 0.00258908, 0.00266092
0.594996, -1.72566, 0.349792, -1.72628, 0.347202, 0.000614524, 0.00259015, 0.00266205
0.595996, -1.72264, 0.349459, -1.72326, 0.346867, 0.000615001, 0.00259146, 0.00266344
0.596996, -1.71962, 0.349117, -1.72024, 0.346524, 0.000615358, 0.0025923, 0.00266433
0.597996, -1.71661, 0.348766, -1.71722, 0.346173, 0.000615358, 0.00259265, 0.00266468
0.598996, -1.71359, 0.348406, -1.71421, 0.345813, 0.000615478, 0.00259364, 0.00266566
0.599996, -1.71058, 0.348038, -1.7112, 0.345444, 0.000615716, 0.0025942, 0.00266627
0.600996, -1.70757, 0.347661, -1.70819, 0.345066, 0.000616074, 0.00259504, 0.00266716
0.601996, -1.70456, 0.347276, -1.70518, 0.344679, 0.00061655, 0.00259653, 0.00266872
0.602996, -1.70156, 0.346882, -1.70217, 0.344285, 0.000616431, 0.00259727, 0.00266942
0.603996, -1.69855, 0.346479, -1.69917, 0.343881, 0.00061667, 0.00259763, 0.00266982
0.604996, -1.69555, 0.346068, -1.69617, 0.34347, 0.000616908, 0.00259832, 0.00267055
0.605996, -1.69255, 0.345648, -1.69317, 0.343049, 0.000617027, 0.00259933, 0.00267156
0.606996, -1.68955, 0.345219, -1.69017, 0.342619, 0.000617504, 0.00259998, 0.00267231
0.607996, -1.68656, 0.344782, -1.68717, 0.342182, 0.000617385, 0.00260031, 0.0026726
0.608996, -1.68356, 0.344337, -1.68418, 0.341735, 0.000617743, 0.00260139, 0.00267373
0.609996, -1.68057, 0.343883, -1.68119, 0.34128, 0.000617981, 0.00260249, 0.00267485
0.610996, -1.67758, 0.34342, -1.6782, 0.340817, 0.0006181, 0.00260255, 0.00267494
0.611996, -1.67459, 0.342949, -1.67521, 0.340345, 0.000618696, 0.00260374, 0.00267624
0.612996, -1.67161, 0.342469, -1.67222, 0.339865, 0.000618696, 0.00260428, 0.00267676
0.613996, -1.66862, 0.341981, -1.66924, 0.339375, 0.000619054, 0.00260526, 0.0026778
0.614996, -1.66564, 0.341484, -1.66626, 0.338878, 0.000619173, 0.00260597, 0.00267852
0.615996, -1.66266, 0.340979, -1.66328, 0.338372, 0.000619173, 0.00260681, 0.00267933
0.616996, -1.65968, 0.340465, -1.6603, 0.337857, 0.00061965, 0.00260773, 0.00268034
0.617996, -1.6567, 0.339943, -1.65732, 0.337335, 0.000619769, 0.00260773, 0.00268037
0.618996, -1.65373, 0.339412, -1.65435, 0.336803, 0.000620008, 0.00260893, 0.00268159
0.619996, -1.65076, 0.338873, -1.65138, 0.336264, 0.000620246, 0.00260955, 0.00268225
0.620996, -1.64779, 0.338326, -1.64841, 0.335716, 0.000620365, 0.00260997, 0.00268268
0.621996, -1.64482, 0.33777, -1.64544, 0.335159, 0.000620484, 0.00261092, 0.00268364
0.622996, -1.64185, 0.337206, -1.64247, 0.334594, 0.000620842, 0.00261134, 0.00268413
0.623996, -1.63889, 0.336633, -1.63951, 0.33402, 0.000620842, 0.00261268, 0.00268543
0.624996, -1.63593, 0.336052, -1.63655, 0.333439, 0.000621319, 0.00261313, 0.00268598
0.625996, -1.63297, 0.335462, -1.63359, 0.332849, 0.000621438, 0.00261346, 0.00268632
0.626996, -1.63001, 0.334865, -1.63063, 0.332251, 0.000621319, 0.00261399, 0.00268682
0.627995, -1.62705, 0.334259, -1.62767, 0.331644, 0.000621676, 0.00261441, 0.00268731
0.628995, -1.62409, 0.333644, -1.62472, 0.331029, 0.000621796, 0.00261542, 0.00268832
0.629995, -1.62114, 0.333021, -1.62176, 0.330405, 0.000622034, 0.00261599, 0.00268893
0.630995, -1.61819, 0.33239, -1.61881, 0.329773, 0.000622272, 0.00261682, 0.00268979
0.631995, -1.61524, 0.331751, -1.61586, 0.329134, 0.000622511, 0.00261688, 0.00268991
0.632995, -1.6123, 0.331103, -1.61292, 0.328485, 0.000622749, 0.00261828, 0.00269132
0.633995, -1.60935, 0.330447, -1.60997, 0.327828, 0.000623107, 0.0026193, 0.00269239
0.634995, -1.60641, 0.329783, -1.60703, 0.327164, 0.000622988, 0.00261882, 0.0026919
0.635995, -1.60347, 0.329111, -1.60409, 0.32649, 0.000623345, 0.00262046, 0.00269358
0.636995, -1.60053, 0.32843, -1.60115, 0.325809, 0.000623465, 0.002621, 0.00269413
0.637995, -1.59759, 0.327741, -1.59821, 0.32512, 0.000623345, 0.00262046, 0.00269358
0.638995, -1.59465, 0.327044, -1.59528, 0.324422, 0.000623703, 0.00262135, 0.00269453
0.639995, -1.59172, 0.326338, -1.59234, 0.323717, 0.000623822, 0.00262153, 0.00269473
0.640995, -1.58879, 0.325625, -1.58941, 0.323002, 0.00062418, 0.00262281, 0.00269606
0.641995, -1.58586, 0.324903, -1.58648, 0.322279, 0.000624537, 0.00262341, 0.00269672
0.642995, -1.58293, 0.324173, -1.58355, 0.321549, 0.000624418, 0.00262335, 0.00269664
0.643995, -1.58, 0.323435, -1.58063, 0.32081, 0.000624776, 0.00262442, 0.00269777
0.644995, -1.57708, 0.322688, -1.57771, 0.320063, 0.000624895, 0.0026252, 0.00269855
0.645995, -1.57416, 0.321934, -1.57478, 0.319309, 0.000625253, 0.00262532, 0.00269875
0.646995, -1.57124, 0.321171, -1.57186, 0.318546, 0.000625134, 0.00262552, 0.00269892
0.647995, -1.56832, 0.320401, -1.56894, 0.317774, 0.000625491, 0.00262621, 0.00269967
0.648995, -1.5654, 0.319622, -1.56603, 0.316995, 0.00062561, 0.00262627, 0.00269976
0.649995, -1.56249, 0.318835, -1.56311, 0.316208, 0.000625491, 0.00262645, 0.0026999
0.650995, -1.55958, 0.31804, -1.5602, 0.315412, 0.000625968, 0.00262785, 0.00270138
0.651995, -1.55666, 0.317237, -1.55729, 0.314608, 0.000626206, 0.00262833, 0.00270189
0.652995, -1.55376, 0.316425, -1.55438, 0.313797, 0.000626206, 0.00262824, 0.00270181
0.653995, -1.55085, 0.315606, -1.55148, 0.312978, 0.000626206, 0.0026283, 0.00270187
0.654995, -1.54794, 0.314779, -1.54857, 0.312149, 0.000626445, 0.00262961, 0.0027032
0.655995, -1.54504, 0.313943, -1.54567, 0.311314, 0.000626564, 0.00262967, 0.00270328
0.656995, -1.54214, 0.3131, -1.54277, 0.310469, 0.000626683, 0.00263065, 0.00270427
0.657995, -1.53924, 0.312249, -1.53987, 0.309618, 0.000626802, 0.00263077, 0.00270441
0.658995, -1.53634, 0.311389, -1.53697, 0.308758, 0.000627041, 0.00263146, 0.00270513
0.659995, -1.53345, 0.310522, -1.53407, 0.307891, 0.000627279, 0.00263095, 0.00270469
0.660995, -1.53055, 0.309646, -1.53118, 0.307014, 0.000627279, 0.00263211, 0.00270583
0.661995, -1.52766, 0.308763, -1.52829, 0.306131, 0.000627398, 0.00263244, 0.00270617
0.662995, -1.52477, 0.307872, -1.5254, 0.305239, 0.000627518, 0.00263232, 0.00270608
0.663995, -1.52188, 0.306972, -1.52251, 0.304339, 0.000627756, 0.0026339, 0.00270768
0.664995, -1.51899, 0.306065, -1.51962, 0.303432, 0.000627756, 0.00263324, 0.00270704
0.665995, -1.51611, 0.30515, -1.51674, 0.302515, 0.000627875, 0.00263467, 0.00270846
0.666995, -1.51323, 0.304227, -1.51385, 0.301592, 0.000627995, 0.00263497, 0.00270877
0.667995, -1.51035, 0.303296, -1.51097, 0.300661, 0.000628233, 0.00263488, 0.00270874
0.668995, -1.50747, 0.302357, -1.5081, 0.299721, 0.000628471, 0.00263619, 0.00271007
0.669995, -1.50459, 0.30141, -1.50522, 0.298775, 0.000628352, 0.00263569, 0.00270955
0.670995, -1.50171, 0.300456, -1.50234, 0.297819, 0.000628471, 0.00263622, 0.0027101
0.671995, -1.49884, 0.299493, -1.49947, 0.296856, 0.00062871, 0.00263676, 0.00271068
0.672995, -1.49597, 0.298523, -1.4966, 0.295885, 0.000628829, 0.00263733, 0.00271126
0.673995, -1.4931, 0.297544, -1.49373, 0.294908, 0.00062871, 0.00263682, 0.00271074
0.674995, -1.49023, 0.296558, -1.49086, 0.293921, 0.000628948, 0.00263742, 0.00271137
0.675995, -1.48736, 0.295564, -1.48799, 0.292926, 0.000629067, 0.00263804, 0.00271201
0.676995, -1.4845, 0.294563, -1.48513, 0.291925, 0.000628948, 0.00263765, 0.0027116
0.677995, -1.48164, 0.293553, -1.48227, 0.290915, 0.000629187, 0.0026384, 0.00271238
0.678995, -1.47878, 0.292536, -1.47941, 0.289896, 0.000629544, 0.00263923, 0.00271328
0.679995, -1.47592, 0.291511, -1.47655, 0.288871, 0.000629544, 0.00263941, 0.00271345
0.680995, -1.47306, 0.290478, -1.47369, 0.287838, 0.000629663, 0.00263932, 0.00271339
0.681995, -1.4702, 0.289437, -1.47083, 0.286797, 0.000629783, 0.00263971, 0.0027138
0.682995, -1.46735, 0.288389, -1.46798, 0.285749, 0.000629783, 0.00263947, 0.00271357
0.683995, -1.4645, 0.287332, -1.46513, 0.284693, 0.000629663, 0.00263974, 0.0027138
0.684995, -1.46165, 0.286268, -1.46228, 0.283628, 0.00063014, 0.00264049, 0.00271463
0.685995, -1.4588, 0.285197, -1.45943, 0.282556, 0.00063026, 0.00264066, 0.00271484
0.686995, -1.45595, 0.284117, -1.45658, 0.281476, 0.00063026, 0.00264135, 0.0027155
0.687995, -1.45311, 0.28303, -1.45374, 0.280389, 0.000630379, 0.00264111, 0.0027153
0.688995, -1.45027, 0.281936, -1.4509, 0.279295, 0.000630617, 0.00264105, 0.0027153
0.689995, -1.44743, 0.280833, -1.44806, 0.278191, 0.000630736, 0.00264192, 0.00271616
0.690995, -1.44459, 0.279723, -1.44522, 0.277081, 0.000630736, 0.00264189, 0.00271614
0.691995, -1.44175, 0.278605, -1.44238, 0.275963, 0.000630856, 0.00264242, 0.00271668
0.692995, -1.43891, 0.27748, -1.43954, 0.274837, 0.000631094, 0.00264245, 0.00271677
0.693995, -1.43608, 0.276347, -1.43671, 0.273705, 0.000631213, 0.00264236, 0.00271671
0.694995, -1.43325, 0.275206, -1.43388, 0.272564, 0.000631213, 0.00264215, 0.00271651
0.695995, -1.43042, 0.274058, -1.43105, 0.271415, 0.000631332, 0.0026429, 0.00271726
0.696995, -1.42759, 0.272902, -1.42822, 0.270258, 0.000631571, 0.00264388, 0.00271827
0.697995, -1.42476, 0.271738, -1.42539, 0.269094, 0.00063169, 0.00264406, 0.00271847
0.698995, -1.42194, 0.270567, -1.42257, 0.267924, 0.00063169, 0.00264347, 0.00271789
0.699995, -1.41911, 0.269389, -1.41974, 0.266744, 0.00063169, 0.00264457, 0.00271897
0.700995, -1.41629, 0.268202, -1.41692, 0.265558, 0.000631809, 0.00264418, 0.00271862
0.701995, -1.41347, 0.267008, -1.4141, 0.264364, 0.000631809, 0.00264445, 0.00271888
0.702995, -1.41065, 0.265807, -1.41128, 0.263162, 0.000631928, 0.00264505, 0.00271949
0.703995, -1.40784, 0.264598, -1.40847, 0.261954, 0.000631928, 0.00264454, 0.00271899
0.704994, -1.40502, 0.263382, -1.40565, 0.260737, 0.000632167, 0.00264472, 0.00271922
0.705994, -1.40221, 0.262158, -1.40284, 0.259513, 0.000632286, 0.0026449, 0.00271942
0.706994, -1.3994, 0.260926, -1.40003, 0.258281, 0.000632286, 0.00264543, 0.00271995
0.707994, -1.39659, 0.259687, -1.39722, 0.257042, 0.000632286, 0.00264525, 0.00271977
0.708994, -1.39378, 0.258441, -1.39441, 0.255796, 0.000632405, 0.00264511, 0.00271965
0.709994, -1.39098, 0.257187, -1.39161, 0.254541, 0.000632405, 0.00264534, 0.00271989
0.710994, -1.38817, 0.255925, -1.3888, 0.253279, 0.000632405, 0.00264597, 0.00272049
0.711994, -1.38537, 0.254656, -1.386, 0.25201, 0.000632763, 0.00264594, 0.00272055
0.712994, -1.38257, 0.25338, -1.3832, 0.250734, 0.000632644, 0.00264597, 0.00272055
0.713994, -1.37977, 0.252096, -1.3804, 0.249451, 0.000632644, 0.0026457, 0.00272029
0.714994, -1.37697, 0.250805, -1.37761, 0.24816, 0.000632882, 0.00264552, 0.00272017
0.715994, -1.37418, 0.249506, -1.37481, 0.24686, 0.000633001, 0.00264685, 0.00272149
0.716994, -1.37138, 0.2482, -1.37202, 0.245554, 0.000632882, 0.00264649, 0.00272111
0.717994, -1.36859, 0.246887, -1.36923, 0.24424, 0.000633121, 0.0026466, 0.00272127
0.718994, -1.3658, 0.245566, -1.36644, 0.24292, 0.000633121, 0.0026461, 0.00272079
0.719994, -1.36301, 0.244238, -1.36365, 0.241591, 0.00063324, 0.00264716, 0.00272185
0.720994, -1.36023, 0.242902, -1.36086, 0.240256, 0.000633121, 0.00264658, 0.00272125
0.721994, -1.35744, 0.241559, -1.35808, 0.238912, 0.000633359, 0.00264686, 0.00272159
0.722994, -1.35466, 0.240209, -1.35529, 0.237562, 0.000633121, 0.0026473, 0.00272195
0.723994, -1.35188, 0.238851, -1.35251, 0.236204, 0.000633359, 0.00264682, 0.00272154
0.724994, -1.3491, 0.237486, -1.34973, 0.234839, 0.00063324, 0.00264688, 0.00272157
0.725994, -1.34632, 0.236114, -1.34695, 0.233467, 0.000633359, 0.00264713, 0.00272185
0.726994, -1.34354, 0.234734, -1.34418, 0.232087, 0.000633478, 0.00264758, 0.00272231
0.727994, -1.34077, 0.233347, -1.3414, 0.230699, 0.000633597, 0.00264788, 0.00272263
0.728994, -1.33799, 0.231953, -1.33863, 0.229306, 0.000633597, 0.00264695, 0.00272173
0.729994, -1.33522, 0.230552, -1.33586, 0.227904, 0.000633597, 0.00264768, 0.00272244
0.730994, -1.33245, 0.229143, -1.33309, 0.226495, 0.000633836, 0.00264758, 0.00272239
0.731994, -1.32969, 0.227727, -1.33032, 0.225079, 0.000633836, 0.00264737, 0.00272219
0.732994, -1.32692, 0.226303, -1.32755, 0.223656, 0.000633955, 0.00264741, 0.00272226
0.733994, -1.32415, 0.224873, -1.32479, 0.222225, 0.000633836, 0.00264773, 0.00272254
0.734994, -1.32139, 0.223435, -1.32203, 0.220788, 0.000633955, 0.00264724, 0.00272209
0.735994, -1.31863, 0.22199, -1.31926, 0.219342, 0.000634074, 0.00264774, 0.00272261
0.736994, -1.31587, 0.220538, -1.3165, 0.217891, 0.000633955, 0.00264712, 0.00272197
0.737994, -1.31311, 0.219078, -1.31375, 0.21643, 0.000634074, 0.00264786, 0.00272272
0.738994, -1.31036, 0.217612, -1.31099, 0.214965, 0.000634193, 0.00264713, 0.00272204
0.739994, -1.3076, 0.216138, -1.30824, 0.21349, 0.000634074, 0.00264744, 0.00272232
0.740994, -1.30485, 0.214657, -1.30548, 0.212009, 0.000634193, 0.00264737, 0.00272227
0.741994, -1.3021, 0.213169, -1.30273, 0.210521, 0.000634313, 0.002648, 0.00272291
0.742994, -1.29935, 0.211673, -1.29998, 0.209026, 0.000634432, 0.00264753, 0.00272249
0.743994, -1.2966, 0.210171, -1.29724, 0.207523, 0.000634551, 0.00264744, 0.00272243
0.744994, -1.29385, 0.208661, -1.29449, 0.206013, 0.00063467, 0.00264807, 0.00272306
0.745994, -1.29111, 0.207144, -1.29174, 0.204497, 0.000634789, 0.0026473, 0.00272234
0.746994, -1.28837, 0.205621, -1.289, 0.202974, 0.00063467, 0.00264691, 0.00272193
0.747994, -1.28563, 0.20409, -1.28626, 0.201442, 0.000634789, 0.00264764, 0.00272267
0.748994, -1.28289, 0.202551, -1.28352, 0.199904, 0.00063467, 0.00264698, 0.00272201
0.749994, -1.28015, 0.201006, -1.28078, 0.198359, 0.000634789, 0.00264674, 0.0027218
0.750994, -1.27741, 0.199454, -1.27805, 0.196806, 0.000634909, 0.00264765, 0.00272272
0.751994, -1.27468, 0.197895, -1.27531, 0.195248, 0.000634909, 0.00264649, 0.00272158
0.752994, -1.27194, 0.196328, -1.27258, 0.193681, 0.000634909, 0.00264756, 0.00272263
0.753994, -1.26921, 0.194755, -1.26985, 0.192108, 0.000634909, 0.00264695, 0.00272203
0.754994, -1.26648, 0.193174, -1.26712, 0.190527, 0.000634909, 0.0026468, 0.00272189
0.755994, -1.26376, 0.191587, -1.26439, 0.18894, 0.000634909, 0.00264677, 0.00272186
0.756994, -1.26103, 0.189992, -1.26166, 0.187346, 0.000635028, 0.00264651, 0.00272163
0.757994, -1.2583, 0.188391, -1.25894, 0.185745, 0.000634909, 0.00264601, 0.00272112
0.758994, -1.25558, 0.186782, -1.25622, 0.184136, 0.000634789, 0.00264639, 0.00272146
0.759994, -1.25286, 0.185166, -1.25349, 0.18252, 0.000635028, 0.00264619, 0.00272132
0.760994, -1.25014, 0.183544, -1.25077, 0.180897, 0.000635266, 0.00264652, 0.0027217
0.761994, -1.24742, 0.181914, -1.24806, 0.179268, 0.000635266, 0.00264595, 0.00272115
0.762994, -1.2447, 0.180278, -1.24534, 0.177632, 0.000634909, 0.00264557, 0.00272069
0.763994, -1.24199, 0.178634, -1.24262, 0.175988, 0.000635266, 0.00264573, 0.00272093
0.764994, -1.23928, 0.176984, -1.23991, 0.174338, 0.000635147, 0.00264573, 0.0027209
0.765994, -1.23656, 0.175326, -1.2372, 0.17268, 0.000635147, 0.00264594, 0.0027211
0.766994, -1.23385, 0.173662, -1.23449, 0.171016, 0.000635147, 0.00264566, 0.00272083
0.767994, -1.23115, 0.171991, -1.23178, 0.169345, 0.000635028, 0.00264524, 0.0027204
0.768994, -1.22844, 0.170313, -1.22907, 0.167667, 0.000635386, 0.00264542, 0.00272065
0.769994, -1.22573, 0.168628, -1.22637, 0.165983, 0.000634909, 0.00264442, 0.00271957
0.770994, -1.22303, 0.166936, -1.22367, 0.164291, 0.000635147, 0.00264475, 0.00271995
0.771994, -1.22033, 0.165237, -1.22096, 0.162592, 0.000635028, 0.00264427, 0.00271945
0.772994, -1.21763, 0.163531, -1.21826, 0.160887, 0.000635147, 0.00264406, 0.00271928
0.773994, -1.21493, 0.161818, -1.21556, 0.159173, 0.000635386, 0.00264485, 0.0027201
0.774994, -1.21223, 0.160099, -1.21287, 0.157455, 0.000635028, 0.00264415, 0.00271934
0.775994, -1.20954, 0.158373, -1.21017, 0.155728, 0.000635147, 0.00264411, 0.00271932
0.776994, -1.20684, 0.156639, -1.20748, 0.153996, 0.000635147, 0.00264366, 0.00271889
0.777994, -1.20415, 0.154899, -1.20478, 0.152256, 0.000635147, 0.0026439, 0.00271912
0.778994, -1.20146, 0.153153, -1.20209, 0.150509, 0.000635028, 0.00264339, 0.0027186
0.779994, -1.19877, 0.151399, -1.1994, 0.148755, 0.000635266, 0.00264393, 0.00271918
0.780994, -1.19608, 0.149639, -1.19672, 0.146995, 0.000635266, 0.00264339, 0.00271865
0.781994, -1.19339, 0.147871, -1.19403, 0.145229, 0.000634909, 0.00264214, 0.00271735
0.782993, -1.19071, 0.146097, -1.19135, 0.143454, 0.000635147, 0.00264303, 0.00271828
0.783993, -1.18803, 0.144317, -1.18866, 0.141674, 0.000635028, 0.00264215, 0.0027174
0.784993, -1.18535, 0.142529, -1.18598, 0.139887, 0.000635147, 0.00264202, 0.00271729
0.785993, -1.18267, 0.140735, -1.1833, 0.138093, 0.000634909, 0.00264192, 0.00271714
0.786993, -1.17999, 0.138934, -1.18062, 0.136292, 0.000634789, 0.0026415, 0.0027167
0.787993, -1.17731, 0.137126, -1.17795, 0.134484, 0.000634789, 0.0026415, 0.0027167
0.788993, -1.17464, 0.135311, -1.17527, 0.13267, 0.000635147, 0.00264084, 0.00271615
0.789993, -1.17196, 0.13349, -1.1726, 0.130849, 0.000634909, 0.00264098, 0.00271622
0.790993, -1.16929, 0.131662, -1.16993, 0.129021, 0.000634909, 0.00264083, 0.00271608
0.791993, -1.16662, 0.129827, -1.16725, 0.127187, 0.000635028, 0.00264005, 0.00271535
0.792993, -1.16395, 0.127986, -1.16459, 0.125346, 0.000634789, 0.0026401, 0.00271534
0.793993, -1.16128, 0.126138, -1.16192, 0.123498, 0.00063467, 0.00263989, 0.00271511
0.794993, -1.15862, 0.124283, -1.15925, 0.121644, 0.000634909, 0.00263944, 0.00271472
0.795993, -1.15595, 0.122422, -1.15659, 0.119783, 0.000634789, 0.00263911, 0.00271438
0.796993, -1.15329, 0.120554, -1.15393, 0.117915, 0.000634551, 0.00263891, 0.00271413
0.797993, -1.15063, 0.118679, -1.15126, 0.11604, 0.00063467, 0.0026385, 0.00271376
0.798993, -1.14797, 0.116797, -1.14861, 0.114159, 0.000634909, 0.00263824, 0.00271357
0.799993, -1.14531, 0.114909, -1.14595, 0.112272, 0.000634551, 0.00263743, 0.00271269
0.800993, -1.14266, 0.113015, -1.14329, 0.110376, 0.000634551, 0.00263858, 0.00271381
0.801993, -1.14, 0.111114, -1.14064, 0.108476, 0.00063467, 0.00263739, 0.00271268
0.802993, -1.13735, 0.109206, -1.13798, 0.106569, 0.00063467, 0.00263711, 0.00271241
0.803993, -1.1347, 0.107291, -1.13533, 0.104654, 0.000634313, 0.00263703, 0.00271225
0.804993, -1.13205, 0.10537, -1.13268, 0.102733, 0.000634551, 0.00263679, 0.00271207
0.805993, -1.1294, 0.103443, -1.13003, 0.100806, 0.000634551, 0.00263677, 0.00271205
0.806993, -1.12675, 0.101508, -1.12738, 0.0988721, 0.000634432, 0.00263625, 0.00271151
0.807993, -1.1241, 0.0995675, -1.12474, 0.0969312, 0.000634432, 0.00263631, 0.00271158
0.808993, -1.12146, 0.0976202, -1.12209, 0.094985, 0.000634313, 0.00263519, 0.00271046
0.809993, -1.11882, 0.0956663, -1.11945, 0.0930313, 0.000634313, 0.00263503, 0.0027103
0.810993, -1.11618, 0.0937059, -1.11681, 0.0910718, 0.000634313, 0.00263406, 0.00270935
0.811993, -1.11354, 0.091739, -1.11417, 0.0891045, 0.000634193, 0.00263442, 0.00270968
0.812993, -1.1109, 0.0897655, -1.11153, 0.0871311, 0.000634193, 0.00263435, 0.00270961
0.813993, -1.10826, 0.0877855, -1.1089, 0.0851524, 0.000634074, 0.00263312, 0.00270839
0.814993, -1.10563, 0.085799, -1.10626, 0.0831658, 0.000633955, 0.00263327, 0.0027085
0.815993, -1.10299, 0.0838061, -1.10363, 0.0811738, 0.000634193, 0.00263228, 0.0027076
0.816993, -1.10036, 0.0818066, -1.10099, 0.0791743, 0.000633836, 0.00263231, 0.00270755
0.817993, -1.09773, 0.0798007, -1.09836, 0.0771683, 0.000634193, 0.00263231, 0.00270762
0.818993, -1.0951, 0.0777882, -1.09574, 0.075156, 0.000634193, 0.00263227, 0.00270759
0.819993, -1.09247, 0.0757694, -1.09311, 0.0731382, 0.000633836, 0.00263114, 0.0027064
0.820993, -1.08985, 0.0737441, -1.09048, 0.071113, 0.000633955, 0.00263106, 0.00270636
0.821993, -1.08722, 0.0717123, -1.08786, 0.069082, 0.000633955, 0.00263026, 0.00270558
0.822993, -1.0846, 0.0696741, -1.08523, 0.0670443, 0.000633836, 0.00262983, 0.00270514
0.823993, -1.08198, 0.0676295, -1.08261, 0.0649997, 0.000633717, 0.00262976, 0.00270504
0.824993, -1.07936, 0.0655784, -1.07999, 0.0629487, 0.000633717, 0.00262972, 0.002705
0.825993, -1.07674, 0.063521, -1.07737, 0.0608913, 0.000633717, 0.0026297, 0.00270498
0.826993, -1.07412, 0.0614571, -1.07476, 0.0588292, 0.000633597, 0.00262794, 0.00270324
0.827993, -1.07151, 0.0593869, -1.07214, 0.0567582, 0.000633717, 0.00262872, 0.00270403
0.828993, -1.06889, 0.0573103, -1.06953, 0.0546821, 0.000633478, 0.00262812, 0.00270339
0.829993, -1.06628, 0.0552273, -1.06691, 0.0526, 0.000633478, 0.00262723, 0.00270252
0.830993, -1.06367, 0.0531379, -1.0643, 0.0505111, 0.000633359, 0.00262677, 0.00270205
0.831993, -1.06106, 0.0510422, -1.06169, 0.0484158, 0.000633001, 0.00262639, 0.00270159
0.832993, -1.05845, 0.0489401, -1.05909, 0.046314, 0.000633359, 0.00262609, 0.00270139
0.833993, -1.05585, 0.0468317, -1.05648, 0.0442061, 0.000633121, 0.00262554, 0.0027008
0.834993, -1.05324, 0.0447169, -1.05387, 0.0420915, 0.000633121, 0.00262545, 0.00270071
0.835993, -1.05064, 0.0425959, -1.05127, 0.0399711, 0.000632763, 0.00262476, 0.00269995
0.836993, -1.04803, 0.0404685, -1.04867, 0.0378439, 0.000632882, 0.00262455, 0.00269977
0.837993, -1.04543, 0.0383348, -1.04607, 0.0357107, 0.000632763, 0.00262411, 0.00269932
0.838993, -1.04283, 0.0361948, -1.04347, 0.0335717, 0.000632763, 0.00262309, 0.00269833
0.839993, -1.04024, 0.0340485, -1.04087, 0.0314249, 0.000632763, 0.00262365, 0.00269888
0.840993, -1.03764, 0.031896, -1.03827, 0.0292734, 0.000632763, 0.00262258, 0.00269784
0.841993, -1.03505, 0.0297371, -1.03568, 0.0271151, 0.000632524, 0.00262203, 0.00269725
0.842993, -1.03245, 0.027572, -1.03308, 0.0249497, 0.000632644, 0.00262237, 0.0026976
0.843993, -1.02986, 0.0254007, -1.03049, 0.0227803, 0.000632286, 0.00262039, 0.00269559
0.844993, -1.02727, 0.0232231, -1.0279, 0.020602, 0.000632405, 0.0026211, 0.00269631
0.845993, -1.02468, 0.0210392, -1.02531, 0.0184187, 0.000632286, 0.00262057, 0.00269577
0.846993, -1.02209, 0.0188492, -1.02272, 0.0162296, 0.000632167, 0.00261953, 0.00269474
0.847993, -1.01951, 0.0166529, -1.02014, 0.0140338, 0.000631928, 0.00261907, 0.00269423
0.848993, -1.01692, 0.0144504, -1.01755, 0.0118312, 0.000631928, 0.00261919, 0.00269434
0.849993, -1.01434, 0.0122416, -1.01497, 0.00962281, 0.000631928, 0.00261882, 0.00269399
0.850993, -1.01176, 0.0100267, -1.01239, 0.00740838, 0.000631928, 0.00261834, 0.00269351
0.851993, -1.00918, 0.00780561, -1.00981, 0.00518858, 0.00063169, 0.00261702, 0.00269218
0.852993, -1.0066, 0.00557832, -1.00723, 0.00296092, 0.00063169, 0.0026174, 0.00269255
0.853993, -1.00402, 0.00334486, -1.00465, 0.00072825, 0.00063169, 0.00261661, 0.00269178
0.854993, -1.00144, 0.00110523, -1.00208, -0.0015105, 0.00063169, 0.00261573, 0.00269092
0.855993, -0.998869, -0.00114056, -0.999501, -0.00375605, 0.00063163, 0.00261549, 0.00269067
0.856993, -0.996296, -0.00339249, -0.996927, -0.00600731, 0.000631332, 0.00261482, 0.00268996
0.857993, -0.993724, -0.00565057, -0.994355, -0.00826538, 0.000631273, 0.00261481, 0.00268993
0.858993, -0.991154, -0.00791478, -0.991785, -0.0105288, 0.000630975, 0.00261402, 0.0026891
0.859993, -0.988585, -0.0101851, -0.989216, -0.012798, 0.000631154, 0.00261284, 0.00268799
0.860992, -0.986017, -0.0124616, -0.986648, -0.0150743, 0.000630856, 0.00261269, 0.00268778
0.861992, -0.983451, -0.0147441, -0.984082, -0.0173566, 0.000630856, 0.00261252, 0.00268761
0.862992, -0.980886, -0.0170328, -0.981517, -0.0196437, 0.000630617, 0.00261089, 0.00268597
0.863992, -0.978323, -0.0193275, -0.978954, -0.0219393, 0.000630856, 0.00261175, 0.00268686
0.864992, -0.975761, -0.0216284, -0.976392, -0.0242388, 0.000630617, 0.00261047, 0.00268556
0.865992, -0.973201, -0.0239353, -0.973831, -0.0265452, 0.000630379, 0.0026099, 0.00268495
0.866992, -0.970642, -0.0262482, -0.971272, -0.0288579, 0.000630438, 0.00260971, 0.00268478
0.867992, -0.968084, -0.0285673, -0.968715, -0.0311764, 0.00063026, 0.00260917, 0.00268422
0.868992, -0.965528, -0.0308924, -0.966158, -0.0335003, 0.000630081, 0.00260795, 0.00268299
0.869992, -0.962974, -0.0332235, -0.963604, -0.0358317, 0.000630438, 0.0026082, 0.00268331
0.870992, -0.96042, -0.0355607, -0.961051, -0.0381688, 0.000630319, 0.00260814, 0.00268322
0.871992, -0.957868, -0.0379038, -0.958498, -0.0405098, 0.000629783, 0.00260597, 0.00268099
0.872992, -0.955318, -0.0402531, -0.955947, -0.0428598, 0.000629723, 0.00260673, 0.00268172
0.873992, -0.952769, -0.0426083, -0.953398, -0.0452141, 0.000629723, 0.00260578, 0.00268079
0.874992, -0.950221, -0.0449695, -0.95085, -0.0475744, 0.000629723, 0.00260489, 0.00267993
0.875992, -0.947674, -0.0473367, -0.948304, -0.0499419, 0.000629544, 0.00260517, 0.00268016
0.876992, -0.945129, -0.0497099, -0.945759, -0.0523137, 0.000629604, 0.00260375, 0.00267879
0.877992, -0.942586, -0.0520891, -0.943216, -0.0546919, 0.000629723, 0.00260279, 0.00267788
0.878992, -0.940044, -0.0544743, -0.940673, -0.0570773, 0.000629365, 0.00260301, 0.00267801
0.879992, -0.937503, -0.0568654, -0.938132, -0.0594677, 0.000629306, 0.00260227, 0.00267728
0.880992, -0.934964, -0.0592625, -0.935593, -0.0618638, 0.000629067, 0.0026013, 0.00267629
0.881992, -0.932426, -0.0616655, -0.933055, -0.0642663, 0.000629127, 0.00260082, 0.00267583
0.882992, -0.929889, -0.0640745, -0.930518, -0.0666746, 0.000628948, 0.00260013, 0.00267511
0.883992, -0.927354, -0.0664894, -0.927983, -0.0690886, 0.000629067, 0.00259922, 0.00267426
0.884992, -0.92482, -0.0689102, -0.925449, -0.0715097, 0.000628769, 0.00259954, 0.0026745
0.885992, -0.922287, -0.0713369, -0.922916, -0.0739352, 0.000628531, 0.00259823, 0.00267318
0.886992, -0.919756, -0.0737696, -0.920385, -0.076367, 0.000628352, 0.00259747, 0.00267239
0.887992, -0.917227, -0.0762081, -0.917855, -0.0788053, 0.000628233, 0.00259724, 0.00267214
0.888992, -0.914698, -0.0786525, -0.915326, -0.0812486, 0.000628173, 0.00259612, 0.00267104
0.889992, -0.912171, -0.0811028, -0.912799, -0.0836991, 0.000628173, 0.00259627, 0.00267118
0.890992, -0.909646, -0.083559, -0.910274, -0.0861539, 0.000628233, 0.00259483, 0.0026698
0.891992, -0.907121, -0.0860211, -0.90775, -0.0886158, 0.000628352, 0.00259468, 0.00266968
0.892992, -0.904598, -0.088489, -0.905226, -0.0910827, 0.000627816, 0.00259367, 0.00266858
0.893992, -0.902077, -0.0909628, -0.902705, -0.093556, 0.000628054, 0.00259326, 0.00266823
0.894992, -0.899557, -0.0934424, -0.900184, -0.0960351, 0.000627637, 0.00259271, 0.0026676
0.895992, -0.897038, -0.0959279, -0.897666, -0.0985199, 0.000627518, 0.00259206, 0.00266693
0.896992, -0.894521, -0.0984192, -0.895148, -0.10101, 0.000627279, 0.00259129, 0.00266613
0.897992, -0.892004, -0.100916, -0.892632, -0.103507, 0.000627577, 0.00259043, 0.00266536
0.898992, -0.88949, -0.103419, -0.890117, -0.106009, 0.000626981, 0.00258946, 0.00266429
0.899992, -0.886976, -0.105928, -0.887604, -0.108518, 0.000627398, 0.00258985, 0.00266476
0.900992, -0.884464, -0.108442, -0.885091, -0.111032, 0.000626981, 0.00258945, 0.00266427
0.901992, -0.881954, -0.110963, -0.882581, -0.113551, 0.000626862, 0.00258826, 0.00266309
0.902992, -0.879444, -0.113489, -0.880071, -0.116076, 0.000626564, 0.00258702, 0.00266181
0.903992, -0.876936, -0.116021, -0.877563, -0.118608, 0.000626624, 0.00258715, 0.00266195
0.904992, -0.87443, -0.118558, -0.875056, -0.121144, 0.000626504, 0.0025858, 0.00266061
0.905992, -0.871924, -0.121102, -0.872551, -0.123687, 0.000626266, 0.00258513, 0.00265991
0.906992, -0.869421, -0.123651, -0.870047, -0.126236, 0.000626087, 0.00258514, 0.00265988
0.907992, -0.866918, -0.126206, -0.867544, -0.12879, 0.000626028, 0.00258371, 0.00265847
0.908992, -0.864417, -0.128766, -0.865043, -0.131349, 0.000626028, 0.00258298, 0.00265776
0.909992, -0.861917, -0.131333, -0.862543, -0.133916, 0.000625908, 0.00258295, 0.00265771
0.910992, -0.859418, -0.133905, -0.860044, -0.136487, 0.00062567, 0.00258221, 0.00265693
0.911992, -0.856921, -0.136483, -0.857547, -0.139064, 0.00062573, 0.00258148, 0.00265623
0.912992, -0.854425, -0.139066, -0.85505, -0.141647, 0.000625432, 0.00258076, 0.00265547
0.913992, -0.85193, -0.141655, -0.852556, -0.144235, 0.000625253, 0.00257935, 0.00265405
0.914992, -0.849437, -0.14425, -0.850062, -0.14683, 0.000625432, 0.00257939, 0.00265413
0.915992, -0.846945, -0.146851, -0.84757, -0.14943, 0.000625193, 0.00257877, 0.00265347
0.916992, -0.844454, -0.149457, -0.845079, -0.152035, 0.000624835, 0.00257747, 0.00265212
0.917992, -0.841965, -0.152069, -0.84259, -0.154647, 0.000624835, 0.00257766, 0.00265231
0.918992, -0.839477, -0.154687, -0.840102, -0.157262, 0.000624716, 0.00257577, 0.00265045
0.919992, -0.83699, -0.15731, -0.837615, -0.159885, 0.000624955, 0.00257537, 0.00265011
0.920992, -0.834505, -0.159939, -0.835129, -0.162514, 0.000624359, 0.00257505, 0.00264967
0.921992, -0.832021, -0.162573, -0.832645, -0.165147, 0.000624359, 0.00257339, 0.00264804
0.922992, -0.829538, -0.165213, -0.830162, -0.167787, 0.000624239, 0.00257324, 0.00264787
0.923992, -0.827057, -0.167859, -0.827681, -0.170432, 0.000624478, 0.00257248, 0.00264719
0.924992, -0.824576, -0.170511, -0.825201, -0.173083, 0.00062412, 0.00257254, 0.00264716
0.925992, -0.822098, -0.173168, -0.822721, -0.175738, 0.000623882, 0.00257057, 0.00264519
0.926992, -0.81962, -0.17583, -0.820244, -0.178401, 0.000624001, 0.00257087, 0.00264551
0.927992, -0.817144, -0.178498, -0.817768, -0.181068, 0.000623763, 0.00256915, 0.00264379
0.928992, -0.814669, -0.181172, -0.815292, -0.183741, 0.000623405, 0.002569, 0.00264356
0.929992, -0.812195, -0.183852, -0.812819, -0.18642, 0.000623405, 0.00256827, 0.00264285
0.930992, -0.809723, -0.186536, -0.810346, -0.189103, 0.000623345, 0.00256699, 0.00264159
0.931992, -0.807252, -0.189227, -0.807875, -0.191794, 0.000623167, 0.00256658, 0.00264115
0.932992, -0.804782, -0.191923, -0.805405, -0.194489, 0.000623107, 0.00256632, 0.00264089
0.933992, -0.802314, -0.194625, -0.802937, -0.19719, 0.000622928, 0.00256553, 0.00264008
0.934992, -0.799847, -0.197332, -0.800469, -0.199896, 0.00062269, 0.00256421, 0.00263873
0.935992, -0.797381, -0.200044, -0.798004, -0.202608, 0.000622809, 0.00256379, 0.00263835
0.936992, -0.794916, -0.202763, -0.795539, -0.205325, 0.000622571, 0.00256214, 0.00263669
0.937991, -0.792453, -0.205486, -0.793076, -0.208048, 0.000622511, 0.00256211, 0.00263665
0.938991, -0.789991, -0.208216, -0.790613, -0.210777, 0.000622094, 0.00256158, 0.00263604
0.939991, -0.78753, -0.21095, -0.788152, -0.213511, 0.000622094, 0.00256056, 0.00263504
0.940991, -0.785071, -0.213691, -0.785693, -0.21625, 0.000621974, 0.00255975, 0.00263423
0.941991, -0.782613, -0.216436, -0.783235, -0.218995, 0.000621796, 0.00255919, 0.00263364
0.942991, -0.780156, -0.219187, -0.780777, -0.221746, 0.000621498, 0.00255814, 0.00263256
0.943991, -0.7777, -0.221944, -0.778322, -0.224501, 0.000621617, 0.00255734, 0.0026318
0.944991, -0.775246, -0.224706, -0.775867, -0.227263, 0.000621438, 0.0025568, 0.00263124
0.945991, -0.772793, -0.227474, -0.773414, -0.23003, 0.00062114, 0.00255652, 0.00263089
0.946991, -0.770341, -0.230247, -0.770962, -0.232802, 0.000621021, 0.00255507, 0.00262946
0.947991, -0.767891, -0.233025, -0.768512, -0.235579, 0.000620842, 0.00255391, 0.00262829
0.948991, -0.765441, -0.235809, -0.766062, -0.238362, 0.000620544, 0.00255303, 0.00262736
0.949991, -0.762994, -0.238599, -0.763614, -0.241151, 0.000620663, 0.00255243, 0.00262681
0.950991, -0.760547, -0.241394, -0.761167, -0.243945, 0.000620484, 0.00255142, 0.00262579
0.951991, -0.758101, -0.244194, -0.758722, -0.246745, 0.000620484, 0.00255144, 0.0026258
0.952991, -0.755657, -0.246999, -0.756277, -0.24955, 0.000620186, 0.00255033, 0.00262466
0.953991, -0.753214, -0.24981, -0.753834, -0.252359, 0.000620306, 0.00254883, 0.00262322
0.954991, -0.750773, -0.252627, -0.751392, -0.255175, 0.00061959, 0.00254837, 0.00262261
0.955991, -0.748332, -0.255449, -0.748952, -0.257996, 0.000620008, 0.00254753, 0.00262189
0.956991, -0.745893, -0.258276, -0.746512, -0.260823, 0.000619411, 0.00254703, 0.00262126
0.957991, -0.743455, -0.261108, -0.744074, -0.263654, 0.000619233, 0.00254545, 0.00261968
0.958991, -0.741018, -0.263946, -0.741637, -0.266491, 0.000618994, 0.00254494, 0.00261914
0.959991, -0.738583, -0.26679, -0.739202, -0.269334, 0.000618935, 0.00254479, 0.00261898
0.960991, -0.736149, -0.269638, -0.736768, -0.272183, 0.000618815, 0.00254428, 0.00261846
0.961991, -0.733716, -0.272492, -0.734334, -0.275034, 0.000618458, 0.00254202, 0.00261617
0.962991, -0.731284, -0.275352, -0.731903, -0.277894, 0.000618517, 0.00254229, 0.00261645
0.963991, -0.728854, -0.278216, -0.729472, -0.280757, 0.000618279, 0.0025408, 0.00261494
0.964991, -0.726425, -0.281086, -0.727043, -0.283626, 0.000617981, 0.00253969, 0.0026138
0.965991, -0.723997, -0.283962, -0.724615, -0.286501, 0.0006181, 0.00253901, 0.00261316
0.966991, -0.72157, -0.286842, -0.722188, -0.28938, 0.000617981, 0.00253803, 0.00261218
0.967991, -0.719145, -0.289728, -0.719762, -0.292265, 0.000617564, 0.00253674, 0.00261083
0.968991, -0.71672, -0.292619, -0.717338, -0.295157, 0.000617802, 0.00253731, 0.00261144
0.969991, -0.714297, -0.295516, -0.714915, -0.298052, 0.000617266, 0.00253618, 0.00261021
0.970991, -0.711875, -0.298418, -0.712493, -0.300952, 0.000617206, 0.00253478, 0.00260884
0.971991, -0.709455, -0.301325, -0.710072, -0.303859, 0.000617325, 0.00253454, 0.00260863
0.972991, -0.707036, -0.304237, -0.707653, -0.30677, 0.000616968, 0.00253332, 0.00260736
0.973991, -0.704618, -0.307154, -0.705234, -0.309687, 0.000616789, 0.00253254, 0.00260657
0.974991, -0.702201, -0.310077, -0.702817, -0.312609, 0.000616789, 0.00253153, 0.00260558
0.975991, -0.699785, -0.313005, -0.700402, -0.315536, 0.00061655, 0.00253099, 0.00260501
0.976991, -0.697371, -0.315939, -0.697987, -0.318469, 0.000616252, 0.00253022, 0.00260418
0.977991, -0.694957, -0.318877, -0.695574, -0.321406, 0.000616193, 0.00252923, 0.00260321
0.978991, -0.692545, -0.321821, -0.693161, -0.324349, 0.000616133, 0.00252801, 0.00260201
0.979991, -0.690135, -0.32477, -0.69075, -0.327297, 0.000615776, 0.0025273, 0.00260123
0.980991, -0.687725, -0.327724, -0.688341, -0.330251, 0.000615656, 0.00252637, 0.00260031
0.981991, -0.685317, -0.330684, -0.685932, -0.333209, 0.000615716, 0.00252527, 0.00259925
0.982991, -0.68291, -0.333648, -0.683525, -0.336173, 0.000615299, 0.00252467, 0.00259857
0.983991, -0.680504, -0.336618, -0.681119, -0.339141, 0.00061512, 0.00252318, 0.00259708
0.984991, -0.678099, -0.339593, -0.678714, -0.342116, 0.000614703, 0.00252295, 0.00259675
0.985991, -0.675695, -0.342573, -0.67631, -0.345095, 0.000614703, 0.00252184, 0.00259568
0.986991, -0.673293, -0.345559, -0.673908, -0.348079, 0.000614703, 0.00252056, 0.00259443
0.987991, -0.670892, -0.348549, -0.671506, -0.351069, 0.000614464, 0.00251985, 0.00259368
0.988991, -0.668492, -0.351545, -0.669106, -0.354064, 0.000614226, 0.0025197, 0.00259348
0.989991, -0.666093, -0.354545, -0.666707, -0.357063, 0.000613987, 0.00251797, 0.00259175
0.990991, -0.663696, -0.357551, -0.66431, -0.360069, 0.000613987, 0.00251752, 0.00259131
0.991991, -0.661299, -0.360562, -0.661913, -0.363079, 0.000613928, 0.00251624, 0.00259005
0.992991, -0.658904, -0.363579, -0.659518, -0.366094, 0.00061363, 0.00251484, 0.00258862
0.993991, -0.65651, -0.3666, -0.657124, -0.369114, 0.00061357, 0.00251403, 0.00258783
0.994991, -0.654118, -0.369626, -0.654731, -0.37214, 0.000613034, 0.00251314, 0.00258683
0.995991, -0.651726, -0.372658, -0.652339, -0.375171, 0.000612974, 0.00251284, 0.00258653
0.996991, -0.649336, -0.375695, -0.649949, -0.378206, 0.000612676, 0.00251174, 0.00258538
0.997991, -0.646947, -0.378736, -0.647559, -0.381247, 0.000612438, 0.00251055, 0.00258417
0.998991, -0.644559, -0.381783, -0.645171, -0.384292, 0.000612676, 0.00250927, 0.00258298
0.999991, -0.642172, -0.384835, -0.642785, -0.387344, 0.000612676, 0.00250936, 0.00258307
1.00099, -0.639786, -0.387892, -0.640399, -0.3904, 0.000612199, 0.00250795, 0.00258159
1.00199, -0.637402, -0.390954, -0.638013, -0.393461, 0.000611484, 0.00250721, 0.0025807
1.00299, -0.635019, -0.394021, -0.63563, -0.396528, 0.000611246, 0.00250712, 0.00258056
1.00399, -0.632637, -0.397093, -0.633247, -0.399599, 0.000610828, 0.00250554, 0.00257892
1.00499, -0.630256, -0.400171, -0.630866, -0.402675, 0.00061065, 0.00250393, 0.00257732
1.00599, -0.627876, -0.403253, -0.628486, -0.405757, 0.000610232, 0.00250372, 0.00257702
1.00699, -0.625497, -0.40634, -0.626108, -0.408844, 0.000610352, 0.00250348, 0.00257681
1.00799, -0.62312, -0.409432, -0.623729, -0.411935, 0.000609517, 0.0025025, 0.00257566
1.00899, -0.620744, -0.41253, -0.621353, -0.415031, 0.000609636, 0.00250152, 0.00257473
1.00999, -0.618369, -0.415632, -0.618978, -0.418133, 0.000609338, 0.00250122, 0.00257437
1.01099, -0.615995, -0.41874, -0.616603, -0.42124, 0.000608563, 0.00250021, 0.0025732
1.01199, -0.613622, -0.421852, -0.614231, -0.424352, 0.000608802, 0.00249994, 0.002573
1.01299, -0.611251, -0.424969, -0.611859, -0.427468, 0.000608087, 0.00249895, 0.00257188
1.01399, -0.60888, -0.428092, -0.609488, -0.43059, 0.000607848, 0.002498, 0.00257089
1.01499, -0.606511, -0.431219, -0.607118, -0.433716, 0.000607431, 0.00249708, 0.0025699
1.01599, -0.604143, -0.434351, -0.60475, -0.436848, 0.000607312, 0.0024969, 0.00256969
1.01699, -0.601776, -0.437488, -0.602383, -0.439984, 0.000606716, 0.00249603, 0.00256871
1.01799, -0.59941, -0.440631, -0.600017, -0.443126, 0.000606418, 0.00249523, 0.00256786
1.01899, -0.597046, -0.443778, -0.597652, -0.446272, 0.000606358, 0.00249445, 0.00256709
1.01999, -0.594682, -0.44693, -0.595288, -0.449423, 0.000605881, 0.00249302, 0.00256559
1.02099, -0.59232, -0.450087, -0.592926, -0.452579, 0.000605702, 0.0024924, 0.00256494
1.02199, -0.589959, -0.453249, -0.590564, -0.455741, 0.000605047, 0.00249183, 0.00256424
1.02299, -0.587599, -0.456416, -0.588203, -0.458907, 0.000604689, 0.00249064, 0.00256299
1.02399, -0.58524, -0.459588, -0.585845, -0.462078, 0.00060463, 0.00249025, 0.0025626
1.02499, -0.582882, -0.462764, -0.583486, -0.465254, 0.000604153, 0.00248924, 0.00256151
1.02599, -0.580526, -0.465946, -0.58113, -0.468434, 0.000603974, 0.00248832, 0.00256057
1.02699, -0.57817, -0.469133, -0.578773, -0.47162, 0.000603318, 0.00248751, 0.00255963
1.02799, -0.575816, -0.472324, -0.576419, -0.474812, 0.000603199, 0.00248751, 0.0025596
1.02899, -0.573463, -0.475521, -0.574066, -0.478007, 0.000602901, 0.0024862, 0.00255826
1.02999, -0.571111, -0.478722, -0.571713, -0.481208, 0.000602424, 0.00248647, 0.0025584
1.03099, -0.56876, -0.481928, -0.569362, -0.484413, 0.000602245, 0.00248542, 0.00255735
1.03199, -0.56641, -0.485139, -0.567012, -0.487623, 0.000601649, 0.00248381, 0.00255564
1.03299, -0.564062, -0.488355, -0.564663, -0.490837, 0.000601351, 0.00248235, 0.00255415
1.03399, -0.561714, -0.491575, -0.562315, -0.494057, 0.000601351, 0.00248176, 0.00255358
1.03499, -0.559368, -0.494801, -0.559969, -0.497282, 0.000600934, 0.00248131, 0.00255304
1.03599, -0.557023, -0.498031, -0.557623, -0.500512, 0.000600815, 0.00248036, 0.00255209
1.03699, -0.554678, -0.501266, -0.555279, -0.503746, 0.000600278, 0.00247955, 0.00255118
1.03799, -0.552336, -0.504506, -0.552935, -0.506985, 0.000599563, 0.00247818, 0.00254968
1.03899, -0.549994, -0.507751, -0.550593, -0.51023, 0.000599384, 0.00247842, 0.00254987
1.03999, -0.547653, -0.511001, -0.548252, -0.513478, 0.000599086, 0.00247741, 0.00254881
1.04099, -0.545313, -0.514256, -0.545913, -0.516732, 0.000599086, 0.00247663, 0.00254806
1.04199, -0.542975, -0.517515, -0.543574, -0.519991, 0.000598669, 0.00247604, 0.00254738
1.04299, -0.540638, -0.520779, -0.541236, -0.523254, 0.000598073, 0.00247496, 0.0025462
1.04399, -0.538301, -0.524048, -0.538899, -0.526523, 0.000598073, 0.00247478, 0.00254603
1.04499, -0.535966, -0.527321, -0.536564, -0.529795, 0.000597417, 0.00247341, 0.00254454
1.04599, -0.533632, -0.5306, -0.53423, -0.533073, 0.000597298, 0.002473, 0.00254411
1.04699, -0.531299, -0.533883, -0.531896, -0.536354, 0.000597, 0.00247139, 0.00254247
1.04799, -0.528968, -0.537171, -0.529564, -0.539642, 0.000596344, 0.00247073, 0.00254168
1.04899, -0.526637, -0.540464, -0.527233, -0.542934, 0.000595987, 0.00247031, 0.00254119
1.04999, -0.524307, -0.543761, -0.524903, -0.54623, 0.000595987, 0.00246871, 0.00253963
1.05099, -0.521979, -0.547064, -0.522574, -0.549532, 0.00059557, 0.00246805, 0.00253889
1.05199, -0.519651, -0.550371, -0.520247, -0.552838, 0.000595033, 0.00246769, 0.00253842
1.05299, -0.517325, -0.553682, -0.51792, -0.556148, 0.000594556, 0.0024662, 0.00253686
1.05399, -0.515, -0.556999, -0.515594, -0.559465, 0.000594437, 0.00246638, 0.002537
1.05499, -0.512676, -0.56032, -0.51327, -0.562785, 0.000594378, 0.00246543, 0.00253606
1.05599, -0.510353, -0.563646, -0.510947, -0.566111, 0.000593722, 0.00246477, 0.00253527
1.05699, -0.508031, -0.566976, -0.508625, -0.56944, 0.000593603, 0.0024637, 0.0025342
1.05799, -0.50571, -0.570312, -0.506304, -0.572775, 0.000593364, 0.00246292, 0.00253339
1.05899, -0.503391, -0.573652, -0.503983, -0.576113, 0.000592768, 0.00246173, 0.00253209
1.05999, -0.501072, -0.576996, -0.501665, -0.579458, 0.00059247, 0.00246155, 0.00253185
1.06099, -0.498755, -0.580346, -0.499347, -0.582806, 0.000592053, 0.0024603, 0.00253053
1.06199, -0.496438, -0.5837, -0.49703, -0.586158, 0.000591725, 0.00245863, 0.00252884
1.06299, -0.494123, -0.587059, -0.494714, -0.589517, 0.000591516, 0.00245875, 0.0025289
1.06399, -0.491809, -0.590422, -0.4924, -0.59288, 0.000591159, 0.0024578, 0.00252789
1.06499, -0.489496, -0.59379, -0.490086, -0.596246, 0.000590682, 0.00245649, 0.00252651
1.06599, -0.487184, -0.597163, -0.487774, -0.599619, 0.000590295, 0.00245625, 0.00252618
1.06699, -0.484873, -0.60054, -0.485463, -0.602995, 0.000590026, 0.00245494, 0.00252485
1.06799, -0.482563, -0.603922, -0.483152, -0.606376, 0.000589639, 0.00245398, 0.00252383
1.06899, -0.480254, -0.607309, -0.480844, -0.609762, 0.000589609, 0.00245339, 0.00252324
1.06999, -0.477946, -0.6107, -0.478535, -0.613153, 0.000589192, 0.00245315, 0.00252291
1.07099, -0.47564, -0.614096, -0.476228, -0.616548, 0.000588655, 0.0024519, 0.00252157
1.07199, -0.473334, -0.617496, -0.473922, -0.619947, 0.000588238, 0.002451, 0.0025206
1.07299, -0.47103, -0.620901, -0.471617, -0.623352, 0.00058794, 0.00245053, 0.00252007
1.07399, -0.468726, -0.624311, -0.469314, -0.62676, 0.000587523, 0.00244904, 0.00251852
1.07499, -0.466424, -0.627725, -0.467011, -0.630173, 0.000587463, 0.00244796, 0.00251747
1.07599, -0.464122, -0.631144, -0.46471, -0.633591, 0.000587046, 0.00244731, 0.00251673
1.07699, -0.461822, -0.634567, -0.462409, -0.637013, 0.000586271, 0.00244564, 0.00251493
1.07799, -0.459523, -0.637996, -0.460109, -0.640441, 0.000586122, 0.00244582, 0.00251507
1.07899, -0.457225, -0.641428, -0.457811, -0.643873, 0.000585854, 0.00244498, 0.00251419
1.07999, -0.454928, -0.644865, -0.455513, -0.647309, 0.000585467, 0.00244391, 0.00251306
1.08099, -0.452632, -0.648307, -0.453218, -0.65075, 0.000585467, 0.00244254, 0.00251173
1.08199, -0.450337, -0.651753, -0.450922, -0.654196, 0.000585109, 0.00244236, 0.00251147
1.08299, -0.448043, -0.655204, -0.448628, -0.657645, 0.000584394, 0.00244117, 0.00251014
1.08399, -0.445751, -0.65866, -0.446335, -0.6611, 0.000584066, 0.00244045, 0.00250937
1.08499, -0.443459, -0.66212, -0.444043, -0.664559, 0.000584096, 0.0024395, 0.00250845
1.08599, -0.441168, -0.665584, -0.441751, -0.668022, 0.000583321, 0.00243831, 0.00250711
1.08699, -0.438879, -0.669053, -0.439462, -0.671491, 0.000583172, 0.00243831, 0.00250708
1.08799, -0.43659, -0.672527, -0.437173, -0.674963, 0.000582904, 0.00243664, 0.00250539
1.08899, -0.434302, -0.676005, -0.434885, -0.67844, 0.000582308, 0.00243551, 0.00250415
1.08999, -0.432016, -0.679487, -0.432598, -0.681922, 0.000582099, 0.00243485, 0.00250346
1.09099, -0.429731, -0.682974, -0.430312, -0.685408, 0.000581801, 0.00243402, 0.00250258
1.092, -0.427446, -0.686466, -0.428028, -0.688899, 0.000581384, 0.00243294, 0.00250144
1.093, -0.425163, -0.689962, -0.425744, -0.692394, 0.000580877, 0.00243241, 0.0025008
1.094, -0.422881, -0.693462, -0.423461, -0.695894, 0.000580758, 0.00243169, 0.00250008
1.095, -0.420599, -0.696967, -0.42118, -0.699398, 0.000580311, 0.0024308, 0.00249911
1.096, -0.418319, -0.700476, -0.4189, -0.702906, 0.000580251, 0.00242972, 0.00249805
1.097, -0.41604, -0.70399, -0.41662, -0.706419, 0.000579864, 0.00242919, 0.00249744
1.098, -0.413762, -0.707509, -0.414341, -0.709937, 0.000579178, 0.00242847, 0.00249658
1.099, -0.411485, -0.711031, -0.412064, -0.713459, 0.00057888, 0.00242758, 0.00249564
1.1, -0.409209, -0.714559, -0.409787, -0.716985, 0.000578493, 0.00242656, 0.00249457
1.101, -0.406934, -0.71809, -0.407512, -0.720516, 0.000578016, 0.00242537, 0.0024933
1.102, -0.40466, -0.721626, -0.405238, -0.724051, 0.000577718, 0.00242478, 0.00249265
1.103, -0.402387, -0.725167, -0.402964, -0.72759, 0.000577331, 0.00242329, 0.00249111
1.104, -0.400115, -0.728712, -0.400692, -0.731134, 0.000576854, 0.00242239, 0.00249013
1.105, -0.397844, -0.732261, -0.398421, -0.734683, 0.000576794, 0.00242209, 0.00248983
1.106, -0.395574, -0.735815, -0.396151, -0.738235, 0.000576407, 0.00242025, 0.00248794
1.107, -0.393306, -0.739373, -0.393882, -0.741793, 0.00057596, 0.00241971, 0.00248731
1.108, -0.391038, -0.742936, -0.391613, -0.745354, 0.000575453, 0.00241834, 0.00248586
1.109, -0.388771, -0.746503, -0.389347, -0.748921, 0.000575572, 0.00241834, 0.00248589
1.11, -0.386505, -0.750074, -0.38708, -0.752491, 0.000574917, 0.00241679, 0.00248423
1.111, -0.384241, -0.75365, -0.384815, -0.756066, 0.000574917, 0.0024159, 0.00248336
1.112, -0.381977, -0.75723, -0.382551, -0.759646, 0.000574112, 0.0024156, 0.00248288
1.113, -0.379714, -0.760815, -0.380288, -0.763229, 0.000573725, 0.00241452, 0.00248175
1.114, -0.377452, -0.764404, -0.378026, -0.766818, 0.000573754, 0.00241411, 0.00248135
1.115, -0.375192, -0.767997, -0.375765, -0.77041, 0.000573486, 0.00241292, 0.00248013
1.116, -0.372932, -0.771594, -0.373505, -0.774006, 0.00057292, 0.00241166, 0.00247878
1.117, -0.370674, -0.775196, -0.371246, -0.777607, 0.000572771, 0.00241035, 0.00247747
1.118, -0.368416, -0.778803, -0.368988, -0.781212, 0.000572324, 0.0024097, 0.00247673
1.119, -0.366159, -0.782413, -0.366731, -0.784822, 0.000571579, 0.00240898, 0.00247586
1.12, -0.363904, -0.786028, -0.364475, -0.788436, 0.000571251, 0.00240821, 0.00247503
1.121, -0.361649, -0.789647, -0.36222, -0.792054, 0.000570893, 0.00240672, 0.0024735
1.122, -0.359396, -0.793271, -0.359966, -0.795677, 0.000570476, 0.00240588, 0.00247259
1.123, -0.357143, -0.796899, -0.357713, -0.799304, 0.000570238, 0.00240505, 0.00247172
1.124, -0.354891, -0.800531, -0.355461, -0.802936, 0.00056994, 0.00240493, 0.00247154
1.125, -0.352641, -0.804168, -0.35321, -0.806571, 0.000569612, 0.00240338, 0.00246996
1.126, -0.350391, -0.807808, -0.35096, -0.810211, 0.000569224, 0.00240254, 0.00246906
1.127, -0.348143, -0.811453, -0.348711, -0.813856, 0.000568807, 0.00240242, 0.00246884
1.128, -0.345895, -0.815103, -0.346464, -0.817504, 0.000568569, 0.00240159, 0.00246798
1.129, -0.343649, -0.818756, -0.344217, -0.821156, 0.0005683, 0.00240004, 0.00246641
1.13, -0.341403, -0.822414, -0.341971, -0.824813, 0.000567973, 0.00239849, 0.00246482
1.131, -0.339158, -0.826077, -0.339726, -0.828474, 0.000567377, 0.00239772, 0.00246393
1.132, -0.336915, -0.829743, -0.337482, -0.83214, 0.000567228, 0.00239694, 0.00246314
1.133, -0.334672, -0.833414, -0.335239, -0.83581, 0.000566781, 0.00239623, 0.00246234
1.134, -0.332431, -0.837089, -0.332997, -0.839483, 0.000566065, 0.00239486, 0.00246085
1.135, -0.33019, -0.840768, -0.330756, -0.843162, 0.000566036, 0.00239426, 0.00246026
1.136, -0.32795, -0.844451, -0.328516, -0.846845, 0.000565976, 0.00239366, 0.00245966
1.137, -0.325712, -0.848139, -0.326277, -0.850531, 0.000565171, 0.00239241, 0.00245826
1.138, -0.323474, -0.851831, -0.324039, -0.854222, 0.000564814, 0.00239128, 0.00245708
1.139, -0.321237, -0.855527, -0.321802, -0.857917, 0.000564426, 0.00239021, 0.00245594
1.14, -0.319002, -0.859227, -0.319566, -0.861616, 0.000564009, 0.00238919, 0.00245486
1.141, -0.316767, -0.862932, -0.317331, -0.865321, 0.0005638, 0.00238895, 0.00245458
1.142, -0.314533, -0.86664, -0.315097, -0.869029, 0.000563562, 0.00238812, 0.00245372
1.143, -0.3123, -0.870353, -0.312864, -0.87274, 0.000563294, 0.00238663, 0.0024522
1.144, -0.310069, -0.87407, -0.310631, -0.876456, 0.000562757, 0.00238597, 0.00245144
1.145, -0.307838, -0.877792, -0.3084, -0.880176, 0.000562698, 0.00238472, 0.00245021
1.146, -0.305608, -0.881517, -0.30617, -0.883901, 0.00056237, 0.00238359, 0.00244903
1.147, -0.303379, -0.885247, -0.303941, -0.887629, 0.000561774, 0.00238258, 0.00244791
1.148, -0.301151, -0.888981, -0.301712, -0.891362, 0.000561178, 0.00238168, 0.0024469
1.149, -0.298924, -0.892719, -0.299485, -0.8951, 0.000561267, 0.00238091, 0.00244617
1.15, -0.296698, -0.896461, -0.297259, -0.898841, 0.000560641, 0.00238025, 0.00244539
1.151, -0.294473, -0.900207, -0.295034, -0.902587, 0.000560462, 0.00237972, 0.00244482
1.152, -0.292249, -0.903958, -0.292809, -0.906336, 0.000560045, 0.00237793, 0.00244299
1.153, -0.290026, -0.907712, -0.290586, -0.91009, 0.00055936, 0.00237769, 0.0024426
1.154, -0.287804, -0.911471, -0.288363, -0.913848, 0.000559151, 0.00237691, 0.0024418
1.155, -0.285583, -0.915234, -0.286142, -0.917609, 0.000558704, 0.00237554, 0.00244036
1.156, -0.283363, -0.919001, -0.283921, -0.921376, 0.000558704, 0.00237507, 0.0024399
1.157, -0.281144, -0.922772, -0.281702, -0.925146, 0.000558466, 0.00237405, 0.00243885
1.158, -0.278925, -0.926547, -0.279483, -0.928919, 0.000557512, 0.00237179, 0.00243643
1.159, -0.276708, -0.930327, -0.277265, -0.932698, 0.000557274, 0.00237185, 0.00243643
1.16, -0.274492, -0.93411, -0.275049, -0.936481, 0.000557035, 0.00237066, 0.00243522
1.161, -0.272276, -0.937898, -0.272833, -0.940267, 0.000556558, 0.00236964, 0.00243412
1.162, -0.270062, -0.941689, -0.270618, -0.944057, 0.000556082, 0.00236815, 0.00243256
1.163, -0.267848, -0.945485, -0.268404, -0.947853, 0.000555843, 0.00236756, 0.00243193
1.164, -0.265636, -0.949285, -0.266191, -0.951651, 0.000555366, 0.00236648, 0.00243078
1.165, -0.263424, -0.953089, -0.263979, -0.955455, 0.000555128, 0.0023663, 0.00243055
1.166, -0.261214, -0.956897, -0.261769, -0.959262, 0.000554889, 0.00236493, 0.00242916
1.167, -0.259004, -0.960709, -0.259558, -0.963073, 0.000554413, 0.00236452, 0.00242864
1.168, -0.256795, -0.964525, -0.257349, -0.966888, 0.000553966, 0.00236291, 0.00242697
1.169, -0.254588, -0.968345, -0.255141, -0.970707, 0.000553757, 0.00236225, 0.00242629
1.17, -0.252381, -0.972169, -0.252934, -0.974531, 0.00055331, 0.00236183, 0.00242578
1.171, -0.250175, -0.975997, -0.250728, -0.978357, 0.000553131, 0.00236022, 0.00242417
1.172, -0.24797, -0.97983, -0.248523, -0.982188, 0.000552952, 0.00235885, 0.0024228
1.173, -0.245766, -0.983666, -0.246318, -0.986024, 0.000552073, 0.00235772, 0.00242149
1.174, -0.243563, -0.987506, -0.244115, -0.989864, 0.000551924, 0.0023576, 0.00242134
1.175, -0.241361, -0.991351, -0.241912, -0.993707, 0.00055179, 0.00235629, 0.00242004
1.176, -0.239159, -0.995199, -0.239711, -0.997554, 0.000551432, 0.00235528, 0.00241897
1.177, -0.236959, -0.999051, -0.23751, -1.00141, 0.000550851, 0.00235462, 0.0024182
1.178, -0.23476, -1.00291, -0.235311, -1.00526, 0.000550777, 0.00235343, 0.00241702
1.179, -0.232561, -1.00677, -0.233111, -1.00912, 0.000550002, 0.0023526, 0.00241603
1.18, -0.230364, -1.01063, -0.230914, -1.01298, 0.000549972, 0.002352, 0.00241544
1.181, -0.228167, -1.0145, -0.228717, -1.01685, 0.000549242, 0.00235033, 0.00241365
1.182, -0.225972, -1.01837, -0.226521, -1.02072, 0.000549018, 0.00234962, 0.00241291
1.183, -0.223777, -1.02225, -0.224326, -1.0246, 0.000548586, 0.00234926, 0.00241246
1.184, -0.221583, -1.02613, -0.222131, -1.02848, 0.000548169, 0.00234771, 0.00241085
1.185, -0.21939, -1.03001, -0.219938, -1.03236, 0.000547782, 0.00234723, 0.0024103
1.186, -0.217199, -1.0339, -0.217746, -1.03625, 0.000547424, 0.00234497, 0.00240802
1.187, -0.215008, -1.03779, -0.215555, -1.04014, 0.000547096, 0.00234449, 0.00240748
1.188, -0.212818, -1.04169, -0.213364, -1.04403, 0.000546813, 0.00234365, 0.0024066
1.189, -0.210628, -1.04559, -0.211175, -1.04793, 0.00054656, 0.00234306, 0.00240596
1.19, -0.20844, -1.0495, -0.208986, -1.05184, 0.000546098, 0.0023421, 0.00240493
1.191, -0.206253, -1.0534, -0.206798, -1.05574, 0.000545442, 0.00234079, 0.0024035
1.192, -0.204066, -1.05732, -0.204612, -1.05965, 0.000545293, 0.00233984, 0.00240254
1.193, -0.201881, -1.06123, -0.202426, -1.06357, 0.00054495, 0.00233924, 0.00240188
1.194, -0.199696, -1.06515, -0.200241, -1.06749, 0.000544399, 0.00233829, 0.00240083
1.195, -0.197513, -1.06907, -0.198057, -1.07141, 0.000544369, 0.0023371, 0.00239966
1.196, -0.19533, -1.073, -0.195874, -1.07534, 0.000543669, 0.00233626, 0.00239869
1.197, -0.193148, -1.07693, -0.193691, -1.07927, 0.000543252, 0.00233507, 0.00239743
1.198, -0.190967, -1.08087, -0.19151, -1.0832, 0.000543118, 0.00233424, 0.00239659
1.199, -0.188787, -1.08481, -0.18933, -1.08714, 0.000542551, 0.00233316, 0.00239542
1.2, -0.186608, -1.08875, -0.18715, -1.09108, 0.000542268, 0.00233173, 0.00239396
1.201, -0.18443, -1.0927, -0.184972, -1.09503, 0.000541791, 0.00233066, 0.00239281
1.202, -0.182253, -1.09665, -0.182794, -1.09898, 0.000541613, 0.00232935, 0.00239149
1.203, -0.180076, -1.1006, -0.180617, -1.10293, 0.000541002, 0.00232911, 0.00239112
1.204, -0.177901, -1.10456, -0.178442, -1.10689, 0.000540689, 0.00232792, 0.00238989
1.205, -0.175726, -1.10853, -0.176267, -1.11085, 0.000540659, 0.00232708, 0.00238907
1.206, -0.173553, -1.11249, -0.174093, -1.11482, 0.000539973, 0.00232601, 0.00238787
1.207, -0.17138, -1.11646, -0.17192, -1.11879, 0.000539809, 0.00232542, 0.00238725
1.208, -0.169208, -1.12044, -0.169747, -1.12276, 0.000539467, 0.00232375, 0.00238554
1.209, -0.167037, -1.12441, -0.167576, -1.12674, 0.000538945, 0.00232255, 0.00238427
1.21, -0.164867, -1.1284, -0.165405, -1.13072, 0.000538483, 0.00232255, 0.00238416
1.211, -0.162698, -1.13238, -0.163236, -1.1347, 0.000538081, 0.00232089, 0.00238244
1.212, -0.160529, -1.13637, -0.161067, -1.13869, 0.000537738, 0.00232041, 0.0023819
1.213, -0.158362, -1.14037, -0.158899, -1.14268, 0.000537217, 0.00231898, 0.00238039
1.214, -0.156195, -1.14436, -0.156733, -1.14668, 0.000537246, 0.00231731, 0.00237877
1.215, -0.15403, -1.14836, -0.154566, -1.15068, 0.000536382, 0.00231683, 0.00237811
1.216, -0.151865, -1.15237, -0.152401, -1.15468, 0.000536069, 0.00231612, 0.00237734
1.217, -0.149701, -1.15638, -0.150237, -1.15869, 0.000535816, 0.00231516, 0.00237636
1.218, -0.147538, -1.16039, -0.148074, -1.1627, 0.000535637, 0.00231397, 0.00237516
1.219, -0.145376, -1.1644, -0.145911, -1.16672, 0.000535041, 0.00231326, 0.00237433
1.22, -0.143215, -1.16842, -0.143749, -1.17074, 0.00053452, 0.0023123, 0.00237328
1.221, -0.141054, -1.17245, -0.141588, -1.17476, 0.000534073, 0.00231123, 0.00237213
1.222, -0.138895, -1.17648, -0.139429, -1.17879, 0.000534177, 0.00230992, 0.00237088
1.223, -0.136736, -1.18051, -0.13727, -1.18282, 0.00053364, 0.0023098, 0.00237064
1.224, -0.134579, -1.18454, -0.135112, -1.18685, 0.000533178, 0.00230813, 0.00236891
1.225, -0.132422, -1.18858, -0.132955, -1.19089, 0.000532791, 0.00230765, 0.00236836
1.226, -0.130266, -1.19262, -0.130798, -1.19493, 0.00053224, 0.00230622, 0.00236684
1.227, -0.128111, -1.19667, -0.128643, -1.19898, 0.000532255, 0.00230539, 0.00236603
1.228, -0.125957, -1.20072, -0.126489, -1.20302, 0.000532106, 0.00230443, 0.00236507
1.229, -0.123803, -1.20477, -0.124335, -1.20708, 0.000531323, 0.00230324, 0.00236373
1.23, -0.121651, -1.20883, -0.122182, -1.21113, 0.000530861, 0.00230193, 0.00236235
1.231, -0.119499, -1.21289, -0.12003, -1.21519, 0.00053072, 0.0023011, 0.00236151
1.232, -0.117348, -1.21696, -0.117879, -1.21926, 0.000530183, 0.00230014, 0.00236046
1.233, -0.115199, -1.22103, -0.115728, -1.22333, 0.000529736, 0.00229907, 0.00235931
1.234, -0.11305, -1.2251, -0.113579, -1.2274, 0.000529379, 0.00229859, 0.00235877
1.235, -0.110902, -1.22917, -0.11143, -1.23147, 0.000528872, 0.00229728, 0.00235737
1.236, -0.108754, -1.23325, -0.109283, -1.23555, 0.000528932, 0.00229645, 0.00235657
1.237, -0.106608, -1.23734, -0.107136, -1.23963, 0.000528127, 0.00229549, 0.00235546
1.238, -0.104462, -1.24143, -0.10499, -1.24372, 0.000527889, 0.00229442, 0.00235437
1.239, -0.102318, -1.24552, -0.102845, -1.24781, 0.000527509, 0.00229323, 0.00235312
1.24, -0.100174, -1.24961, -0.100701, -1.2519, 0.00052698, 0.00229192, 0.00235172
1.241, -0.0980309, -1.25371, -0.0985579, -1.256, 0.000527024, 0.00229204, 0.00235185
1.242, -0.0958888, -1.25781, -0.096415, -1.2601, 0.000526212, 0.00228989, 0.00234957
1.243, -0.0937476, -1.26192, -0.0942736, -1.26421, 0.000525974, 0.00228906, 0.00234871
1.244, -0.0916072, -1.26603, -0.0921328, -1.26832, 0.000525594, 0.0022881, 0.00234769
1.245, -0.0894677, -1.27014, -0.089993, -1.27243, 0.000525318, 0.00228703, 0.00234659
1.246, -0.087329, -1.27426, -0.0878541, -1.27654, 0.000525139, 0.00228596, 0.0023455
1.247, -0.0851912, -1.27838, -0.0857155, -1.28066, 0.00052435, 0.00228477, 0.00234416
1.248, -0.0830542, -1.2825, -0.0835783, -1.28479, 0.000524141, 0.00228417, 0.00234353
1.249, -0.0809181, -1.28663, -0.0814419, -1.28891, 0.000523798, 0.00228286, 0.00234218
1.25, -0.0787828, -1.29076, -0.0793061, -1.29304, 0.000523321, 0.00228214, 0.00234138
1.251, -0.0766484, -1.29489, -0.0771713, -1.29718, 0.000522949, 0.00228143, 0.0023406
1.252, -0.0745148, -1.29903, -0.0750375, -1.30131, 0.000522688, 0.00228059, 0.00233972
1.253, -0.0723821, -1.30318, -0.0729046, -1.30546, 0.000522532, 0.00227976, 0.00233888
1.254, -0.0702502, -1.30732, -0.0707719, -1.3096, 0.000521772, 0.00227821, 0.00233719
1.255, -0.0681191, -1.31147, -0.0686405, -1.31375, 0.000521362, 0.00227654, 0.00233548
1.256, -0.0659889, -1.31562, -0.0665102, -1.3179, 0.000521302, 0.0022763, 0.00233523
1.257, -0.0638595, -1.31978, -0.0643802, -1.32206, 0.000520639, 0.00227463, 0.00233346
1.258, -0.061731, -1.32394, -0.0622511, -1.32621, 0.000520092, 0.00227356, 0.00233229
1.259, -0.0596033, -1.3281, -0.0601232, -1.33038, 0.000519898, 0.00227249, 0.0023312
1.26, -0.0574764, -1.33227, -0.057996, -1.33454, 0.000519585, 0.00227213, 0.00233078
1.261, -0.0553504, -1.33644, -0.0558696, -1.33871, 0.000519149, 0.00227034, 0.00232894
1.262, -0.0532252, -1.34062, -0.0537443, -1.34289, 0.000519071, 0.00226998, 0.00232857
1.263, -0.0511009, -1.3448, -0.0516193, -1.34706, 0.0005184, 0.00226891, 0.00232738
1.264, -0.0489774, -1.34898, -0.0494957, -1.35125, 0.000518326, 0.00226784, 0.00232632
1.265, -0.0468547, -1.35316, -0.0473723, -1.35543, 0.000517659, 0.00226676, 0.00232512
1.266, -0.0447328, -1.35735, -0.0452499, -1.35962, 0.000517115, 0.00226569, 0.00232396
1.267, -0.0426118, -1.36154, -0.0431287, -1.36381, 0.000516936, 0.00226533, 0.00232357
1.268, -0.0404916, -1.36574, -0.041008, -1.368, 0.000516403, 0.00226438, 0.00232252
1.269, -0.0383722, -1.36994, -0.0388885, -1.3722, 0.000516236, 0.00226271, 0.00232085
1.27, -0.0362537, -1.37414, -0.0367692, -1.3764, 0.000515483, 0.00226104, 0.00231906
1.271, -0.0341359, -1.37835, -0.0346513, -1.38061, 0.000515334, 0.0022608, 0.00231879
1.272, -0.032019, -1.38256, -0.0325341, -1.38482, 0.000515077, 0.00225997, 0.00231792
1.273, -0.029903, -1.38677, -0.0304177, -1.38903, 0.000514714, 0.00225842, 0.00231633
1.274, -0.0277877, -1.39099, -0.028302, -1.39325, 0.000514245, 0.00225699, 0.00231483
1.275, -0.0256733, -1.39521, -0.0261869, -1.39747, 0.000513669, 0.00225627, 0.00231401
1.276, -0.0235597, -1.39944, -0.0240734, -1.40169, 0.000513704, 0.00225568, 0.00231343
1.277, -0.0214469, -1.40366, -0.0219598, -1.40592, 0.000512922, 0.00225437, 0.00231198
1.278, -0.0193349, -1.40789, -0.0198476, -1.41015, 0.000512753, 0.00225389, 0.00231148
1.279, -0.0172237, -1.41213, -0.0177362, -1.41438, 0.000512483, 0.0022527, 0.00231026
1.28, -0.0151134, -1.41637, -0.0156255, -1.41862, 0.000512114, 0.00225163, 0.00230913
1.281, -0.0130038, -1.42061, -0.0135155, -1.42286, 0.000511646, 0.00225067, 0.0023081
1.282, -0.0108951, -1.42485, -0.0114062, -1.4271, 0.000511082, 0.00224972, 0.00230704
1.283, -0.00878719, -1.4291, -0.00929785, -1.43135, 0.000510659, 0.00224817, 0.00230544
1.284, -0.00668009, -1.43336, -0.00719047, -1.4356, 0.000510379, 0.00224674, 0.00230398
1.285, -0.00457379, -1.43761, -0.00508356, -1.43986, 0.000509767, 0.00224543, 0.00230256
1.286, -0.00246831, -1.44187, -0.00297785, -1.44411, 0.000509538, 0.00224495, 0.00230205
1.287, -0.000363633, -1.44613, -0.000872612, -1.44838, 0.000508979, 0.00224388, 0.00230088
1.288, 0.00174024, -1.4504, 0.00123119, -1.45264, 0.000509044, 0.00224292, 0.00229996
1.289, 0.0038433, -1.45467, 0.003335, -1.45691, 0.000508304, 0.00224209, 0.00229899
1.29, 0.00594556, -1.45894, 0.00543737, -1.46118, 0.00050819, 0.00224137, 0.00229826
1.291, 0.00804702, -1.46322, 0.00753927, -1.46546, 0.00050775, 0.00224078, 0.00229758
1.292, 0.0101477, -1.4675, 0.00964022, -1.46974, 0.000507461, 0.00223958, 0.00229636
1.293, 0.0122475, -1.47178, 0.0117402, -1.47402, 0.000507325, 0.00223851, 0.00229528
1.294, 0.0143466, -1.47607, 0.0138402, -1.4783, 0.00050639, 0.00223684, 0.00229345
1.295, 0.0164448, -1.48036, 0.0159388, -1.48259, 0.000506086, 0.00223613, 0.00229268
1.296, 0.0185423, -1.48465, 0.0180368, -1.48689, 0.000505462, 0.00223553, 0.00229196
1.297, 0.020639, -1.48895, 0.020134, -1.49118, 0.000504995, 0.00223362, 0.00229
1.298, 0.0227348, -1.49325, 0.0222301, -1.49548, 0.000504686, 0.00223267, 0.002289
1.299, 0.0248299, -1.49755, 0.0243254, -1.49978, 0.000504535, 0.00223184, 0.00228815
1.29957, 0.0260201, -1.5, 0.0255156, -1.50223, 0.000504538, 0.00223088, 0.00228722
