time, x, y, aX, aY, DX, DY, Error
0, -4, -1.5, -4, -1.5, 0, 0, 0
0.001, -3.99514, -1.49245, -3.99514, -1.49244, -2.38419e-06, -9.77516e-06, 1.00617e-05
0.002, -3.99029, -1.48491, -3.99028, -1.48489, -4.52995e-06, -1.94311e-05, 1.99522e-05
0.003, -3.98544, -1.4774, -3.98543, -1.47737, -6.91414e-06, -2.89679e-05, 2.97816e-05
0.004, -3.98059, -1.4699, -3.98058, -1.46986, -9.05991e-06, -3.82662e-05, 3.93241e-05
0.005, -3.97575, -1.46242, -3.97574, -1.46237, -1.12057e-05, -4.80413e-05, 4.93309e-05
0.006, -3.97092, -1.45496, -3.9709, -1.45491, -1.35899e-05, -5.74589e-05, 5.90441e-05
0.007, -3.96609, -1.44752, -3.96607, -1.44746, -1.57356e-05, -6.73532e-05, 6.9167e-05
0.008, -3.96126, -1.4401, -3.96124, -1.44003, -1.78814e-05, -7.689e-05, 7.89418e-05
0.009, -3.95644, -1.4327, -3.95642, -1.43262, -2.02656e-05, -8.61883e-05, 8.85388e-05
0.01, -3.95162, -1.42532, -3.9516, -1.42523, -2.26498e-05, -9.63211e-05, 9.89483e-05
0.011, -3.9468, -1.41796, -3.94678, -1.41785, -2.47955e-05, -0.000105619, 0.000108491
0.012, -3.942, -1.41061, -3.94197, -1.4105, -2.69413e-05, -0.000115156, 0.000118266
0.013, -3.93719, -1.40329, -3.93716, -1.40316, -2.90871e-05, -0.000124812, 0.000128157
0.014, -3.93239, -1.39598, -3.93236, -1.39585, -3.14713e-05, -0.000134706, 0.000138334
0.015, -3.92759, -1.3887, -3.92756, -1.38855, -3.3617e-05, -0.000144243, 0.000148109
0.016, -3.9228, -1.38143, -3.92277, -1.38127, -3.57628e-05, -0.00015378, 0.000157884
0.017, -3.91802, -1.37418, -3.91798, -1.37401, -3.8147e-05, -0.000163555, 0.000167945
0.018, -3.91323, -1.36695, -3.91319, -1.36677, -4.05312e-05, -0.00017333, 0.000178006
0.019, -3.90845, -1.35974, -3.90841, -1.35955, -4.26769e-05, -0.000182629, 0.000187549
0.02, -3.90368, -1.35254, -3.90363, -1.35235, -4.50611e-05, -0.000192523, 0.000197726
0.021, -3.89891, -1.34537, -3.89886, -1.34517, -4.72069e-05, -0.000201941, 0.000207385
0.022, -3.89414, -1.33821, -3.89409, -1.338, -4.93526e-05, -0.000211954, 0.000217624
0.023, -3.88938, -1.33107, -3.88933, -1.33085, -5.17368e-05, -0.000221133, 0.000227105
0.024, -3.88463, -1.32396, -3.88457, -1.32372, -5.4121e-05, -0.000231028, 0.000237282
0.025, -3.87987, -1.31686, -3.87982, -1.31662, -5.65052e-05, -0.000240803, 0.000247344
0.026, -3.87513, -1.30977, -3.87507, -1.30953, -5.84126e-05, -0.000249863, 0.0002566
0.027, -3.87038, -1.30271, -3.87032, -1.30245, -6.05583e-05, -0.000259399, 0.000266374
0.028, -3.86564, -1.29567, -3.86558, -1.2954, -6.29425e-05, -0.000269532, 0.000276784
0.029, -3.86091, -1.28864, -3.86084, -1.28836, -6.50883e-05, -0.000278711, 0.000286211
0.03, -3.85618, -1.28164, -3.85611, -1.28135, -6.74725e-05, -0.000288486, 0.000296272
0.031, -3.85145, -1.27465, -3.85138, -1.27435, -6.98566e-05, -0.000298023, 0.000306101
0.032, -3.84673, -1.26768, -3.84666, -1.26737, -7.20024e-05, -0.000307918, 0.000316224
0.033, -3.84201, -1.26073, -3.84194, -1.26041, -7.43866e-05, -0.000317574, 0.000326169
0.034, -3.8373, -1.25379, -3.83722, -1.25347, -7.65324e-05, -0.000326991, 0.000335828
0.035, -3.83259, -1.24688, -3.83251, -1.24654, -7.89165e-05, -0.000336647, 0.000345773
0.036, -3.82788, -1.23998, -3.8278, -1.23963, -8.10623e-05, -0.000345945, 0.000355316
0.037, -3.82318, -1.2331, -3.8231, -1.23275, -8.34465e-05, -0.000355482, 0.000365145
0.038, -3.81849, -1.22624, -3.8184, -1.22588, -8.58307e-05, -0.000365496, 0.000375438
0.039, -3.81379, -1.2194, -3.81371, -1.21903, -8.79765e-05, -0.000374913, 0.000385097
0.04, -3.80911, -1.21258, -3.80902, -1.21219, -9.01222e-05, -0.00038445, 0.000394872
0.041, -3.80442, -1.20577, -3.80433, -1.20538, -9.25064e-05, -0.000394344, 0.000405049
0.042, -3.79974, -1.19899, -3.79965, -1.19858, -9.46522e-05, -0.000403643, 0.000414592
0.043, -3.79507, -1.19222, -3.79497, -1.1918, -9.67979e-05, -0.00041306, 0.000424251
0.044, -3.7904, -1.18547, -3.7903, -1.18504, -9.91821e-05, -0.000423312, 0.000434776
0.045, -3.78573, -1.17873, -3.78563, -1.1783, -0.000101328, -0.000432849, 0.000444551
0.046, -3.78107, -1.17202, -3.78096, -1.17158, -0.000103474, -0.000441909, 0.000453861
0.047, -3.77641, -1.16532, -3.7763, -1.16487, -0.000105858, -0.000451684, 0.000463923
0.048, -3.77175, -1.15865, -3.77165, -1.15818, -0.000108004, -0.000461459, 0.00047393
0.049, -3.7671, -1.15199, -3.76699, -1.15152, -0.000110388, -0.000471115, 0.000483875
0.05, -3.76246, -1.14534, -3.76235, -1.14486, -0.000112534, -0.000480771, 0.000493766
0.051, -3.75782, -1.13872, -3.7577, -1.13823, -0.000114679, -0.000489712, 0.00050296
0.052, -3.75318, -1.13211, -3.75306, -1.13161, -0.000117064, -0.000499964, 0.000513486
0.053, -3.74855, -1.12553, -3.74843, -1.12502, -0.000119209, -0.000509381, 0.000523144
0.054, -3.74392, -1.11896, -3.7438, -1.11844, -0.000121355, -0.00051868, 0.000532687
0.055, -3.73929, -1.1124, -3.73917, -1.11188, -0.000123501, -0.000528455, 0.000542694
0.056, -3.73467, -1.10587, -3.73455, -1.10533, -0.000125885, -0.000537992, 0.000552523
0.057, -3.73006, -1.09935, -3.72993, -1.09881, -0.000128031, -0.000547409, 0.000562182
0.058, -3.72544, -1.09285, -3.72531, -1.0923, -0.000130415, -0.000557303, 0.000572359
0.059, -3.72084, -1.08637, -3.7207, -1.08581, -0.000132561, -0.00056684, 0.000582134
0.06, -3.71623, -1.07991, -3.7161, -1.07933, -0.000134945, -0.000576615, 0.000592195
0.061, -3.71163, -1.07347, -3.71149, -1.07288, -0.000137091, -0.00058639, 0.000602202
0.062, -3.70704, -1.06704, -3.7069, -1.06644, -0.000139236, -0.00059557, 0.000611629
0.0629999, -3.70244, -1.06063, -3.7023, -1.06002, -0.000141382, -0.000605106, 0.000621404
0.064, -3.69786, -1.05424, -3.69771, -1.05362, -0.000143766, -0.000615001, 0.000631581
0.065, -3.69327, -1.04786, -3.69313, -1.04724, -0.000146151, -0.000624418, 0.000641294
0.066, -3.68869, -1.0415, -3.68855, -1.04087, -0.000148296, -0.000634074, 0.000651185
0.067, -3.68412, -1.03517, -3.68397, -1.03452, -0.000150442, -0.000643969, 0.000661308
0.068, -3.67955, -1.02884, -3.67939, -1.02819, -0.000152826, -0.000653267, 0.000670905
0.069, -3.67498, -1.02254, -3.67483, -1.02188, -0.000154972, -0.000662804, 0.00068068
0.07, -3.67042, -1.01625, -3.67026, -1.01558, -0.000157356, -0.00067246, 0.000690625
0.071, -3.66586, -1.00998, -3.6657, -1.0093, -0.00015974, -0.000682235, 0.000700686
0.072, -3.6613, -1.00373, -3.66114, -1.00304, -0.000161648, -0.000691414, 0.000710059
0.073, -3.65675, -0.997499, -3.65659, -0.996798, -0.000164032, -0.000701308, 0.000720236
0.074, -3.65221, -0.991282, -3.65204, -0.990572, -0.000166178, -0.000710666, 0.000729837
0.075, -3.64766, -0.985083, -3.6475, -0.984363, -0.000168324, -0.00072068, 0.000740076
0.076, -3.64313, -0.978902, -3.64296, -0.978172, -0.000170469, -0.000729918, 0.00074956
0.077, -3.63859, -0.972737, -3.63842, -0.971998, -0.000172615, -0.000739157, 0.000759045
0.078, -3.63406, -0.96659, -3.63389, -0.965841, -0.000174761, -0.000749052, 0.000769168
0.079, -3.62953, -0.960461, -3.62936, -0.959702, -0.000176907, -0.000758827, 0.000779175
0.08, -3.62501, -0.954348, -3.62483, -0.95358, -0.000179291, -0.000768483, 0.00078912
0.081, -3.62049, -0.948253, -3.62031, -0.947475, -0.000181437, -0.000778139, 0.000799011
0.082, -3.61598, -0.942176, -3.6158, -0.941388, -0.000183582, -0.000787497, 0.000808612
0.083, -3.61147, -0.936115, -3.61128, -0.935318, -0.000185966, -0.000796795, 0.000818209
0.084, -3.60696, -0.930072, -3.60678, -0.929265, -0.000188351, -0.000806451, 0.000828154
0.085, -3.60246, -0.924046, -3.60227, -0.92323, -0.000190258, -0.000816047, 0.000837933
0.086, -3.59796, -0.918037, -3.59777, -0.917211, -0.000192642, -0.000825942, 0.00084811
0.087, -3.59347, -0.912045, -3.59327, -0.91121, -0.000194788, -0.000835538, 0.000857943
0.088, -3.58898, -0.906071, -3.58878, -0.905226, -0.000197172, -0.000844955, 0.000867656
0.089, -3.58449, -0.900113, -3.58429, -0.899259, -0.000199318, -0.000854552, 0.000877489
0.09, -3.58001, -0.894173, -3.57981, -0.893309, -0.000201464, -0.000863969, 0.000887147
0.091, -3.57553, -0.88825, -3.57533, -0.887376, -0.000203609, -0.000873566, 0.00089698
0.092, -3.57106, -0.882343, -3.57085, -0.88146, -0.000205994, -0.00088352, 0.000907216
0.093, -3.56659, -0.876454, -3.56638, -0.875561, -0.000208378, -0.000892937, 0.000916929
0.094, -3.56212, -0.870582, -3.56191, -0.86968, -0.000210524, -0.000902057, 0.000926297
0.095, -3.55766, -0.864726, -3.55745, -0.863814, -0.000212669, -0.000912011, 0.000936478
0.096, -3.5532, -0.858888, -3.55299, -0.857967, -0.000215054, -0.000921428, 0.000946191
0.097, -3.54875, -0.853067, -3.54853, -0.852136, -0.000217199, -0.000931084, 0.000956082
0.098, -3.5443, -0.847262, -3.54408, -0.846321, -0.000219345, -0.000940859, 0.000966089
0.099, -3.53985, -0.841475, -3.53963, -0.840524, -0.000221491, -0.000950098, 0.000975574
0.1, -3.53541, -0.835704, -3.53518, -0.834744, -0.000223637, -0.000959992, 0.000985697
0.101, -3.53097, -0.82995, -3.53074, -0.82898, -0.000225782, -0.00096935, 0.000995298
0.102, -3.52653, -0.824213, -3.5263, -0.823234, -0.000228167, -0.000978768, 0.00100501
0.103, -3.5221, -0.818492, -3.52187, -0.817504, -0.000230312, -0.000988245, 0.00101473
0.104, -3.51767, -0.812789, -3.51744, -0.811791, -0.000232458, -0.000997603, 0.00102433
0.105, -3.51325, -0.807102, -3.51302, -0.806094, -0.000234842, -0.00100774, 0.00103474
0.106, -3.50883, -0.801432, -3.50859, -0.800415, -0.000236988, -0.00101703, 0.00104428
0.107, -3.50442, -0.795779, -3.50418, -0.794752, -0.000239134, -0.00102633, 0.00105382
0.108, -3.5, -0.790142, -3.49976, -0.789106, -0.000241518, -0.00103617, 0.00106394
0.109, -3.4956, -0.784522, -3.49535, -0.783476, -0.000243664, -0.00104588, 0.00107389
0.11, -3.49119, -0.778918, -3.49095, -0.777863, -0.000246048, -0.00105548, 0.00108378
0.111, -3.48679, -0.773332, -3.48655, -0.772267, -0.000248194, -0.00106484, 0.00109338
0.112, -3.4824, -0.767761, -3.48215, -0.766687, -0.000250578, -0.00107414, 0.00110298
0.113, -3.47801, -0.762208, -3.47775, -0.761124, -0.000252724, -0.00108397, 0.00111304
0.114, -3.47362, -0.756671, -3.47336, -0.755577, -0.000254869, -0.00109333, 0.00112264
0.115, -3.46923, -0.75115, -3.46898, -0.750048, -0.000257015, -0.00110257, 0.00113213
0.116, -3.46485, -0.745646, -3.46459, -0.744534, -0.000259399, -0.00111204, 0.0011419
0.117, -3.46048, -0.740158, -3.46021, -0.739036, -0.000261784, -0.00112212, 0.00115225
0.118, -3.4561, -0.734687, -3.45584, -0.733556, -0.000263929, -0.00113112, 0.0011615
0.119, -3.45173, -0.729233, -3.45147, -0.728092, -0.000266314, -0.00114101, 0.00117168
0.12, -3.44737, -0.723794, -3.4471, -0.722644, -0.000268698, -0.00115067, 0.00118162
0.121, -3.44301, -0.718373, -3.44274, -0.717213, -0.000270605, -0.00115991, 0.00119105
0.122, -3.43865, -0.712967, -3.43838, -0.711798, -0.000272989, -0.00116926, 0.00120071
0.123, -3.4343, -0.707578, -3.43402, -0.706399, -0.000275135, -0.00117904, 0.00121072
0.124, -3.42995, -0.702205, -3.42967, -0.701017, -0.000277281, -0.00118816, 0.00122008
0.125, -3.4256, -0.696849, -3.42532, -0.69565, -0.000279665, -0.00119823, 0.00123044
0.126, -3.42126, -0.691508, -3.42098, -0.690301, -0.000281811, -0.00120723, 0.00123969
0.127, -3.41692, -0.686184, -3.41664, -0.684967, -0.000284195, -0.00121695, 0.00124969
0.128, -3.41258, -0.680877, -3.4123, -0.67965, -0.000286818, -0.00122678, 0.00125987
0.129, -3.40825, -0.675585, -3.40796, -0.674349, -0.000288725, -0.00123608, 0.00126935
0.13, -3.40393, -0.67031, -3.40364, -0.669064, -0.000290871, -0.00124544, 0.00127895
0.131, -3.3996, -0.665051, -3.39931, -0.663796, -0.000293016, -0.00125474, 0.0012885
0.132, -3.39528, -0.659808, -3.39499, -0.658544, -0.000295401, -0.00126427, 0.00129833
0.133, -3.39097, -0.654581, -3.39067, -0.653307, -0.000297785, -0.00127417, 0.0013085
0.134, -3.38665, -0.64937, -3.38635, -0.648087, -0.000299931, -0.00128376, 0.00131834
0.135, -3.38235, -0.644176, -3.38204, -0.642883, -0.000302076, -0.001293, 0.00132782
0.136, -3.37804, -0.638997, -3.37774, -0.637695, -0.000304222, -0.00130236, 0.00133742
0.137, -3.37374, -0.633835, -3.37343, -0.632522, -0.000306368, -0.00131226, 0.00134754
0.138, -3.36944, -0.628688, -3.36913, -0.627367, -0.000308514, -0.00132149, 0.00135703
0.139, -3.36515, -0.623558, -3.36484, -0.622227, -0.000310898, -0.00133103, 0.00136686
0.14, -3.36086, -0.618443, -3.36055, -0.617103, -0.000313044, -0.00134063, 0.00137669
0.141, -3.35657, -0.613345, -3.35626, -0.611995, -0.000315189, -0.00134993, 0.00138623
0.142, -3.35229, -0.608262, -3.35197, -0.606903, -0.000317335, -0.00135905, 0.0013956
0.143, -3.34801, -0.603195, -3.34769, -0.601827, -0.000319719, -0.00136876, 0.00140561
0.144, -3.34374, -0.598145, -3.34342, -0.596767, -0.000321865, -0.00137806, 0.00141515
0.145, -3.33947, -0.59311, -3.33914, -0.591722, -0.000324249, -0.00138789, 0.00142527
0.146, -3.3352, -0.588091, -3.33487, -0.586693, -0.000326395, -0.00139749, 0.0014351
0.147, -3.33094, -0.583088, -3.33061, -0.581681, -0.000328541, -0.00140661, 0.00144447
0.148, -3.32668, -0.5781, -3.32634, -0.576684, -0.000330925, -0.00141621, 0.00145436
0.149, -3.32242, -0.573129, -3.32209, -0.571703, -0.000333071, -0.00142604, 0.00146442
0.15, -3.31817, -0.568173, -3.31783, -0.566738, -0.000335217, -0.0014348, 0.00147344
0.151, -3.31392, -0.563233, -3.31358, -0.561788, -0.000337362, -0.00144464, 0.00148351
0.152, -3.30967, -0.558308, -3.30933, -0.556854, -0.000339508, -0.00145394, 0.00149305
0.153, -3.30543, -0.5534, -3.30509, -0.551936, -0.000341892, -0.00146359, 0.00150299
0.154, -3.30119, -0.548507, -3.30085, -0.547034, -0.000344038, -0.00147265, 0.0015123
0.155, -3.29696, -0.54363, -3.29661, -0.542147, -0.000346422, -0.00148273, 0.00152266
0.156, -3.29273, -0.538768, -3.29238, -0.537276, -0.000348568, -0.00149149, 0.00153168
0.157, -3.2885, -0.533922, -3.28815, -0.532421, -0.000350714, -0.0015012, 0.00154163
0.158, -3.28428, -0.529092, -3.28392, -0.527581, -0.000353098, -0.00151092, 0.00155163
0.159, -3.28006, -0.524277, -3.2797, -0.522757, -0.000355244, -0.00152016, 0.00156111
0.16, -3.27584, -0.519477, -3.27548, -0.517948, -0.000357389, -0.00152957, 0.00157077
0.161, -3.27163, -0.514694, -3.27127, -0.513155, -0.000359535, -0.00153881, 0.00158026
0.162, -3.26742, -0.509926, -3.26706, -0.508377, -0.000361919, -0.00154835, 0.00159009
0.163, -3.26321, -0.505173, -3.26285, -0.503615, -0.000364065, -0.00155765, 0.00159963
0.164, -3.25901, -0.500436, -3.25864, -0.498869, -0.000366211, -0.00156713, 0.00160935
0.165, -3.25481, -0.495714, -3.25444, -0.494137, -0.000368357, -0.00157657, 0.00161903
0.166, -3.25062, -0.491008, -3.25025, -0.489421, -0.000370741, -0.00158656, 0.0016293
0.167, -3.24643, -0.486317, -3.24605, -0.484721, -0.000372648, -0.00159597, 0.0016389
0.168, -3.24224, -0.481641, -3.24186, -0.480036, -0.000374794, -0.00160506, 0.00164824
0.169, -3.23805, -0.476981, -3.23768, -0.475366, -0.00037694, -0.00161487, 0.00165828
0.17, -3.23387, -0.472336, -3.2335, -0.470713, -0.000379086, -0.00162369, 0.00166736
0.171, -3.2297, -0.467707, -3.22932, -0.466074, -0.000381231, -0.00163332, 0.00167722
0.172, -3.22552, -0.463093, -3.22514, -0.46145, -0.000383377, -0.00164264, 0.00168679
0.173, -3.22135, -0.458494, -3.22097, -0.456842, -0.000385523, -0.00165248, 0.00169685
0.174, -3.21719, -0.453911, -3.2168, -0.452249, -0.00038743, -0.00166136, 0.00170594
0.175, -3.21303, -0.449342, -3.21264, -0.447671, -0.000389814, -0.00167131, 0.00171617
0.176, -3.20887, -0.444789, -3.20848, -0.443109, -0.00039196, -0.00168028, 0.0017254
0.177, -3.20471, -0.440251, -3.20432, -0.438562, -0.000394106, -0.00168994, 0.00173529
0.178, -3.20056, -0.435729, -3.20016, -0.43403, -0.000396252, -0.00169894, 0.00174454
0.179, -3.19641, -0.431221, -3.19601, -0.429513, -0.000398636, -0.00170857, 0.00175446
0.18, -3.19227, -0.426729, -3.19187, -0.425011, -0.00040102, -0.00171843, 0.0017646
0.181, -3.18813, -0.422252, -3.18772, -0.420525, -0.000402927, -0.0017271, 0.00177348
0.182, -3.18399, -0.41779, -3.18358, -0.416053, -0.000405312, -0.00173682, 0.00178349
0.183, -3.17985, -0.413343, -3.17945, -0.411597, -0.000407457, -0.00174627, 0.00179317
0.184, -3.17572, -0.408911, -3.17531, -0.407155, -0.000409842, -0.00175598, 0.00180318
0.185, -3.1716, -0.404494, -3.17118, -0.402729, -0.000411749, -0.00176513, 0.00181252
0.186, -3.16747, -0.400092, -3.16706, -0.398318, -0.000414133, -0.00177443, 0.00182212
0.187, -3.16335, -0.395706, -3.16294, -0.393922, -0.000416279, -0.00178397, 0.00183189
0.188, -3.15924, -0.391334, -3.15882, -0.389541, -0.000418425, -0.001793, 0.00184117
0.189, -3.15512, -0.386977, -3.1547, -0.385175, -0.00042057, -0.00180221, 0.00185063
0.19, -3.15101, -0.382635, -3.15059, -0.380823, -0.000422955, -0.00181219, 0.00186089
0.191, -3.14691, -0.378308, -3.14648, -0.376487, -0.0004251, -0.00182149, 0.00187044
0.192, -3.1428, -0.373996, -3.14238, -0.372166, -0.000427246, -0.00183031, 0.00187951
0.193, -3.1387, -0.369699, -3.13827, -0.367859, -0.000429392, -0.00183997, 0.0018894
0.194, -3.13461, -0.365417, -3.13418, -0.363567, -0.000431776, -0.00184935, 0.00189909
0.195, -3.13052, -0.361149, -3.13008, -0.359291, -0.000433683, -0.00185844, 0.00190837
0.196, -3.12643, -0.356897, -3.12599, -0.355029, -0.000436068, -0.00186795, 0.00191817
0.197, -3.12234, -0.352659, -3.1219, -0.350781, -0.000438213, -0.00187749, 0.00192795
0.198, -3.11826, -0.348436, -3.11782, -0.34655, -0.000440359, -0.00188631, 0.00193703
0.199, -3.11418, -0.344228, -3.11374, -0.342331, -0.000442743, -0.00189632, 0.00194732
0.2, -3.11011, -0.340034, -3.10966, -0.338129, -0.000444889, -0.00190499, 0.00195625
0.201, -3.10603, -0.335856, -3.10559, -0.333941, -0.000447035, -0.00191435, 0.00196585
0.202, -3.10197, -0.331692, -3.10152, -0.329767, -0.000449181, -0.00192422, 0.00197595
0.203, -3.0979, -0.327542, -3.09745, -0.325609, -0.000451326, -0.00193307, 0.00198506
0.204, -3.09384, -0.323408, -3.09339, -0.321465, -0.000453472, -0.00194263, 0.00199486
0.205, -3.08978, -0.319288, -3.08933, -0.317336, -0.000455618, -0.00195184, 0.00200432
0.206, -3.08573, -0.315182, -3.08527, -0.313221, -0.000457764, -0.0019615, 0.00201421
0.207, -3.08168, -0.311092, -3.08122, -0.309121, -0.000460148, -0.0019705, 0.00202351
0.208, -3.07763, -0.307016, -3.07717, -0.305035, -0.000462294, -0.00198039, 0.00203364
0.209, -3.07358, -0.302954, -3.07312, -0.300965, -0.000464439, -0.00198936, 0.00204286
0.21, -3.06954, -0.298907, -3.06908, -0.296908, -0.000466824, -0.00199884, 0.00205263
0.211, -3.0655, -0.294875, -3.06504, -0.292867, -0.000468969, -0.00200796, 0.002062
0.212, -3.06147, -0.290857, -3.061, -0.288839, -0.000471115, -0.00201729, 0.00207157
0.213, -3.05744, -0.286853, -3.05697, -0.284827, -0.000473022, -0.00202644, 0.00208091
0.214, -3.05341, -0.282864, -3.05294, -0.280828, -0.000475168, -0.00203577, 0.00209049
0.215, -3.04939, -0.27889, -3.04891, -0.276845, -0.000477552, -0.00204527, 0.00210029
0.216, -3.04537, -0.27493, -3.04489, -0.272875, -0.000479698, -0.00205454, 0.0021098
0.217, -3.04135, -0.270984, -3.04087, -0.26892, -0.000482082, -0.00206405, 0.0021196
0.218, -3.03734, -0.267053, -3.03685, -0.26498, -0.00048399, -0.00207308, 0.00212883
0.219, -3.03333, -0.263136, -3.03284, -0.261054, -0.000486135, -0.00208217, 0.00213817
0.22, -3.02932, -0.259234, -3.02883, -0.257142, -0.000488281, -0.00209156, 0.0021478
0.221, -3.02531, -0.255346, -3.02482, -0.253244, -0.000490665, -0.00210112, 0.00215765
0.222, -3.02131, -0.251472, -3.02082, -0.249362, -0.000492811, -0.00211009, 0.00216688
0.223, -3.01732, -0.247612, -3.01682, -0.245493, -0.000494957, -0.0021192, 0.00217623
0.224, -3.01332, -0.243767, -3.01282, -0.241639, -0.000497103, -0.00212853, 0.0021858
0.225, -3.00933, -0.239936, -3.00883, -0.237798, -0.000499249, -0.00213782, 0.00219535
0.226, -3.00534, -0.236119, -3.00484, -0.233972, -0.000501394, -0.0021473, 0.00220506
0.227, -3.00136, -0.232317, -3.00086, -0.23016, -0.000503778, -0.00215682, 0.00221488
0.228, -2.99738, -0.228529, -2.99687, -0.226363, -0.000505924, -0.00216554, 0.00222385
0.229, -2.9934, -0.224755, -2.99289, -0.22258, -0.000508308, -0.00217497, 0.00223358
0.23, -2.98943, -0.220995, -2.98892, -0.218811, -0.000510454, -0.00218441, 0.00224326
0.231, -2.98546, -0.217249, -2.98494, -0.215056, -0.000512123, -0.00219321, 0.00225221
0.232, -2.98149, -0.213518, -2.98097, -0.211315, -0.000514507, -0.00220245, 0.00226175
0.233, -2.97753, -0.2098, -2.97701, -0.207588, -0.000516653, -0.00221185, 0.00227139
0.234, -2.97356, -0.206097, -2.97305, -0.203876, -0.000519037, -0.00222093, 0.00228077
0.235, -2.96961, -0.202408, -2.96909, -0.200177, -0.000520945, -0.00223073, 0.00229075
0.236, -2.96565, -0.198732, -2.96513, -0.196493, -0.000523329, -0.0022397, 0.00230003
0.237, -2.9617, -0.195071, -2.96118, -0.192822, -0.000525475, -0.002249, 0.00230957
0.238, -2.95775, -0.191424, -2.95723, -0.189166, -0.00052762, -0.00225827, 0.00231909
0.239, -2.95381, -0.187791, -2.95328, -0.185524, -0.000529766, -0.00226748, 0.00232854
0.24, -2.94987, -0.184172, -2.94934, -0.181896, -0.000531912, -0.00227624, 0.00233756
0.241, -2.94593, -0.180567, -2.9454, -0.178281, -0.000534296, -0.00228623, 0.00234783
0.242, -2.94199, -0.176976, -2.94146, -0.17468, -0.000536442, -0.00229537, 0.00235723
0.243, -2.93806, -0.173398, -2.93752, -0.171094, -0.000538349, -0.00230403, 0.00236609
0.244, -2.93413, -0.169835, -2.93359, -0.167522, -0.000540495, -0.00231336, 0.00237566
0.245, -2.93021, -0.166285, -2.92967, -0.163963, -0.000542641, -0.00232264, 0.00238519
0.246, -2.92629, -0.16275, -2.92574, -0.160418, -0.000544786, -0.00233185, 0.00239465
0.247, -2.92237, -0.159228, -2.92182, -0.156887, -0.000547171, -0.00234133, 0.00240442
0.248, -2.91845, -0.15572, -2.9179, -0.15337, -0.000549555, -0.0023507, 0.00241409
0.249, -2.91454, -0.152226, -2.91399, -0.149867, -0.000551462, -0.00235923, 0.00242282
0.25, -2.91063, -0.148746, -2.91008, -0.146377, -0.000553846, -0.00236903, 0.00243291
0.251, -2.90673, -0.145279, -2.90617, -0.142902, -0.000555754, -0.00237784, 0.00244192
0.252, -2.90282, -0.141827, -2.90227, -0.13944, -0.000557661, -0.00238706, 0.00245134
0.253, -2.89893, -0.138388, -2.89837, -0.135992, -0.000559807, -0.00239597, 0.0024605
0.254, -2.89503, -0.134962, -2.89447, -0.132557, -0.000562191, -0.00240526, 0.00247008
0.255, -2.89114, -0.131551, -2.89057, -0.129136, -0.000564098, -0.00241478, 0.00247979
0.256, -2.88725, -0.128153, -2.88668, -0.125729, -0.000566244, -0.00242381, 0.00248907
0.257, -2.88336, -0.124769, -2.88279, -0.122336, -0.00056839, -0.0024328, 0.00249832
0.258, -2.87948, -0.121398, -2.87891, -0.118956, -0.000570536, -0.0024421, 0.00250786
0.259, -2.8756, -0.118041, -2.87502, -0.11559, -0.000572443, -0.00245097, 0.00251693
0.26, -2.87172, -0.114698, -2.87114, -0.112238, -0.000574589, -0.00246011, 0.00252632
0.261, -2.86785, -0.111368, -2.86727, -0.108899, -0.000576973, -0.00246914, 0.00253566
0.262, -2.86397, -0.108052, -2.8634, -0.105574, -0.00057888, -0.00247829, 0.002545
0.263, -2.86011, -0.10475, -2.85953, -0.102263, -0.000581026, -0.00248717, 0.00255413
0.264, -2.85624, -0.101461, -2.85566, -0.0989643, -0.000583172, -0.0024966, 0.00256381
0.265, -2.85238, -0.0981855, -2.8518, -0.0956796, -0.000585079, -0.00250585, 0.00257325
0.266, -2.84852, -0.0949236, -2.84794, -0.092409, -0.000587225, -0.00251455, 0.00258221
0.267, -2.84467, -0.0916751, -2.84408, -0.0891514, -0.000589132, -0.00252374, 0.00259159
0.268, -2.84082, -0.0884402, -2.84023, -0.0859071, -0.000591278, -0.00253306, 0.00260116
0.269, -2.83697, -0.0852187, -2.83637, -0.082677, -0.000593424, -0.00254165, 0.00261001
0.27, -2.83312, -0.0820106, -2.83253, -0.0794597, -0.00059557, -0.00255092, 0.00261952
0.271, -2.82928, -0.0788159, -2.82868, -0.0762557, -0.000597715, -0.00256027, 0.00262911
0.272, -2.82544, -0.0756347, -2.82484, -0.0730654, -0.000599623, -0.0025693, 0.00263835
0.273, -2.8216, -0.0724668, -2.821, -0.0698881, -0.000602007, -0.00257873, 0.00264807
0.274, -2.81777, -0.0693123, -2.81717, -0.0667245, -0.000604153, -0.00258781, 0.0026574
0.275, -2.81394, -0.0661712, -2.81334, -0.0635743, -0.00060606, -0.00259689, 0.00266668
0.276, -2.81012, -0.0630434, -2.80951, -0.0604379, -0.000607967, -0.00260548, 0.00267547
0.277, -2.80629, -0.0599289, -2.80568, -0.0573143, -0.000610113, -0.00261462, 0.00268486
0.278, -2.80247, -0.0568277, -2.80186, -0.0542043, -0.000612259, -0.00262335, 0.00269385
0.279, -2.79865, -0.0537398, -2.79804, -0.051107, -0.000614166, -0.00263272, 0.00270341
0.28, -2.79484, -0.0506651, -2.79422, -0.0480235, -0.000616312, -0.00264165, 0.00271259
0.281, -2.79103, -0.0476037, -2.79041, -0.0449525, -0.000618219, -0.00265118, 0.0027223
0.282, -2.78722, -0.0445555, -2.7866, -0.0418953, -0.000620365, -0.00266023, 0.0027316
0.283, -2.78341, -0.0415205, -2.78279, -0.0388511, -0.000622749, -0.00266937, 0.00274105
0.284, -2.77961, -0.0384987, -2.77899, -0.0358212, -0.000624418, -0.00267752, 0.00274936
0.285, -2.77581, -0.0354901, -2.77519, -0.0328029, -0.000626802, -0.00268715, 0.00275929
0.286, -2.77202, -0.0324946, -2.77139, -0.0297982, -0.00062871, -0.00269647, 0.0027688
0.287, -2.76822, -0.0295123, -2.76759, -0.0268075, -0.000630617, -0.00270475, 0.00277729
0.288, -2.76443, -0.0265431, -2.7638, -0.0238292, -0.000632763, -0.00271386, 0.00278665
0.289, -2.76065, -0.023587, -2.76001, -0.0208632, -0.000634909, -0.00272379, 0.00279681
0.29, -2.75686, -0.0206439, -2.75623, -0.017912, -0.000636816, -0.00273191, 0.00280515
0.291, -2.75308, -0.017714, -2.75244, -0.0149729, -0.000638962, -0.00274106, 0.00281455
0.292, -2.74931, -0.0147971, -2.74866, -0.0120466, -0.000641108, -0.0027505, 0.00282423
0.293, -2.74553, -0.0118932, -2.74489, -0.00913405, -0.000643015, -0.00275915, 0.00283309
0.294, -2.74176, -0.00900234, -2.74111, -0.00623393, -0.000645161, -0.00276841, 0.00284259
0.295, -2.73799, -0.00612448, -2.73734, -0.00334716, -0.000647306, -0.00277732, 0.00285176
0.296, -2.73422, -0.0032596, -2.73358, -0.000473022, -0.000649214, -0.00278658, 0.0028612
0.297, -2.73046, -0.00040768, -2.72981, 0.00238764, -0.00065136, -0.00279532, 0.00287021
0.298, -2.7267, 0.00243129, -2.72605, 0.00523603, -0.000653505, -0.00280474, 0.00287986
0.299, -2.72295, 0.00525734, -2.72229, 0.00807071, -0.000655413, -0.00281337, 0.00288871
0.3, -2.71919, 0.00807047, -2.71853, 0.0108931, -0.000657558, -0.00282264, 0.00289822
0.301, -2.71544, 0.0108707, -2.71478, 0.0137025, -0.000659704, -0.0028318, 0.00290763
0.302, -2.71169, 0.0136581, -2.71103, 0.0164984, -0.000661612, -0.00284038, 0.00291641
0.303, -2.70795, 0.0164326, -2.70729, 0.0192823, -0.000663519, -0.00284977, 0.002926
0.304, -2.70421, 0.0191942, -2.70354, 0.0220529, -0.000665665, -0.00285866, 0.00293514
0.305, -2.70047, 0.0219431, -2.6998, 0.0248101, -0.000667572, -0.00286701, 0.00294371
0.306, -2.69673, 0.0246791, -2.69606, 0.0275557, -0.000669956, -0.00287662, 0.0029536
0.307, -2.693, 0.0274023, -2.69233, 0.0302876, -0.000672102, -0.0028853, 0.00296255
0.308, -2.68927, 0.0301128, -2.6886, 0.0330069, -0.000674009, -0.00289413, 0.00297157
0.309, -2.68555, 0.0328105, -2.68487, 0.0357138, -0.000676155, -0.00290331, 0.002981
0.31, -2.68182, 0.0354954, -2.68114, 0.0384079, -0.000678301, -0.00291248, 0.00299042
0.311, -2.6781, 0.0381677, -2.67742, 0.0410891, -0.00067997, -0.00292137, 0.00299946
0.312, -2.67438, 0.0408272, -2.6737, 0.0437572, -0.000682116, -0.00292998, 0.00300833
0.313, -2.67067, 0.0434741, -2.66998, 0.0464131, -0.000684261, -0.002939, 0.00301761
0.314, -2.66696, 0.0461082, -2.66627, 0.0490563, -0.000686407, -0.00294806, 0.00302692
0.314999, -2.66325, 0.0487297, -2.66256, 0.0516869, -0.000688553, -0.00295714, 0.00303624
0.315999, -2.65954, 0.0513386, -2.65885, 0.0543047, -0.00069046, -0.00296609, 0.0030454
0.316999, -2.65584, 0.0539349, -2.65515, 0.0569098, -0.000692606, -0.00297492, 0.00305448
0.317999, -2.65214, 0.0565185, -2.65145, 0.0595026, -0.000694513, -0.00298407, 0.00306383
0.318999, -2.64844, 0.0590896, -2.64775, 0.0620824, -0.000696421, -0.00299282, 0.00307278
0.319999, -2.64475, 0.0616481, -2.64405, 0.0646499, -0.000698805, -0.00300186, 0.00308213
0.320999, -2.64106, 0.064194, -2.64036, 0.0672045, -0.000700712, -0.00301046, 0.00309093
0.321999, -2.63737, 0.0667274, -2.63667, 0.0697471, -0.00070262, -0.00301968, 0.00310034
0.322999, -2.63368, 0.0692483, -2.63298, 0.0722769, -0.000704765, -0.00302866, 0.00310958
0.323999, -2.63, 0.0717567, -2.62929, 0.0747944, -0.00070715, -0.00303775, 0.00311897
0.324999, -2.62632, 0.0742525, -2.62561, 0.0772985, -0.000708818, -0.00304598, 0.00312736
0.325999, -2.62264, 0.076736, -2.62193, 0.0797914, -0.000710964, -0.00305547, 0.00313709
0.326999, -2.61897, 0.0792069, -2.61826, 0.0822713, -0.00071311, -0.00306442, 0.0031463
0.327999, -2.6153, 0.0816654, -2.61459, 0.0847383, -0.000714779, -0.00307282, 0.00315486
0.328999, -2.61163, 0.0841115, -2.61092, 0.0871936, -0.000716925, -0.00308207, 0.00316436
0.329999, -2.60797, 0.0865452, -2.60725, 0.0896366, -0.000719309, -0.00309134, 0.00317392
0.330999, -2.60431, 0.0889665, -2.60358, 0.092066, -0.000721216, -0.00309952, 0.00318232
0.331999, -2.60065, 0.0913755, -2.59992, 0.094484, -0.000723124, -0.0031085, 0.0031915
0.332999, -2.59699, 0.093772, -2.59626, 0.0968896, -0.000725508, -0.00311757, 0.00320087
0.333999, -2.59334, 0.0961563, -2.59261, 0.099283, -0.000727415, -0.0031267, 0.0032102
0.334999, -2.58969, 0.0985282, -2.58896, 0.101663, -0.000729322, -0.00313515, 0.00321886
0.335999, -2.58604, 0.100888, -2.58531, 0.104033, -0.000731707, -0.0031447, 0.00322871
0.336999, -2.58239, 0.103235, -2.58166, 0.106388, -0.000733614, -0.00315308, 0.0032373
0.337999, -2.57875, 0.10557, -2.57801, 0.108732, -0.000735521, -0.00316168, 0.00324611
0.338999, -2.57511, 0.107893, -2.57437, 0.111064, -0.000737667, -0.00317098, 0.00325565
0.339999, -2.57147, 0.110204, -2.57073, 0.113383, -0.000739813, -0.00317989, 0.00326481
0.340999, -2.56784, 0.112502, -2.5671, 0.11569, -0.00074172, -0.00318838, 0.00327352
0.341999, -2.56421, 0.114788, -2.56347, 0.117985, -0.000744104, -0.00319751, 0.00328295
0.342999, -2.56058, 0.117062, -2.55984, 0.120268, -0.000746012, -0.00320621, 0.00329185
0.343999, -2.55696, 0.119324, -2.55621, 0.122539, -0.000747919, -0.00321504, 0.00330089
0.344999, -2.55334, 0.121573, -2.55259, 0.124797, -0.000750065, -0.00322399, 0.00331009
0.345999, -2.54972, 0.123811, -2.54896, 0.127044, -0.000751734, -0.00323303, 0.00331928
0.346999, -2.5461, 0.126036, -2.54535, 0.129278, -0.00075388, -0.00324181, 0.00332831
0.347999, -2.54249, 0.128249, -2.54173, 0.1315, -0.000756025, -0.00325102, 0.00333777
0.348999, -2.53888, 0.13045, -2.53812, 0.13371, -0.000757933, -0.00325932, 0.00334628
0.349999, -2.53527, 0.132639, -2.53451, 0.135908, -0.000760078, -0.00326814, 0.00335536
0.350999, -2.53166, 0.134816, -2.5309, 0.138094, -0.000762224, -0.00327733, 0.0033648
0.351999, -2.52806, 0.136981, -2.5273, 0.140267, -0.000763893, -0.00328583, 0.00337345
0.352999, -2.52446, 0.139134, -2.52369, 0.142429, -0.000766039, -0.00329502, 0.00338289
0.353999, -2.52086, 0.141275, -2.52009, 0.144579, -0.000767946, -0.00330347, 0.00339155
0.354999, -2.51727, 0.143404, -2.5165, 0.146717, -0.000770092, -0.00331259, 0.00340092
0.355999, -2.51368, 0.145521, -2.51291, 0.148842, -0.000771761, -0.00332107, 0.00340956
0.356999, -2.51009, 0.147626, -2.50932, 0.150957, -0.000773907, -0.00333066, 0.00341939
0.357999, -2.5065, 0.149719, -2.50573, 0.153057, -0.000776052, -0.00333838, 0.0034274
0.358999, -2.50292, 0.1518, -2.50214, 0.155148, -0.00077796, -0.00334777, 0.00343697
0.359999, -2.49934, 0.153869, -2.49856, 0.157226, -0.000780344, -0.00335668, 0.00344619
0.360999, -2.49576, 0.155926, -2.49498, 0.159291, -0.000782013, -0.0033651, 0.00345477
0.361999, -2.49219, 0.157972, -2.4914, 0.161346, -0.000784159, -0.00337444, 0.00346436
0.362999, -2.48862, 0.160005, -2.48783, 0.163388, -0.000786304, -0.00338301, 0.00347319
0.363999, -2.48505, 0.162027, -2.48426, 0.165419, -0.000788212, -0.00339188, 0.00348226
0.364999, -2.48148, 0.164037, -2.48069, 0.167437, -0.000790119, -0.00340053, 0.00349112
0.365999, -2.47792, 0.166035, -2.47713, 0.169444, -0.000792265, -0.0034097, 0.00350053
0.366999, -2.47436, 0.168021, -2.47356, 0.171439, -0.000793934, -0.00341827, 0.00350926
0.367999, -2.4708, 0.169995, -2.47, 0.173422, -0.000795841, -0.00342694, 0.00351814
0.368999, -2.46724, 0.171958, -2.46645, 0.175393, -0.000797987, -0.00343572, 0.00352717
0.369999, -2.46369, 0.173908, -2.46289, 0.177352, -0.000799894, -0.00344397, 0.00353564
0.370999, -2.46014, 0.175848, -2.45934, 0.179301, -0.00080204, -0.00345348, 0.00354539
0.371999, -2.45659, 0.177775, -2.45579, 0.181237, -0.000803947, -0.00346196, 0.00355408
0.372999, -2.45305, 0.179691, -2.45224, 0.183161, -0.000805855, -0.00347082, 0.00356315
0.373999, -2.44951, 0.181595, -2.4487, 0.185074, -0.000807762, -0.0034797, 0.00357223
0.374999, -2.44597, 0.183487, -2.44516, 0.186975, -0.000809669, -0.00348859, 0.00358131
0.375999, -2.44243, 0.185367, -2.44162, 0.188864, -0.000811577, -0.00349674, 0.00358968
0.376999, -2.4389, 0.187236, -2.43809, 0.190741, -0.000813723, -0.00350498, 0.00359819
0.377999, -2.43537, 0.189094, -2.43455, 0.192608, -0.00081563, -0.00351436, 0.00360777
0.378999, -2.43184, 0.190939, -2.43102, 0.194462, -0.000817776, -0.00352298, 0.00361665
0.379999, -2.42831, 0.192773, -2.4275, 0.196305, -0.000819921, -0.0035315, 0.00362543
0.380999, -2.42479, 0.194596, -2.42397, 0.198137, -0.000822067, -0.00354065, 0.00363483
0.381999, -2.42127, 0.196407, -2.42045, 0.199956, -0.000823736, -0.00354898, 0.00364332
0.382999, -2.41776, 0.198206, -2.41693, 0.201764, -0.000825882, -0.00355789, 0.00365249
0.383999, -2.41424, 0.199994, -2.41341, 0.20356, -0.000828028, -0.00356643, 0.00366129
0.384999, -2.41073, 0.20177, -2.4099, 0.205346, -0.000829935, -0.0035753, 0.00367036
0.385999, -2.40722, 0.203535, -2.40639, 0.207119, -0.000831842, -0.00358398, 0.00367925
0.386999, -2.40371, 0.205288, -2.40288, 0.208881, -0.000833988, -0.00359249, 0.00368803
0.387999, -2.40021, 0.20703, -2.39937, 0.210632, -0.000836134, -0.00360151, 0.00369729
0.388999, -2.39671, 0.208761, -2.39587, 0.212371, -0.000837803, -0.00360996, 0.0037059
0.389999, -2.39321, 0.210479, -2.39237, 0.214099, -0.000840187, -0.00361924, 0.00371548
0.390999, -2.38971, 0.212187, -2.38887, 0.215815, -0.000841856, -0.00362767, 0.00372407
0.391998, -2.38622, 0.213883, -2.38538, 0.217519, -0.000844002, -0.00363633, 0.00373299
0.392998, -2.38273, 0.215568, -2.38188, 0.219213, -0.000845909, -0.00364506, 0.00374193
0.393998, -2.37924, 0.217241, -2.37839, 0.220894, -0.000848055, -0.0036535, 0.00375063
0.394998, -2.37576, 0.218903, -2.37491, 0.222565, -0.000849962, -0.00366199, 0.00375934
0.395998, -2.37227, 0.220553, -2.37142, 0.224224, -0.000852108, -0.00367123, 0.00376882
0.396998, -2.36879, 0.222192, -2.36794, 0.225872, -0.000854015, -0.00367977, 0.00377757
0.397998, -2.36532, 0.22382, -2.36446, 0.227508, -0.000855923, -0.00368772, 0.00378575
0.398998, -2.36184, 0.225437, -2.36098, 0.229134, -0.00085783, -0.00369722, 0.00379543
0.399998, -2.35837, 0.227042, -2.35751, 0.230747, -0.000859737, -0.00370525, 0.00380368
0.400998, -2.3549, 0.228636, -2.35404, 0.23235, -0.000861645, -0.00371395, 0.00381259
0.401998, -2.35143, 0.230219, -2.35057, 0.233942, -0.000863552, -0.00372297, 0.00382181
0.402998, -2.34797, 0.23179, -2.3471, 0.235521, -0.000865459, -0.00373119, 0.00383025
0.403998, -2.34451, 0.23335, -2.34364, 0.23709, -0.000867367, -0.00374004, 0.0038393
0.404998, -2.34105, 0.234899, -2.34018, 0.238648, -0.000869274, -0.00374891, 0.00384837
0.405998, -2.33759, 0.236437, -2.33672, 0.240195, -0.000871181, -0.00375777, 0.00385744
0.406998, -2.33414, 0.237963, -2.33327, 0.241729, -0.000873089, -0.00376593, 0.00386581
0.407998, -2.33069, 0.239479, -2.32981, 0.243254, -0.000875235, -0.00377476, 0.0038749
0.408998, -2.32724, 0.240983, -2.32636, 0.244767, -0.000877142, -0.00378355, 0.0038839
0.409998, -2.32379, 0.242476, -2.32291, 0.246268, -0.000879049, -0.00379145, 0.00389202
0.410998, -2.32035, 0.243958, -2.31947, 0.247759, -0.000880957, -0.00380059, 0.00390135
0.411998, -2.31691, 0.245429, -2.31603, 0.249238, -0.000883102, -0.00380893, 0.00390996
0.412998, -2.31347, 0.246889, -2.31259, 0.250706, -0.00088501, -0.00381753, 0.00391877
0.413998, -2.31004, 0.248337, -2.30915, 0.252164, -0.000886917, -0.00382636, 0.00392781
0.414998, -2.3066, 0.249775, -2.30571, 0.25361, -0.000888824, -0.00383507, 0.00393672
0.415998, -2.30317, 0.251201, -2.30228, 0.255045, -0.000890732, -0.00384364, 0.0039455
0.416998, -2.29974, 0.252617, -2.29885, 0.256469, -0.000892878, -0.00385264, 0.00395475
0.417998, -2.29632, 0.254021, -2.29542, 0.257882, -0.000894785, -0.00386098, 0.00396331
0.418998, -2.2929, 0.255414, -2.292, 0.259284, -0.000896692, -0.00386915, 0.00397169
0.419998, -2.28948, 0.256797, -2.28858, 0.260675, -0.0008986, -0.00387782, 0.00398057
0.420998, -2.28606, 0.258168, -2.28516, 0.262055, -0.000900745, -0.00388661, 0.00398962
0.421998, -2.28264, 0.259529, -2.28174, 0.263423, -0.000902653, -0.00389484, 0.00399807
0.422998, -2.27923, 0.260878, -2.27833, 0.264782, -0.00090456, -0.00390351, 0.00400694
0.423998, -2.27582, 0.262217, -2.27492, 0.266128, -0.000906467, -0.00391179, 0.00401545
0.424998, -2.27241, 0.263544, -2.27151, 0.267465, -0.000908613, -0.00392041, 0.00402432
0.425998, -2.26901, 0.264861, -2.2681, 0.26879, -0.000910759, -0.00392944, 0.0040336
0.426998, -2.26561, 0.266167, -2.2647, 0.270105, -0.000912428, -0.00393781, 0.00404214
0.427998, -2.26221, 0.267462, -2.26129, 0.271408, -0.000914335, -0.00394621, 0.00405076
0.428998, -2.25881, 0.268746, -2.25789, 0.2727, -0.000916481, -0.00395465, 0.00405946
0.429998, -2.25542, 0.270019, -2.2545, 0.273982, -0.000918388, -0.00396344, 0.00406845
0.430998, -2.25202, 0.271281, -2.2511, 0.275253, -0.000920296, -0.00397211, 0.00407733
0.431998, -2.24863, 0.272533, -2.24771, 0.276513, -0.000922203, -0.00398064, 0.00408606
0.432998, -2.24525, 0.273773, -2.24432, 0.277762, -0.000924349, -0.00398877, 0.00409448
0.433998, -2.24186, 0.275003, -2.24094, 0.279001, -0.000926256, -0.00399756, 0.00410347
0.434998, -2.23848, 0.276222, -2.23755, 0.280228, -0.000928164, -0.00400594, 0.00411206
0.435998, -2.2351, 0.277431, -2.23417, 0.281445, -0.000930071, -0.00401422, 0.00412056
0.436998, -2.23172, 0.278628, -2.23079, 0.282652, -0.000932217, -0.00402313, 0.00412973
0.437998, -2.22835, 0.279815, -2.22742, 0.283847, -0.000934362, -0.00403196, 0.0041388
0.438998, -2.22498, 0.280991, -2.22404, 0.285031, -0.000936031, -0.00403994, 0.00414696
0.439998, -2.22161, 0.282157, -2.22067, 0.286205, -0.000938177, -0.00404862, 0.0041559
0.440998, -2.21824, 0.283312, -2.2173, 0.287369, -0.000940084, -0.00405726, 0.00416475
0.441998, -2.21488, 0.284456, -2.21393, 0.288521, -0.000941992, -0.00406548, 0.00417319
0.442998, -2.21151, 0.285589, -2.21057, 0.289663, -0.000943899, -0.00407401, 0.00418192
0.443998, -2.20816, 0.286712, -2.20721, 0.290794, -0.000945807, -0.00408247, 0.0041906
0.444998, -2.2048, 0.287824, -2.20385, 0.291915, -0.000947714, -0.0040912, 0.00419954
0.445998, -2.20144, 0.288925, -2.20049, 0.293025, -0.000949621, -0.00409946, 0.00420801
0.446998, -2.19809, 0.290016, -2.19714, 0.294124, -0.000951529, -0.00410798, 0.00421674
0.447998, -2.19474, 0.291096, -2.19379, 0.295213, -0.000953436, -0.00411671, 0.00422568
0.448998, -2.19139, 0.292166, -2.19044, 0.296291, -0.000955582, -0.00412494, 0.00423418
0.449998, -2.18805, 0.293225, -2.18709, 0.297359, -0.000957489, -0.00413373, 0.00424317
0.450998, -2.18471, 0.294274, -2.18375, 0.298415, -0.000959396, -0.00414163, 0.0042513
0.451998, -2.18137, 0.295312, -2.18041, 0.299462, -0.000961304, -0.00415042, 0.00426029
0.452998, -2.17803, 0.296339, -2.17707, 0.300498, -0.000963211, -0.004159, 0.00426908
0.453998, -2.1747, 0.297356, -2.17373, 0.301523, -0.000965118, -0.00416702, 0.00427733
0.454998, -2.17136, 0.298362, -2.1704, 0.302538, -0.000967026, -0.00417551, 0.00428603
0.455998, -2.16803, 0.299358, -2.16706, 0.303543, -0.000968933, -0.00418448, 0.0042952
0.456998, -2.1647, 0.300344, -2.16373, 0.304536, -0.00097084, -0.00419247, 0.00430341
0.457998, -2.16138, 0.301319, -2.16041, 0.305519, -0.000972509, -0.00420055, 0.00431166
0.458998, -2.15806, 0.302283, -2.15708, 0.306493, -0.000974417, -0.00420979, 0.00432109
0.459998, -2.15474, 0.303238, -2.15376, 0.307456, -0.000976562, -0.00421801, 0.00432958
0.460998, -2.15142, 0.304181, -2.15044, 0.308407, -0.00097847, -0.00422555, 0.00433736
0.461998, -2.1481, 0.305115, -2.14712, 0.30935, -0.000980377, -0.00423527, 0.00434726
0.462998, -2.14479, 0.306038, -2.14381, 0.310281, -0.000982285, -0.00424287, 0.00435509
0.463998, -2.14148, 0.30695, -2.1405, 0.311202, -0.000984192, -0.00425154, 0.00436397
0.464998, -2.13817, 0.307853, -2.13719, 0.312112, -0.000985861, -0.00425947, 0.00437207
0.465998, -2.13487, 0.308744, -2.13388, 0.313013, -0.000988007, -0.00426847, 0.00438132
0.466998, -2.13156, 0.309626, -2.13057, 0.313903, -0.000989676, -0.00427669, 0.00438971
0.467998, -2.12826, 0.310497, -2.12727, 0.314782, -0.000991821, -0.00428522, 0.0043985
0.468998, -2.12496, 0.311358, -2.12397, 0.315652, -0.000993729, -0.00429368, 0.00440717
0.469997, -2.12167, 0.312209, -2.12067, 0.31651, -0.000995636, -0.00430137, 0.0044151
0.470997, -2.11837, 0.313049, -2.11737, 0.317359, -0.000997782, -0.00431001, 0.004424
0.471997, -2.11508, 0.313879, -2.11408, 0.318198, -0.000999689, -0.00431857, 0.00443276
0.472997, -2.11179, 0.314699, -2.11079, 0.319026, -0.0010016, -0.00432664, 0.00444106
0.473997, -2.10851, 0.315509, -2.1075, 0.319844, -0.0010035, -0.00433564, 0.00445026
0.474997, -2.10522, 0.316308, -2.10422, 0.320652, -0.00100541, -0.00434378, 0.00445862
0.475997, -2.10194, 0.317097, -2.10093, 0.32145, -0.00100756, -0.00435248, 0.00446758
0.476997, -2.09866, 0.317876, -2.09765, 0.322236, -0.00100923, -0.00436029, 0.00447556
0.477997, -2.09538, 0.318645, -2.09437, 0.323014, -0.00101137, -0.00436899, 0.00448452
0.478997, -2.09211, 0.319404, -2.0911, 0.32378, -0.00101304, -0.00437641, 0.00449213
0.479997, -2.08884, 0.320152, -2.08782, 0.324538, -0.00101519, -0.00438577, 0.00450173
0.480997, -2.08557, 0.32089, -2.08455, 0.325284, -0.00101733, -0.00439382, 0.00451005
0.481997, -2.0823, 0.321618, -2.08128, 0.326021, -0.001019, -0.00440234, 0.00451873
0.482997, -2.07903, 0.322337, -2.07801, 0.326748, -0.00102091, -0.00441095, 0.00452755
0.483997, -2.07577, 0.323045, -2.07475, 0.327464, -0.00102258, -0.00441894, 0.00453571
0.484997, -2.07251, 0.323742, -2.07149, 0.328169, -0.00102448, -0.00442663, 0.00454363
0.485997, -2.06925, 0.32443, -2.06822, 0.328866, -0.00102663, -0.00443545, 0.00455271
0.486997, -2.066, 0.325108, -2.06497, 0.329552, -0.0010283, -0.00444362, 0.00456104
0.487997, -2.06274, 0.325776, -2.06171, 0.330228, -0.00103045, -0.00445217, 0.00456986
0.488997, -2.05949, 0.326433, -2.05846, 0.330894, -0.00103235, -0.00446004, 0.00457796
0.489997, -2.05624, 0.327081, -2.05521, 0.33155, -0.00103402, -0.00446862, 0.00458669
0.490997, -2.053, 0.327719, -2.05196, 0.332196, -0.00103617, -0.00447685, 0.00459519
0.491997, -2.04975, 0.328346, -2.04871, 0.332832, -0.00103807, -0.00448504, 0.00460361
0.492997, -2.04651, 0.328964, -2.04547, 0.333457, -0.00103974, -0.00449321, 0.00461194
0.493997, -2.04327, 0.329572, -2.04223, 0.334074, -0.00104165, -0.00450167, 0.00462061
0.494997, -2.04003, 0.33017, -2.03899, 0.33468, -0.00104356, -0.00451043, 0.00462958
0.495997, -2.0368, 0.330757, -2.03575, 0.335276, -0.00104547, -0.00451806, 0.00463744
0.496997, -2.03356, 0.331335, -2.03252, 0.335862, -0.00104713, -0.00452667, 0.00464621
0.497997, -2.03033, 0.331903, -2.02928, 0.336438, -0.00104928, -0.00453484, 0.00465465
0.498997, -2.02711, 0.332461, -2.02606, 0.337004, -0.00105119, -0.00454289, 0.00466292
0.499997, -2.02388, 0.33301, -2.02283, 0.33756, -0.00105286, -0.00455081, 0.00467102
0.500997, -2.02066, 0.333548, -2.0196, 0.338108, -0.00105476, -0.00455967, 0.00468007
0.501997, -2.01744, 0.334076, -2.01638, 0.338644, -0.00105691, -0.00456765, 0.00468834
0.502997, -2.01422, 0.334595, -2.01316, 0.339172, -0.00105858, -0.00457653, 0.00469737
0.503997, -2.011, 0.335104, -2.00994, 0.339688, -0.00106049, -0.00458452, 0.00470558
0.504997, -2.00779, 0.335603, -2.00672, 0.340195, -0.00106239, -0.00459233, 0.00471361
0.505997, -2.00457, 0.336092, -2.00351, 0.340693, -0.00106454, -0.004601, 0.00472255
0.506997, -2.00136, 0.336571, -2.0003, 0.34118, -0.00106645, -0.00460911, 0.00473088
0.507997, -1.99816, 0.337041, -1.99709, 0.341658, -0.00106835, -0.00461769, 0.00473967
0.508997, -1.99495, 0.337501, -1.99388, 0.342126, -0.00107002, -0.00462568, 0.00474783
0.509997, -1.99175, 0.337951, -1.99068, 0.342584, -0.00107205, -0.00463375, 0.00475615
0.510997, -1.98855, 0.338391, -1.98748, 0.343033, -0.00107396, -0.00464192, 0.00476454
0.511997, -1.98535, 0.338821, -1.98428, 0.343471, -0.00107574, -0.00464982, 0.00477263
0.512997, -1.98215, 0.339242, -1.98108, 0.3439, -0.00107765, -0.00465813, 0.00478116
0.513997, -1.97896, 0.339653, -1.97788, 0.34432, -0.00107968, -0.00466648, 0.00478975
0.514997, -1.97577, 0.340055, -1.97469, 0.344729, -0.00108159, -0.00467449, 0.00479799
0.515997, -1.97258, 0.340447, -1.9715, 0.345129, -0.00108337, -0.00468254, 0.00480623
0.516997, -1.96939, 0.340829, -1.96831, 0.34552, -0.0010854, -0.00469133, 0.00481526
0.517997, -1.96621, 0.341201, -1.96512, 0.345901, -0.00108707, -0.00469938, 0.00482347
0.518997, -1.96303, 0.341564, -1.96194, 0.346272, -0.00108886, -0.00470743, 0.00483172
0.519997, -1.95985, 0.341917, -1.95876, 0.346633, -0.00109076, -0.0047158, 0.0048403
0.520997, -1.95667, 0.342261, -1.95557, 0.346985, -0.00109279, -0.00472414, 0.00484889
0.521997, -1.95349, 0.342595, -1.9524, 0.347327, -0.00109494, -0.00473207, 0.0048571
0.522997, -1.95032, 0.342919, -1.94922, 0.34766, -0.00109661, -0.00474063, 0.00486581
0.523997, -1.94715, 0.343234, -1.94605, 0.347983, -0.00109863, -0.00474876, 0.00487419
0.524997, -1.94398, 0.343539, -1.94288, 0.348295, -0.0011003, -0.00475609, 0.00488171
0.525997, -1.94081, 0.343835, -1.93971, 0.348599, -0.00110197, -0.00476438, 0.00489016
0.526997, -1.93765, 0.344121, -1.93654, 0.348894, -0.00110376, -0.00477254, 0.00489852
0.527997, -1.93448, 0.344398, -1.93338, 0.349179, -0.0011059, -0.00478095, 0.00490719
0.528997, -1.93132, 0.344665, -1.93022, 0.349454, -0.00110757, -0.00478885, 0.00491526
0.529997, -1.92817, 0.344922, -1.92706, 0.349719, -0.0011096, -0.00479695, 0.00492361
0.530997, -1.92501, 0.345171, -1.9239, 0.349976, -0.00111163, -0.00480559, 0.00493249
0.531997, -1.92186, 0.345409, -1.92074, 0.350223, -0.0011133, -0.00481334, 0.00494041
0.532997, -1.91871, 0.345638, -1.91759, 0.35046, -0.0011152, -0.0048216, 0.00494889
0.533997, -1.91556, 0.345858, -1.91444, 0.350688, -0.00111699, -0.00483, 0.00495748
0.534997, -1.91241, 0.346069, -1.91129, 0.350907, -0.00111902, -0.0048382, 0.00496592
0.535997, -1.90926, 0.346269, -1.90814, 0.351116, -0.00112069, -0.00484616, 0.00497405
0.536997, -1.90612, 0.346461, -1.905, 0.351314, -0.00112236, -0.00485352, 0.0049816
0.537997, -1.90298, 0.346643, -1.90186, 0.351505, -0.00112426, -0.0048624, 0.00499068
0.538997, -1.89984, 0.346816, -1.89872, 0.351686, -0.00112605, -0.0048703, 0.00499878
0.539997, -1.89671, 0.346979, -1.89558, 0.351857, -0.00112784, -0.00487792, 0.00500661
0.540997, -1.89357, 0.347133, -1.89244, 0.352019, -0.00112963, -0.00488633, 0.0050152
0.541997, -1.89044, 0.347278, -1.88931, 0.352172, -0.00113153, -0.00489444, 0.00502353
0.542997, -1.88731, 0.347413, -1.88618, 0.352315, -0.00113344, -0.00490257, 0.00503189
0.543997, -1.88418, 0.347539, -1.88305, 0.35245, -0.00113535, -0.00491074, 0.00504027
0.544997, -1.88106, 0.347655, -1.87992, 0.352574, -0.00113702, -0.0049189, 0.00504861
0.545997, -1.87794, 0.347763, -1.8768, 0.352689, -0.00113904, -0.004926, 0.00505597
0.546997, -1.87482, 0.347861, -1.87367, 0.352796, -0.00114107, -0.00493523, 0.00506543
0.547997, -1.8717, 0.34795, -1.87055, 0.352892, -0.00114262, -0.00494266, 0.00507301
0.548997, -1.86858, 0.348029, -1.86744, 0.35298, -0.00114465, -0.00495112, 0.00508171
0.549996, -1.86547, 0.348099, -1.86432, 0.353058, -0.00114644, -0.00495881, 0.00508961
0.550996, -1.86235, 0.34816, -1.86121, 0.353127, -0.00114822, -0.00496644, 0.00509744
0.551996, -1.85924, 0.348212, -1.85809, 0.353187, -0.00115001, -0.00497508, 0.00510627
0.552996, -1.85614, 0.348255, -1.85498, 0.353238, -0.0011518, -0.00498292, 0.00511431
0.553996, -1.85303, 0.348288, -1.85188, 0.353279, -0.00115383, -0.00499064, 0.00512228
0.554996, -1.84993, 0.348312, -1.84877, 0.353311, -0.00115538, -0.00499898, 0.00513076
0.555996, -1.84683, 0.348327, -1.84567, 0.353335, -0.0011574, -0.00500721, 0.00513923
0.556996, -1.84373, 0.348333, -1.84257, 0.353349, -0.00115919, -0.00501528, 0.0051475
0.557996, -1.84063, 0.34833, -1.83947, 0.353353, -0.00116098, -0.0050225, 0.00515493
0.558996, -1.83753, 0.348318, -1.83637, 0.353349, -0.00116301, -0.00503135, 0.00516401
0.559996, -1.83444, 0.348296, -1.83328, 0.353335, -0.00116467, -0.00503859, 0.00517145
0.560996, -1.83135, 0.348265, -1.83018, 0.353313, -0.00116658, -0.00504744, 0.0051805
0.561996, -1.82826, 0.348226, -1.82709, 0.353281, -0.00116825, -0.00505501, 0.00518825
0.562996, -1.82517, 0.348177, -1.824, 0.35324, -0.00117016, -0.00506309, 0.00519655
0.563996, -1.82209, 0.348119, -1.82092, 0.35319, -0.00117207, -0.00507095, 0.00520464
0.564996, -1.81901, 0.348052, -1.81783, 0.353131, -0.00117385, -0.0050793, 0.00521318
0.565996, -1.81593, 0.347976, -1.81475, 0.353063, -0.00117564, -0.00508705, 0.00522113
0.566996, -1.81285, 0.347891, -1.81167, 0.352985, -0.00117743, -0.00509453, 0.00522882
0.567996, -1.80977, 0.347797, -1.80859, 0.352899, -0.00117934, -0.00510281, 0.00523732
0.568996, -1.8067, 0.347693, -1.80552, 0.352805, -0.00118101, -0.00511155, 0.00524621
0.569996, -1.80363, 0.347581, -1.80244, 0.352701, -0.00118315, -0.00511926, 0.00525421
0.570996, -1.80056, 0.34746, -1.79937, 0.352587, -0.0011847, -0.00512668, 0.00526179
0.571996, -1.79749, 0.34733, -1.7963, 0.352465, -0.00118649, -0.00513449, 0.0052698
0.572996, -1.79442, 0.347191, -1.79324, 0.352334, -0.0011884, -0.00514269, 0.00527821
0.573996, -1.79136, 0.347043, -1.79017, 0.352193, -0.00119007, -0.00515056, 0.00528625
0.574996, -1.7883, 0.346886, -1.78711, 0.352044, -0.00119185, -0.00515842, 0.00529432
0.575996, -1.78524, 0.34672, -1.78405, 0.351887, -0.00119388, -0.00516665, 0.00530279
0.576996, -1.78218, 0.346545, -1.78099, 0.35172, -0.00119579, -0.00517449, 0.00531086
0.577996, -1.77913, 0.346361, -1.77793, 0.351543, -0.00119722, -0.00518194, 0.00531844
0.578996, -1.77608, 0.346169, -1.77488, 0.351359, -0.00119925, -0.00519043, 0.00532717
0.579996, -1.77302, 0.345967, -1.77182, 0.351166, -0.00120115, -0.00519851, 0.00533547
0.580996, -1.76998, 0.345757, -1.76877, 0.350963, -0.00120282, -0.00520617, 0.00534331
0.581996, -1.76693, 0.345537, -1.76572, 0.350751, -0.00120461, -0.00521374, 0.00535109
0.582996, -1.76388, 0.345309, -1.76268, 0.350531, -0.00120652, -0.00522158, 0.00535915
0.583996, -1.76084, 0.345072, -1.75963, 0.350303, -0.00120842, -0.0052304, 0.00536818
0.584996, -1.7578, 0.344826, -1.75659, 0.350064, -0.00120997, -0.00523731, 0.00537526
0.585996, -1.75476, 0.344572, -1.75355, 0.349818, -0.00121188, -0.00524589, 0.00538406
0.586996, -1.75172, 0.344308, -1.75051, 0.349562, -0.00121367, -0.00525361, 0.00539198
0.587996, -1.74869, 0.344036, -1.74747, 0.349298, -0.00121534, -0.00526154, 0.00540008
0.588996, -1.74566, 0.343755, -1.74444, 0.349024, -0.00121725, -0.00526896, 0.00540774
0.589996, -1.74263, 0.343465, -1.74141, 0.348743, -0.00121927, -0.00527763, 0.00541664
0.590996, -1.7396, 0.343167, -1.73838, 0.348452, -0.0012207, -0.0052847, 0.00542385
0.591996, -1.73657, 0.34286, -1.73535, 0.348152, -0.00122273, -0.00529227, 0.00543168
0.592996, -1.73355, 0.342544, -1.73232, 0.347845, -0.00122464, -0.00530106, 0.00544068
0.593996, -1.73053, 0.342219, -1.7293, 0.347528, -0.00122643, -0.00530893, 0.00544874
0.594996, -1.72751, 0.341886, -1.72628, 0.347202, -0.00122809, -0.00531656, 0.00545655
0.595996, -1.72449, 0.341543, -1.72326, 0.346867, -0.00122964, -0.00532395, 0.0054641
0.596996, -1.72147, 0.341193, -1.72024, 0.346524, -0.00123131, -0.00533181, 0.00547215
0.597996, -1.71846, 0.340833, -1.71722, 0.346173, -0.00123334, -0.00534013, 0.0054807
0.598996, -1.71544, 0.340465, -1.71421, 0.345813, -0.00123525, -0.00534779, 0.00548859
0.599996, -1.71243, 0.340088, -1.7112, 0.345444, -0.00123703, -0.00535589, 0.0054969
0.600996, -1.70943, 0.339703, -1.70819, 0.345066, -0.0012387, -0.0053637, 0.00550488
0.601996, -1.70642, 0.339309, -1.70518, 0.344679, -0.00124025, -0.00537083, 0.00551217
0.602996, -1.70342, 0.338906, -1.70217, 0.344285, -0.0012424, -0.00537869, 0.00552032
0.603996, -1.70041, 0.338495, -1.69917, 0.343881, -0.00124407, -0.00538695, 0.00552874
0.604996, -1.69741, 0.338075, -1.69617, 0.34347, -0.00124586, -0.00539488, 0.00553686
0.605996, -1.69442, 0.337646, -1.69317, 0.343049, -0.00124776, -0.00540245, 0.00554467
0.606996, -1.69142, 0.337209, -1.69017, 0.342619, -0.00124931, -0.00541034, 0.00555271
0.607996, -1.68843, 0.336763, -1.68717, 0.342182, -0.00125134, -0.00541857, 0.00556118
0.608996, -1.68543, 0.336309, -1.68418, 0.341735, -0.00125301, -0.00542605, 0.00556885
0.609996, -1.68244, 0.335847, -1.68119, 0.34128, -0.0012548, -0.0054335, 0.00557651
0.610996, -1.67946, 0.335375, -1.6782, 0.340817, -0.0012567, -0.00544196, 0.00558518
0.611996, -1.67647, 0.334896, -1.67521, 0.340345, -0.00125813, -0.0054493, 0.00559265
0.612996, -1.67348, 0.334407, -1.67222, 0.339865, -0.00126016, -0.00545725, 0.00560086
0.613996, -1.6705, 0.333911, -1.66924, 0.339375, -0.00126171, -0.00546476, 0.00560852
0.614996, -1.66752, 0.333405, -1.66626, 0.338878, -0.00126362, -0.00547251, 0.0056165
0.615996, -1.66454, 0.332892, -1.66328, 0.338372, -0.00126553, -0.00548017, 0.0056244
0.616996, -1.66157, 0.33237, -1.6603, 0.337857, -0.00126708, -0.00548768, 0.00563206
0.617996, -1.65859, 0.331839, -1.65732, 0.337335, -0.00126898, -0.00549614, 0.00564074
0.618996, -1.65562, 0.3313, -1.65435, 0.336803, -0.00127065, -0.00550339, 0.00564817
0.619996, -1.65265, 0.330752, -1.65138, 0.336264, -0.00127244, -0.00551119, 0.00565618
0.620996, -1.64968, 0.330197, -1.64841, 0.335716, -0.00127423, -0.00551918, 0.00566436
0.621996, -1.64672, 0.329632, -1.64544, 0.335159, -0.00127602, -0.00552663, 0.00567203
0.622996, -1.64375, 0.32906, -1.64247, 0.334594, -0.00127769, -0.00553459, 0.00568015
0.623996, -1.64079, 0.328479, -1.63951, 0.33402, -0.00127959, -0.00554165, 0.00568747
0.624996, -1.63783, 0.327889, -1.63655, 0.333439, -0.00128114, -0.00554955, 0.00569551
0.625996, -1.63487, 0.327291, -1.63359, 0.332849, -0.00128293, -0.0055576, 0.00570375
0.626996, -1.63191, 0.326685, -1.63063, 0.332251, -0.00128496, -0.0055654, 0.00571182
0.627995, -1.62896, 0.326071, -1.62767, 0.331644, -0.00128651, -0.00557333, 0.00571989
0.628995, -1.62601, 0.325448, -1.62472, 0.331029, -0.00128841, -0.00558063, 0.00572743
0.629995, -1.62305, 0.324817, -1.62176, 0.330405, -0.00129008, -0.00558838, 0.00573536
0.630995, -1.62011, 0.324178, -1.61881, 0.329773, -0.00129175, -0.00559583, 0.00574299
0.631995, -1.61716, 0.32353, -1.61586, 0.329134, -0.00129342, -0.00560409, 0.00575141
0.632995, -1.61421, 0.322874, -1.61292, 0.328485, -0.00129521, -0.00561094, 0.00575849
0.633995, -1.61127, 0.32221, -1.60997, 0.327828, -0.00129676, -0.00561821, 0.00576593
0.634995, -1.60833, 0.321537, -1.60703, 0.327164, -0.00129879, -0.00562695, 0.00577489
0.635995, -1.60539, 0.320856, -1.60409, 0.32649, -0.00130033, -0.00563356, 0.00578169
0.636995, -1.60245, 0.320168, -1.60115, 0.325809, -0.00130212, -0.00564125, 0.00578958
0.637995, -1.59952, 0.31947, -1.59821, 0.32512, -0.00130415, -0.00565001, 0.00579857
0.638995, -1.59658, 0.318765, -1.59528, 0.324422, -0.0013057, -0.00565735, 0.00580607
0.639995, -1.59365, 0.318051, -1.59234, 0.323717, -0.00130749, -0.00566536, 0.00581428
0.640995, -1.59072, 0.317329, -1.58941, 0.323002, -0.00130904, -0.00567228, 0.00582137
0.641995, -1.58779, 0.316599, -1.58648, 0.322279, -0.00131059, -0.00567985, 0.00582909
0.642995, -1.58487, 0.315861, -1.58355, 0.321549, -0.00131261, -0.00568807, 0.00583756
0.643995, -1.58194, 0.315115, -1.58063, 0.32081, -0.00131416, -0.00569516, 0.00584482
0.644995, -1.57902, 0.314361, -1.57771, 0.320063, -0.00131595, -0.00570256, 0.00585242
0.645995, -1.5761, 0.313598, -1.57478, 0.319309, -0.0013175, -0.00571057, 0.00586058
0.646995, -1.57318, 0.312827, -1.57186, 0.318546, -0.00131953, -0.00571847, 0.00586874
0.647995, -1.57027, 0.312048, -1.56894, 0.317774, -0.00132108, -0.00572592, 0.00587634
0.648995, -1.56735, 0.311261, -1.56603, 0.316995, -0.00132287, -0.00573397, 0.00588459
0.649995, -1.56444, 0.310466, -1.56311, 0.316208, -0.00132477, -0.00574186, 0.00589271
0.650995, -1.56153, 0.309663, -1.5602, 0.315412, -0.0013262, -0.00574854, 0.00589954
0.651995, -1.55862, 0.308852, -1.55729, 0.314608, -0.00132787, -0.00575614, 0.00590732
0.652995, -1.55571, 0.308033, -1.55438, 0.313797, -0.00132978, -0.00576431, 0.0059157
0.653995, -1.55281, 0.307205, -1.55148, 0.312978, -0.00133169, -0.00577229, 0.00592391
0.654995, -1.5499, 0.30637, -1.54857, 0.312149, -0.00133324, -0.00577903, 0.00593083
0.655995, -1.547, 0.305527, -1.54567, 0.311314, -0.00133502, -0.00578699, 0.00593898
0.656995, -1.5441, 0.304675, -1.54277, 0.310469, -0.00133681, -0.00579402, 0.00594624
0.657995, -1.5412, 0.303816, -1.53987, 0.309618, -0.00133848, -0.00580192, 0.00595431
0.658995, -1.53831, 0.302949, -1.53697, 0.308758, -0.00134015, -0.00580922, 0.0059618
0.659995, -1.53541, 0.302073, -1.53407, 0.307891, -0.00134182, -0.00581771, 0.00597045
0.660995, -1.53252, 0.30119, -1.53118, 0.307014, -0.00134361, -0.00582454, 0.0059775
0.661995, -1.52963, 0.300298, -1.52829, 0.306131, -0.0013454, -0.00583217, 0.00598534
0.662995, -1.52674, 0.299399, -1.5254, 0.305239, -0.00134706, -0.00584024, 0.00599358
0.663995, -1.52386, 0.298492, -1.52251, 0.304339, -0.00134873, -0.00584662, 0.00600017
0.664995, -1.52097, 0.297577, -1.51962, 0.303432, -0.00135052, -0.0058552, 0.00600894
0.665995, -1.51809, 0.296654, -1.51674, 0.302515, -0.00135231, -0.0058617, 0.00601567
0.666995, -1.51521, 0.295723, -1.51385, 0.301592, -0.00135398, -0.0058693, 0.00602345
0.667995, -1.51233, 0.294784, -1.51097, 0.300661, -0.00135565, -0.00587729, 0.00603161
0.668995, -1.50945, 0.293837, -1.5081, 0.299721, -0.0013572, -0.00588387, 0.00603837
0.669995, -1.50658, 0.292882, -1.50522, 0.298775, -0.00135922, -0.00589228, 0.00604702
0.670995, -1.5037, 0.29192, -1.50234, 0.297819, -0.00136089, -0.00589961, 0.00605454
0.671995, -1.50083, 0.290949, -1.49947, 0.296856, -0.00136244, -0.00590691, 0.006062
0.672995, -1.49796, 0.289971, -1.4966, 0.295885, -0.00136423, -0.00591421, 0.00606952
0.673995, -1.49509, 0.288985, -1.49373, 0.294908, -0.00136614, -0.00592256, 0.00607808
0.674995, -1.49223, 0.287991, -1.49086, 0.293921, -0.00136769, -0.0059298, 0.00608548
0.675995, -1.48936, 0.286989, -1.48799, 0.292926, -0.00136948, -0.00593698, 0.00609288
0.676995, -1.4865, 0.28598, -1.48513, 0.291925, -0.00137138, -0.00594518, 0.0061013
0.677995, -1.48364, 0.284962, -1.48227, 0.290915, -0.00137293, -0.00595221, 0.0061085
0.678995, -1.48078, 0.283937, -1.47941, 0.289896, -0.00137436, -0.00595918, 0.00611561
0.679995, -1.47792, 0.282904, -1.47655, 0.288871, -0.00137615, -0.00596678, 0.00612342
0.680995, -1.47507, 0.281864, -1.47369, 0.287838, -0.00137794, -0.00597462, 0.00613146
0.681995, -1.47221, 0.280815, -1.47083, 0.286797, -0.00137961, -0.00598198, 0.00613901
0.682995, -1.46936, 0.279759, -1.46798, 0.285749, -0.0013814, -0.00598994, 0.00614716
0.683995, -1.46651, 0.278695, -1.46513, 0.284693, -0.0013833, -0.00599742, 0.00615488
0.684995, -1.46366, 0.277624, -1.46228, 0.283628, -0.00138462, -0.00600439, 0.00616197
0.685995, -1.46082, 0.276544, -1.45943, 0.282556, -0.00138628, -0.00601193, 0.00616969
0.686995, -1.45797, 0.275457, -1.45658, 0.281476, -0.00138807, -0.00601897, 0.00617695
0.687995, -1.45513, 0.274362, -1.45374, 0.280389, -0.00138974, -0.00602689, 0.00618505
0.688995, -1.45229, 0.27326, -1.4509, 0.279295, -0.00139129, -0.00603461, 0.00619292
0.689995, -1.44945, 0.27215, -1.44806, 0.278191, -0.00139296, -0.00604144, 0.00619994
0.690995, -1.44661, 0.271032, -1.44522, 0.277081, -0.00139475, -0.00604913, 0.00620784
0.691995, -1.44378, 0.269907, -1.44238, 0.275963, -0.00139642, -0.00605625, 0.00621515
0.692995, -1.44094, 0.268774, -1.43954, 0.274837, -0.00139797, -0.00606385, 0.00622291
0.693995, -1.43811, 0.267633, -1.43671, 0.273705, -0.00139964, -0.00607157, 0.0062308
0.694995, -1.43528, 0.266485, -1.43388, 0.272564, -0.00140142, -0.00607941, 0.00623884
0.695995, -1.43245, 0.265329, -1.43105, 0.271415, -0.00140309, -0.00608629, 0.00624593
0.696995, -1.42962, 0.264165, -1.42822, 0.270258, -0.00140464, -0.00609291, 0.00625272
0.697995, -1.4268, 0.262994, -1.42539, 0.269094, -0.00140631, -0.0061003, 0.0062603
0.698995, -1.42398, 0.261815, -1.42257, 0.267924, -0.00140798, -0.00610849, 0.00626866
0.699995, -1.42115, 0.260629, -1.41974, 0.266744, -0.00140977, -0.00611496, 0.00627536
0.700995, -1.41833, 0.259435, -1.41692, 0.265558, -0.00141144, -0.00612292, 0.00628349
0.701995, -1.41552, 0.258234, -1.4141, 0.264364, -0.00141323, -0.00613019, 0.00629098
0.702995, -1.4127, 0.257025, -1.41128, 0.263162, -0.0014149, -0.00613713, 0.00629812
0.703995, -1.40989, 0.255808, -1.40847, 0.261954, -0.00141656, -0.00614518, 0.00630634
0.704994, -1.40707, 0.254584, -1.40565, 0.260737, -0.00141811, -0.00615251, 0.00631383
0.705994, -1.40426, 0.253353, -1.40284, 0.259513, -0.00141978, -0.00615984, 0.00632135
0.706994, -1.40145, 0.252114, -1.40003, 0.258281, -0.00142145, -0.00616682, 0.00632852
0.707994, -1.39864, 0.250867, -1.39722, 0.257042, -0.00142324, -0.00617447, 0.00633638
0.708994, -1.39584, 0.249613, -1.39441, 0.255796, -0.00142491, -0.00618212, 0.00634421
0.709994, -1.39303, 0.248352, -1.39161, 0.254541, -0.00142658, -0.00618936, 0.00635164
0.710994, -1.39023, 0.247083, -1.3888, 0.253279, -0.00142837, -0.0061962, 0.00635871
0.711994, -1.38743, 0.245807, -1.386, 0.25201, -0.00142968, -0.0062037, 0.0063663
0.712994, -1.38463, 0.244523, -1.3832, 0.250734, -0.00143158, -0.00621112, 0.00637396
0.713994, -1.38184, 0.243232, -1.3804, 0.249451, -0.00143325, -0.00621882, 0.00638185
0.714994, -1.37904, 0.241933, -1.37761, 0.24816, -0.0014348, -0.00622644, 0.00638961
0.715994, -1.37625, 0.240627, -1.37481, 0.24686, -0.00143635, -0.00623251, 0.00639589
0.716994, -1.37346, 0.239314, -1.37202, 0.245554, -0.00143826, -0.00624028, 0.00640388
0.717994, -1.37066, 0.237993, -1.36923, 0.24424, -0.00143969, -0.00624757, 0.0064113
0.718994, -1.36788, 0.236664, -1.36644, 0.24292, -0.00144148, -0.00625545, 0.00641938
0.719994, -1.36509, 0.235329, -1.36365, 0.241591, -0.00144303, -0.00626175, 0.00642587
0.720994, -1.3623, 0.233986, -1.36086, 0.240256, -0.00144494, -0.00626969, 0.00643404
0.721994, -1.35952, 0.232636, -1.35808, 0.238912, -0.00144637, -0.00627677, 0.00644126
0.722994, -1.35674, 0.231278, -1.35529, 0.237562, -0.00144827, -0.00628369, 0.00644843
0.723994, -1.35396, 0.229913, -1.35251, 0.236204, -0.00144982, -0.00629149, 0.00645638
0.724994, -1.35118, 0.228541, -1.34973, 0.234839, -0.00145161, -0.00629875, 0.00646386
0.725994, -1.34841, 0.227161, -1.34695, 0.233467, -0.00145316, -0.00630581, 0.00647109
0.726994, -1.34563, 0.225774, -1.34418, 0.232087, -0.00145471, -0.00631267, 0.00647811
0.727994, -1.34286, 0.22438, -1.3414, 0.230699, -0.00145638, -0.00631967, 0.00648531
0.728994, -1.34009, 0.222978, -1.33863, 0.229306, -0.00145805, -0.00632788, 0.00649369
0.729994, -1.33732, 0.221569, -1.33586, 0.227904, -0.00145972, -0.00633442, 0.00650044
0.730994, -1.33455, 0.220153, -1.33309, 0.226495, -0.00146115, -0.00634179, 0.00650793
0.731994, -1.33178, 0.21873, -1.33032, 0.225079, -0.00146294, -0.00634925, 0.00651561
0.732994, -1.32902, 0.217299, -1.32755, 0.223656, -0.00146449, -0.00635645, 0.00652297
0.733994, -1.32625, 0.215862, -1.32479, 0.222225, -0.00146627, -0.00636338, 0.00653012
0.734994, -1.32349, 0.214417, -1.32203, 0.220788, -0.00146782, -0.0063711, 0.00653799
0.735994, -1.32073, 0.212964, -1.31926, 0.219342, -0.00146937, -0.0063778, 0.00654488
0.736994, -1.31798, 0.211505, -1.3165, 0.217891, -0.00147116, -0.00638564, 0.00655292
0.737994, -1.31522, 0.210038, -1.31375, 0.21643, -0.00147271, -0.00639209, 0.00655955
0.738994, -1.31247, 0.208565, -1.31099, 0.214965, -0.00147426, -0.0064, 0.00656761
0.739994, -1.30971, 0.207083, -1.30824, 0.21349, -0.00147605, -0.00640687, 0.00657471
0.740994, -1.30696, 0.205595, -1.30548, 0.212009, -0.0014776, -0.00641412, 0.00658211
0.741994, -1.30421, 0.2041, -1.30273, 0.210521, -0.00147915, -0.00642066, 0.00658883
0.742994, -1.30146, 0.202597, -1.29998, 0.209026, -0.0014807, -0.00642826, 0.00659659
0.743994, -1.29872, 0.201088, -1.29724, 0.207523, -0.00148225, -0.0064355, 0.00660399
0.744994, -1.29597, 0.199571, -1.29449, 0.206013, -0.0014838, -0.006442, 0.00661067
0.745994, -1.29323, 0.198047, -1.29174, 0.204497, -0.00148535, -0.00644989, 0.00661871
0.746994, -1.29049, 0.196516, -1.289, 0.202974, -0.00148714, -0.00645739, 0.00662642
0.747994, -1.28775, 0.194978, -1.28626, 0.201442, -0.00148869, -0.00646377, 0.00663298
0.748994, -1.28501, 0.193433, -1.28352, 0.199904, -0.00149047, -0.00647151, 0.00664093
0.749994, -1.28227, 0.191881, -1.28078, 0.198359, -0.00149202, -0.00647883, 0.00664841
0.750994, -1.27954, 0.190321, -1.27805, 0.196806, -0.00149345, -0.006485, 0.00665474
0.751994, -1.27681, 0.188755, -1.27531, 0.195248, -0.00149512, -0.00649323, 0.00666314
0.752994, -1.27408, 0.187181, -1.27258, 0.193681, -0.00149679, -0.0064992, 0.00666933
0.753994, -1.27135, 0.185601, -1.26985, 0.192108, -0.00149846, -0.00650686, 0.00667717
0.754994, -1.26862, 0.184013, -1.26712, 0.190527, -0.00150013, -0.00651404, 0.00668454
0.755994, -1.26589, 0.182419, -1.26439, 0.18894, -0.00150168, -0.00652111, 0.00669178
0.756994, -1.26317, 0.180817, -1.26166, 0.187346, -0.00150323, -0.00652839, 0.00669922
0.757994, -1.26044, 0.179209, -1.25894, 0.185745, -0.00150502, -0.00653589, 0.00670693
0.758994, -1.25772, 0.177593, -1.25622, 0.184136, -0.00150669, -0.00654252, 0.00671377
0.759994, -1.255, 0.17597, -1.25349, 0.18252, -0.00150812, -0.0065497, 0.00672109
0.760994, -1.25228, 0.174341, -1.25077, 0.180897, -0.00150955, -0.00655635, 0.00672788
0.761994, -1.24957, 0.172704, -1.24806, 0.179268, -0.0015111, -0.00656389, 0.00673558
0.762994, -1.24685, 0.171061, -1.24534, 0.177632, -0.00151312, -0.00657123, 0.00674319
0.763994, -1.24414, 0.16941, -1.24262, 0.175988, -0.00151443, -0.00657803, 0.00675011
0.764994, -1.24143, 0.167753, -1.23991, 0.174338, -0.0015161, -0.00658497, 0.00675725
0.765994, -1.23872, 0.166089, -1.2372, 0.17268, -0.00151777, -0.00659169, 0.00676417
0.766994, -1.23601, 0.164417, -1.23449, 0.171016, -0.00151932, -0.0065989, 0.00677155
0.767994, -1.2333, 0.162739, -1.23178, 0.169345, -0.00152111, -0.00660624, 0.0067791
0.768994, -1.2306, 0.161054, -1.22907, 0.167667, -0.0015223, -0.00661296, 0.00678591
0.769994, -1.22789, 0.159362, -1.22637, 0.165983, -0.00152445, -0.00662085, 0.00679409
0.770994, -1.22519, 0.157663, -1.22367, 0.164291, -0.00152576, -0.00662741, 0.00680077
0.771994, -1.22249, 0.155958, -1.22096, 0.162592, -0.00152755, -0.00663477, 0.00680835
0.772994, -1.21979, 0.154245, -1.21826, 0.160887, -0.00152898, -0.00664185, 0.00681557
0.773994, -1.21709, 0.152526, -1.21556, 0.159173, -0.00153029, -0.00664791, 0.00682177
0.774994, -1.2144, 0.150799, -1.21287, 0.157455, -0.00153232, -0.00665547, 0.00682959
0.775994, -1.2117, 0.149066, -1.21017, 0.155728, -0.00153375, -0.00666235, 0.00683662
0.776994, -1.20901, 0.147326, -1.20748, 0.153996, -0.00153542, -0.00666963, 0.00684408
0.777994, -1.20632, 0.145579, -1.20478, 0.152256, -0.00153697, -0.00667621, 0.00685084
0.778994, -1.20363, 0.143826, -1.20209, 0.150509, -0.00153863, -0.00668354, 0.00685836
0.779994, -1.20094, 0.142065, -1.1994, 0.148755, -0.00154006, -0.0066898, 0.00686478
0.780994, -1.19826, 0.140298, -1.19672, 0.146995, -0.00154161, -0.00669713, 0.00687228
0.781994, -1.19557, 0.138524, -1.19403, 0.145229, -0.00154352, -0.00670518, 0.00688055
0.782993, -1.19289, 0.136743, -1.19135, 0.143454, -0.00154483, -0.00671107, 0.00688657
0.783993, -1.19021, 0.134956, -1.18866, 0.141674, -0.00154662, -0.00671871, 0.00689443
0.784993, -1.18753, 0.133161, -1.18598, 0.139887, -0.00154805, -0.00672561, 0.00690147
0.785993, -1.18485, 0.13136, -1.1833, 0.138093, -0.00154984, -0.00673246, 0.00690855
0.786993, -1.18217, 0.129552, -1.18062, 0.136292, -0.00155151, -0.00673962, 0.0069159
0.787993, -1.1795, 0.127738, -1.17795, 0.134484, -0.00155306, -0.00674635, 0.00692281
0.788993, -1.17683, 0.125917, -1.17527, 0.13267, -0.00155425, -0.00675373, 0.00693026
0.789993, -1.17415, 0.124089, -1.1726, 0.130849, -0.00155616, -0.00676031, 0.00693711
0.790993, -1.17148, 0.122254, -1.16993, 0.129021, -0.00155771, -0.00676717, 0.00694414
0.791993, -1.16881, 0.120413, -1.16725, 0.127187, -0.00155914, -0.00677464, 0.00695174
0.792993, -1.16615, 0.118565, -1.16459, 0.125346, -0.00156093, -0.00678129, 0.00695862
0.793993, -1.16348, 0.11671, -1.16192, 0.123498, -0.0015626, -0.00678818, 0.00696571
0.794993, -1.16082, 0.114848, -1.15925, 0.121644, -0.00156391, -0.0067953, 0.00697294
0.795993, -1.15815, 0.11298, -1.15659, 0.119783, -0.00156558, -0.00680229, 0.00698013
0.796993, -1.15549, 0.111106, -1.15393, 0.117915, -0.00156736, -0.00680914, 0.0069872
0.797993, -1.15283, 0.109224, -1.15126, 0.11604, -0.00156879, -0.00681619, 0.0069944
0.798993, -1.15018, 0.107336, -1.14861, 0.114159, -0.00157011, -0.00682309, 0.00700141
0.799993, -1.14752, 0.105442, -1.14595, 0.112272, -0.00157201, -0.00683052, 0.00700908
0.800993, -1.14486, 0.10354, -1.14329, 0.110376, -0.00157356, -0.006836, 0.00701477
0.801993, -1.14221, 0.101632, -1.14064, 0.108476, -0.00157499, -0.00684379, 0.00702268
0.802993, -1.13956, 0.0997179, -1.13798, 0.106569, -0.00157654, -0.00685067, 0.00702973
0.803993, -1.13691, 0.0977968, -1.13533, 0.104654, -0.00157845, -0.00685734, 0.00703667
0.804993, -1.13426, 0.0958692, -1.13268, 0.102733, -0.00157964, -0.00686416, 0.00704358
0.805993, -1.13161, 0.093935, -1.13003, 0.100806, -0.00158119, -0.00687076, 0.00705036
0.806993, -1.12897, 0.0919942, -1.12738, 0.0988721, -0.00158286, -0.00687785, 0.00705764
0.807993, -1.12632, 0.0900469, -1.12474, 0.0969312, -0.00158441, -0.00688434, 0.00706431
0.808993, -1.12368, 0.088093, -1.12209, 0.094985, -0.00158608, -0.006892, 0.00707215
0.809993, -1.12104, 0.0861326, -1.11945, 0.0930313, -0.00158751, -0.0068987, 0.007079
0.810993, -1.1184, 0.0841656, -1.11681, 0.0910718, -0.00158906, -0.0069062, 0.00708666
0.811993, -1.11576, 0.0821922, -1.11417, 0.0891045, -0.00159073, -0.00691236, 0.00709303
0.812993, -1.11312, 0.0802122, -1.11153, 0.0871311, -0.00159228, -0.00691894, 0.0070998
0.813993, -1.11049, 0.0782257, -1.1089, 0.0851524, -0.00159383, -0.00692667, 0.00710768
0.814993, -1.10786, 0.0762327, -1.10626, 0.0831658, -0.0015955, -0.00693303, 0.00711424
0.815993, -1.10522, 0.0742333, -1.10363, 0.0811738, -0.00159681, -0.0069405, 0.00712182
0.816993, -1.10259, 0.0722273, -1.10099, 0.0791743, -0.0015986, -0.00694694, 0.0071285
0.817993, -1.09996, 0.0702149, -1.09836, 0.0771683, -0.00159979, -0.00695342, 0.00713508
0.818993, -1.09734, 0.0681961, -1.09574, 0.075156, -0.00160134, -0.00695992, 0.00714176
0.819993, -1.09471, 0.0661707, -1.09311, 0.0731382, -0.00160313, -0.0069675, 0.00714955
0.820993, -1.09209, 0.064139, -1.09048, 0.071113, -0.00160456, -0.00697402, 0.00715622
0.821993, -1.08946, 0.0621008, -1.08786, 0.069082, -0.00160611, -0.00698125, 0.00716362
0.822993, -1.08684, 0.0600561, -1.08523, 0.0670443, -0.00160766, -0.00698811, 0.00717065
0.823993, -1.08422, 0.0580051, -1.08261, 0.0649997, -0.00160933, -0.00699459, 0.00717734
0.824993, -1.0816, 0.0559477, -1.07999, 0.0629487, -0.00161076, -0.00700105, 0.00718396
0.825993, -1.07899, 0.0538838, -1.07737, 0.0608913, -0.00161231, -0.00700747, 0.00719056
0.826993, -1.07637, 0.0518136, -1.07476, 0.0588292, -0.00161386, -0.00701563, 0.00719886
0.827993, -1.07376, 0.0497369, -1.07214, 0.0567582, -0.00161529, -0.00702123, 0.00720464
0.828993, -1.07114, 0.0476539, -1.06953, 0.0546821, -0.00161695, -0.0070282, 0.00721181
0.829993, -1.06853, 0.0455646, -1.06691, 0.0526, -0.0016185, -0.00703546, 0.00721922
0.830993, -1.06592, 0.0434688, -1.0643, 0.0505111, -0.00162005, -0.00704227, 0.00722622
0.831993, -1.06332, 0.0413668, -1.06169, 0.0484158, -0.00162184, -0.00704901, 0.00723318
0.832993, -1.06071, 0.0392584, -1.05909, 0.046314, -0.00162303, -0.00705564, 0.00723991
0.833993, -1.0581, 0.0371436, -1.05648, 0.0442061, -0.0016247, -0.00706252, 0.00724699
0.834993, -1.0555, 0.0350225, -1.05387, 0.0420915, -0.00162625, -0.00706894, 0.00725359
0.835993, -1.0529, 0.0328952, -1.05127, 0.0399711, -0.00162804, -0.00707595, 0.00726082
0.836993, -1.0503, 0.0307615, -1.04867, 0.0378439, -0.00162935, -0.00708247, 0.00726747
0.837993, -1.0477, 0.0286215, -1.04607, 0.0357107, -0.00163102, -0.00708921, 0.00727441
0.838993, -1.0451, 0.0264752, -1.04347, 0.0335717, -0.00163245, -0.00709651, 0.00728185
0.839993, -1.0425, 0.0243226, -1.04087, 0.0314249, -0.00163388, -0.00710223, 0.00728775
0.840993, -1.03991, 0.0221638, -1.03827, 0.0292734, -0.00163531, -0.00710958, 0.00729523
0.841993, -1.03731, 0.0199987, -1.03568, 0.0271151, -0.0016371, -0.00711639, 0.00730227
0.842993, -1.03472, 0.0178274, -1.03308, 0.0249497, -0.00163841, -0.00712231, 0.00730833
0.843993, -1.03213, 0.0156498, -1.03049, 0.0227803, -0.0016402, -0.00713054, 0.00731675
0.844993, -1.02954, 0.0134659, -1.0279, 0.020602, -0.00164151, -0.00713607, 0.00732244
0.845993, -1.02696, 0.0112758, -1.02531, 0.0184187, -0.00164306, -0.00714283, 0.00732937
0.846993, -1.02437, 0.00907954, -1.02272, 0.0162296, -0.00164473, -0.00715009, 0.00733682
0.847993, -1.02178, 0.00687703, -1.02014, 0.0140338, -0.0016464, -0.00715677, 0.0073437
0.848993, -1.0192, 0.00466831, -1.01755, 0.0118312, -0.00164783, -0.00716285, 0.00734995
0.849993, -1.01662, 0.00245339, -1.01497, 0.00962281, -0.00164926, -0.00716942, 0.00735667
0.850993, -1.01404, 0.000232284, -1.01239, 0.00740838, -0.00165069, -0.0071761, 0.0073635
0.851993, -1.01146, -0.00199501, -1.00981, 0.00518858, -0.00165236, -0.00718359, 0.00737118
0.852993, -1.00888, -0.00422847, -1.00723, 0.00296092, -0.00165379, -0.00718939, 0.00737715
0.853993, -1.00631, -0.0064681, -1.00465, 0.00072825, -0.00165522, -0.00719635, 0.00738425
0.854993, -1.00373, -0.00871388, -1.00208, -0.0015105, -0.00165665, -0.00720338, 0.00739143
0.855993, -1.00116, -0.0109658, -0.999501, -0.00375605, -0.00165808, -0.00720977, 0.00739798
0.856993, -0.998587, -0.0132239, -0.996927, -0.00600731, -0.00165981, -0.00721658, 0.007405
0.857993, -0.996017, -0.0154881, -0.994355, -0.00826538, -0.0016613, -0.00722273, 0.00741132
0.858993, -0.993448, -0.0177584, -0.991785, -0.0105288, -0.00166303, -0.00722963, 0.00741844
0.859993, -0.99088, -0.0200349, -0.989216, -0.012798, -0.00166428, -0.00723693, 0.00742584
0.860992, -0.988314, -0.0223174, -0.986648, -0.0150743, -0.00166595, -0.00724319, 0.00743231
0.861992, -0.985749, -0.0246061, -0.984082, -0.0173566, -0.00166738, -0.00724947, 0.00743874
0.862992, -0.983186, -0.0269008, -0.981517, -0.0196437, -0.00166905, -0.00725718, 0.00744664
0.863992, -0.980624, -0.0292017, -0.978954, -0.0219393, -0.00167024, -0.0072624, 0.00745199
0.864992, -0.978064, -0.0315086, -0.976392, -0.0242388, -0.00167191, -0.00726976, 0.00745954
0.865992, -0.975505, -0.0338216, -0.973831, -0.0265452, -0.00167352, -0.0072764, 0.00746637
0.866992, -0.972947, -0.0361406, -0.971272, -0.0288579, -0.00167489, -0.00728265, 0.00747277
0.867992, -0.970391, -0.0384657, -0.968715, -0.0311764, -0.0016765, -0.00728924, 0.00747955
0.868992, -0.967836, -0.0407968, -0.966158, -0.0335003, -0.00167805, -0.0072965, 0.00748698
0.869992, -0.965283, -0.043134, -0.963604, -0.0358317, -0.00167912, -0.00730229, 0.00749286
0.870992, -0.962731, -0.0454772, -0.961051, -0.0381688, -0.00168061, -0.00730839, 0.00749913
0.871992, -0.960181, -0.0478264, -0.958498, -0.0405098, -0.00168258, -0.00731657, 0.00750754
0.872992, -0.957631, -0.0501816, -0.955947, -0.0428598, -0.00168401, -0.00732182, 0.00751298
0.873992, -0.955084, -0.0525428, -0.953398, -0.0452141, -0.00168544, -0.00732878, 0.00752009
0.874992, -0.952537, -0.0549101, -0.95085, -0.0475744, -0.00168681, -0.00733566, 0.0075271
0.875992, -0.949992, -0.0572833, -0.948304, -0.0499419, -0.00168842, -0.00734137, 0.00753302
0.876992, -0.947449, -0.0596625, -0.945759, -0.0523137, -0.00168973, -0.00734876, 0.00754053
0.877992, -0.944907, -0.0620476, -0.943216, -0.0546919, -0.00169104, -0.0073557, 0.00754758
0.878992, -0.942366, -0.0644387, -0.940673, -0.0570773, -0.00169277, -0.00736144, 0.00755356
0.879992, -0.939826, -0.0668358, -0.938132, -0.0594677, -0.0016942, -0.00736813, 0.0075604
0.880992, -0.937288, -0.0692388, -0.935593, -0.0618638, -0.00169581, -0.00737505, 0.0075675
0.881992, -0.934752, -0.0716478, -0.933055, -0.0642663, -0.00169718, -0.00738146, 0.00757406
0.882992, -0.932217, -0.0740627, -0.930518, -0.0666746, -0.00169873, -0.00738809, 0.00758087
0.883992, -0.929683, -0.0764835, -0.927983, -0.0690886, -0.00169998, -0.00739492, 0.00758781
0.884992, -0.92715, -0.0789102, -0.925449, -0.0715097, -0.00170165, -0.00740052, 0.00759364
0.885992, -0.924619, -0.0813429, -0.922916, -0.0739352, -0.00170326, -0.00740772, 0.00760102
0.886992, -0.922089, -0.0837814, -0.920385, -0.076367, -0.00170481, -0.00741439, 0.00760787
0.887992, -0.919561, -0.0862258, -0.917855, -0.0788053, -0.0017063, -0.00742052, 0.00761417
0.888992, -0.917034, -0.0886762, -0.915326, -0.0812486, -0.00170773, -0.00742752, 0.00762131
0.889992, -0.914508, -0.0911324, -0.912799, -0.0836991, -0.0017091, -0.00743325, 0.0076272
0.890992, -0.911984, -0.0935944, -0.910274, -0.0861539, -0.00171041, -0.00744055, 0.00763461
0.891992, -0.909461, -0.0960623, -0.90775, -0.0886158, -0.00171167, -0.00744656, 0.00764075
0.892992, -0.90694, -0.0985361, -0.905226, -0.0910827, -0.00171357, -0.00745342, 0.00764786
0.893992, -0.90442, -0.101016, -0.902705, -0.093556, -0.00171471, -0.00745969, 0.00765422
0.894992, -0.901901, -0.103501, -0.900184, -0.0960351, -0.00171649, -0.00746606, 0.00766084
0.895992, -0.899383, -0.105992, -0.897666, -0.0985199, -0.00171793, -0.00747255, 0.00766748
0.896992, -0.896867, -0.10849, -0.895148, -0.10101, -0.00171953, -0.00747914, 0.00767426
0.897992, -0.894353, -0.110993, -0.892632, -0.103507, -0.00172061, -0.00748582, 0.00768102
0.898992, -0.891839, -0.113501, -0.890117, -0.106009, -0.00172257, -0.00749259, 0.00768805
0.899992, -0.889327, -0.116016, -0.887604, -0.108518, -0.00172347, -0.007498, 0.00769352
0.900992, -0.886817, -0.118536, -0.885091, -0.111032, -0.00172526, -0.00750419, 0.00769996
0.901992, -0.884307, -0.121062, -0.882581, -0.113551, -0.00172675, -0.00751115, 0.00770708
0.902992, -0.881799, -0.123594, -0.880071, -0.116076, -0.00172836, -0.00751818, 0.00771429
0.903992, -0.879293, -0.126132, -0.877563, -0.118608, -0.00172967, -0.00752382, 0.00772008
0.904992, -0.876787, -0.128675, -0.875056, -0.121144, -0.0017311, -0.00753093, 0.00772733
0.905992, -0.874283, -0.131224, -0.872551, -0.123687, -0.00173271, -0.00753735, 0.00773395
0.906992, -0.871781, -0.133779, -0.870047, -0.126236, -0.0017342, -0.00754307, 0.00773986
0.907992, -0.86928, -0.13634, -0.867544, -0.12879, -0.00173563, -0.00755024, 0.00774716
0.908992, -0.86678, -0.138906, -0.865043, -0.131349, -0.00173694, -0.00755671, 0.00775376
0.909992, -0.864281, -0.141478, -0.862543, -0.133916, -0.00173837, -0.00756246, 0.00775968
0.910992, -0.861784, -0.144056, -0.860044, -0.136487, -0.00173998, -0.00756891, 0.00776633
0.911992, -0.859288, -0.14664, -0.857547, -0.139064, -0.00174123, -0.00757535, 0.00777289
0.912992, -0.856793, -0.149229, -0.85505, -0.141647, -0.00174284, -0.00758177, 0.00777951
0.913992, -0.8543, -0.151824, -0.852556, -0.144235, -0.00174433, -0.00758888, 0.00778677
0.914992, -0.851808, -0.154424, -0.850062, -0.14683, -0.00174552, -0.00759451, 0.00779252
0.915992, -0.849317, -0.15703, -0.84757, -0.14943, -0.00174707, -0.00760081, 0.00779902
0.916992, -0.846828, -0.159642, -0.845079, -0.152035, -0.00174874, -0.00760777, 0.00780617
0.917992, -0.84434, -0.16226, -0.84259, -0.154647, -0.00175005, -0.00761324, 0.00781179
0.918992, -0.841853, -0.164883, -0.840102, -0.157262, -0.00175148, -0.0076208, 0.00781948
0.919992, -0.839368, -0.167512, -0.837615, -0.159885, -0.00175256, -0.00762683, 0.0078256
0.920992, -0.836884, -0.170147, -0.835129, -0.162514, -0.00175446, -0.00763279, 0.00783184
0.921992, -0.834401, -0.172787, -0.832645, -0.165147, -0.00175577, -0.00764009, 0.00783925
0.922992, -0.831919, -0.175433, -0.830162, -0.167787, -0.0017572, -0.00764586, 0.00784519
0.923992, -0.829439, -0.178084, -0.827681, -0.170432, -0.00175828, -0.00765224, 0.00785164
0.924992, -0.826961, -0.180741, -0.825201, -0.173083, -0.00175995, -0.00765778, 0.00785742
0.925992, -0.824483, -0.183404, -0.822721, -0.175738, -0.0017615, -0.00766535, 0.00786514
0.926992, -0.822007, -0.186072, -0.820244, -0.178401, -0.00176269, -0.00767064, 0.00787057
0.927992, -0.819532, -0.188746, -0.817768, -0.181068, -0.00176424, -0.00767794, 0.00787803
0.928992, -0.817058, -0.191425, -0.815292, -0.183741, -0.00176591, -0.00768368, 0.00788399
0.929992, -0.814586, -0.19411, -0.812819, -0.18642, -0.00176716, -0.00768998, 0.00789042
0.930992, -0.812115, -0.1968, -0.810346, -0.189103, -0.00176853, -0.00769684, 0.0078974
0.931992, -0.809645, -0.199496, -0.807875, -0.191794, -0.00177002, -0.00770281, 0.00790356
0.932992, -0.807177, -0.202198, -0.805405, -0.194489, -0.00177139, -0.00770861, 0.00790952
0.933992, -0.80471, -0.204905, -0.802937, -0.19719, -0.00177282, -0.00771494, 0.00791601
0.934992, -0.802244, -0.207618, -0.800469, -0.199896, -0.00177437, -0.0077218, 0.00792304
0.935992, -0.799779, -0.210336, -0.798004, -0.202608, -0.00177556, -0.00772774, 0.0079291
0.936992, -0.797316, -0.21306, -0.795539, -0.205325, -0.00177705, -0.00773492, 0.00793643
0.937991, -0.794854, -0.215789, -0.793076, -0.208048, -0.00177842, -0.00774045, 0.00794213
0.938991, -0.792393, -0.218524, -0.790613, -0.210777, -0.00178009, -0.00774649, 0.00794838
0.939991, -0.789934, -0.221264, -0.788152, -0.213511, -0.0017814, -0.00775301, 0.00795504
0.940991, -0.787476, -0.22401, -0.785693, -0.21625, -0.00178277, -0.0077593, 0.00796147
0.941991, -0.785019, -0.226761, -0.783235, -0.218995, -0.00178427, -0.00776535, 0.0079677
0.942991, -0.782563, -0.229517, -0.780777, -0.221746, -0.00178581, -0.00777188, 0.00797441
0.943991, -0.780109, -0.23228, -0.778322, -0.224501, -0.00178695, -0.00777814, 0.00798076
0.944991, -0.777656, -0.235047, -0.775867, -0.227263, -0.00178844, -0.00778414, 0.00798695
0.945991, -0.775204, -0.23782, -0.773414, -0.23003, -0.00178999, -0.00778988, 0.00799289
0.946991, -0.772754, -0.240599, -0.770962, -0.232802, -0.00179136, -0.00779676, 0.00799991
0.947991, -0.770304, -0.243383, -0.768512, -0.235579, -0.00179285, -0.00780337, 0.00800667
0.948991, -0.767856, -0.246172, -0.766062, -0.238362, -0.0017944, -0.00780968, 0.00801318
0.949991, -0.76541, -0.248967, -0.763614, -0.241151, -0.00179553, -0.0078157, 0.0080193
0.950991, -0.762964, -0.251767, -0.761167, -0.243945, -0.00179696, -0.00782213, 0.00802588
0.951991, -0.76052, -0.254573, -0.758722, -0.246745, -0.00179821, -0.00782752, 0.00803142
0.952991, -0.758077, -0.257384, -0.756277, -0.24955, -0.00179976, -0.00783402, 0.0080381
0.953991, -0.755635, -0.2602, -0.753834, -0.252359, -0.00180095, -0.00784093, 0.0080451
0.954991, -0.753195, -0.263022, -0.751392, -0.255175, -0.00180292, -0.00784677, 0.00805123
0.955991, -0.750756, -0.265849, -0.748952, -0.257996, -0.00180376, -0.007853, 0.00805749
0.956991, -0.748318, -0.268682, -0.746512, -0.260823, -0.0018056, -0.00785887, 0.00806363
0.957991, -0.745881, -0.27152, -0.744074, -0.263654, -0.00180703, -0.00786582, 0.00807071
0.958991, -0.743446, -0.274363, -0.741637, -0.266491, -0.00180852, -0.00787169, 0.00807677
0.959991, -0.741012, -0.277212, -0.739202, -0.269334, -0.00180984, -0.0078772, 0.00808244
0.960991, -0.738579, -0.280066, -0.736768, -0.272183, -0.00181115, -0.00788304, 0.00808842
0.961991, -0.736147, -0.282925, -0.734334, -0.275034, -0.00181276, -0.00789064, 0.00809619
0.962991, -0.733717, -0.28579, -0.731903, -0.277894, -0.00181395, -0.00789571, 0.0081014
0.963991, -0.731288, -0.28866, -0.729472, -0.280757, -0.00181544, -0.00790253, 0.00810838
0.964991, -0.72886, -0.291535, -0.727043, -0.283626, -0.00181699, -0.00790894, 0.00811497
0.965991, -0.726433, -0.294416, -0.724615, -0.286501, -0.00181806, -0.00791493, 0.00812105
0.966991, -0.724007, -0.297301, -0.722188, -0.28938, -0.00181943, -0.00792122, 0.00812749
0.967991, -0.721583, -0.300193, -0.719762, -0.292265, -0.0018211, -0.00792781, 0.00813428
0.968991, -0.71916, -0.303089, -0.717338, -0.295157, -0.00182211, -0.00793251, 0.0081391
0.969991, -0.716738, -0.305991, -0.714915, -0.298052, -0.00182384, -0.00793892, 0.00814573
0.970991, -0.714318, -0.308898, -0.712493, -0.300952, -0.00182515, -0.0079456, 0.00815253
0.971991, -0.711899, -0.31181, -0.710072, -0.303859, -0.00182623, -0.00795111, 0.00815814
0.972991, -0.70948, -0.314728, -0.707653, -0.30677, -0.00182784, -0.00795761, 0.00816483
0.973991, -0.707064, -0.317651, -0.705234, -0.309687, -0.00182927, -0.00796363, 0.00817102
0.974991, -0.704648, -0.320579, -0.702817, -0.312609, -0.00183046, -0.00796989, 0.00817739
0.975991, -0.702233, -0.323512, -0.700402, -0.315536, -0.00183195, -0.00797567, 0.00818336
0.976991, -0.69982, -0.326451, -0.697987, -0.318469, -0.00183344, -0.00798166, 0.00818953
0.977991, -0.697408, -0.329394, -0.695574, -0.321406, -0.00183469, -0.00798789, 0.00819588
0.978991, -0.694997, -0.332343, -0.693161, -0.324349, -0.001836, -0.00799432, 0.00820245
0.979991, -0.692588, -0.335298, -0.69075, -0.327297, -0.00183755, -0.00800025, 0.00820857
0.980991, -0.69018, -0.338257, -0.688341, -0.330251, -0.00183892, -0.00800636, 0.00821483
0.981991, -0.687772, -0.341222, -0.685932, -0.333209, -0.00184005, -0.00801268, 0.00822125
0.982991, -0.685367, -0.344191, -0.683525, -0.336173, -0.00184166, -0.00801846, 0.00822724
0.983991, -0.682962, -0.347166, -0.681119, -0.339141, -0.00184304, -0.00802514, 0.00823405
0.984991, -0.680558, -0.350147, -0.678714, -0.342116, -0.0018447, -0.00803053, 0.00823969
0.985991, -0.678156, -0.353132, -0.67631, -0.345095, -0.0018459, -0.00803682, 0.00824608
0.986991, -0.675755, -0.356122, -0.673908, -0.348079, -0.00184709, -0.00804326, 0.00825262
0.987991, -0.673355, -0.359118, -0.671506, -0.351069, -0.00184852, -0.00804913, 0.00825866
0.988991, -0.670956, -0.362119, -0.669106, -0.354064, -0.00184995, -0.00805444, 0.00826415
0.989991, -0.668559, -0.365125, -0.666707, -0.357063, -0.00185138, -0.00806132, 0.00827118
0.990991, -0.666162, -0.368136, -0.66431, -0.360069, -0.00185263, -0.00806689, 0.0082769
0.991991, -0.663767, -0.371152, -0.661913, -0.363079, -0.00185388, -0.0080733, 0.00828342
0.992991, -0.661373, -0.374173, -0.659518, -0.366094, -0.00185537, -0.00807983, 0.00829011
0.993991, -0.658981, -0.3772, -0.657124, -0.369114, -0.00185663, -0.00808573, 0.00829615
0.994991, -0.656589, -0.380231, -0.654731, -0.37214, -0.00185835, -0.00809175, 0.0083024
0.995991, -0.654199, -0.383268, -0.652339, -0.375171, -0.00185961, -0.00809714, 0.00830794
0.996991, -0.65181, -0.38631, -0.649949, -0.378206, -0.00186104, -0.00810334, 0.0083143
0.997991, -0.649422, -0.389357, -0.647559, -0.381247, -0.00186247, -0.00810963, 0.00832075
0.998991, -0.647035, -0.392408, -0.645171, -0.384292, -0.00186342, -0.00811598, 0.00832715
0.999991, -0.644649, -0.395465, -0.642785, -0.387344, -0.00186461, -0.00812095, 0.00833227
1.00099, -0.642265, -0.398527, -0.640399, -0.3904, -0.00186628, -0.00812742, 0.00833894
1.00199, -0.639882, -0.401595, -0.638013, -0.393461, -0.00186819, -0.00813323, 0.00834503
1.00299, -0.637499, -0.404667, -0.63563, -0.396528, -0.00186956, -0.00813839, 0.00835037
1.00399, -0.635119, -0.407744, -0.633247, -0.399599, -0.00187117, -0.008145, 0.00835717
1.00499, -0.632739, -0.410826, -0.630866, -0.402675, -0.00187254, -0.00815165, 0.00836396
1.00599, -0.63036, -0.413913, -0.628486, -0.405757, -0.00187409, -0.0081569, 0.00836942
1.00699, -0.627983, -0.417006, -0.626108, -0.408844, -0.00187516, -0.00816217, 0.0083748
1.00799, -0.625607, -0.420103, -0.623729, -0.411935, -0.00187719, -0.00816816, 0.00838109
1.00899, -0.623232, -0.423205, -0.621353, -0.415031, -0.0018782, -0.00817418, 0.00838718
1.00999, -0.620858, -0.426313, -0.618978, -0.418133, -0.00187969, -0.00817949, 0.00839269
1.01099, -0.618485, -0.429425, -0.616603, -0.42124, -0.0018816, -0.00818548, 0.00839895
1.01199, -0.616113, -0.432543, -0.614231, -0.424352, -0.00188255, -0.00819075, 0.00840431
1.01299, -0.613743, -0.435665, -0.611859, -0.427468, -0.00188446, -0.00819671, 0.00841055
1.01399, -0.611374, -0.438792, -0.609488, -0.43059, -0.00188583, -0.00820264, 0.00841663
1.01499, -0.609006, -0.441924, -0.607118, -0.433716, -0.00188738, -0.00820854, 0.00842273
1.01599, -0.606639, -0.445062, -0.60475, -0.436848, -0.00188869, -0.0082137, 0.00842805
1.01699, -0.604273, -0.448204, -0.602383, -0.439984, -0.00189042, -0.00821951, 0.0084341
1.01799, -0.601909, -0.451351, -0.600017, -0.443126, -0.00189191, -0.00822529, 0.00844007
1.01899, -0.599545, -0.454503, -0.597652, -0.446272, -0.0018931, -0.00823101, 0.00844591
1.01999, -0.597183, -0.45766, -0.595288, -0.449423, -0.00189471, -0.00823736, 0.00845246
1.02099, -0.594822, -0.460822, -0.592926, -0.452579, -0.00189608, -0.00824293, 0.0084582
1.02199, -0.592462, -0.463989, -0.590564, -0.455741, -0.00189787, -0.00824842, 0.00846394
1.02299, -0.590103, -0.467161, -0.588203, -0.458907, -0.00189936, -0.00825453, 0.00847023
1.02399, -0.587745, -0.470338, -0.585845, -0.462078, -0.00190055, -0.00825983, 0.00847567
1.02499, -0.585388, -0.473519, -0.583486, -0.465254, -0.00190216, -0.00826576, 0.00848181
1.02599, -0.583033, -0.476706, -0.58113, -0.468434, -0.00190353, -0.00827157, 0.00848778
1.02699, -0.580679, -0.479897, -0.578773, -0.47162, -0.00190532, -0.0082773, 0.00849376
1.02799, -0.578326, -0.483094, -0.576419, -0.474812, -0.00190657, -0.00828218, 0.0084988
1.02899, -0.575974, -0.486295, -0.574066, -0.478007, -0.001908, -0.00828835, 0.00850513
1.02999, -0.573623, -0.489501, -0.571713, -0.481208, -0.00190961, -0.00829297, 0.00851
1.03099, -0.571273, -0.492712, -0.569362, -0.484413, -0.00191092, -0.00829887, 0.00851604
1.03199, -0.568924, -0.495928, -0.567012, -0.487623, -0.00191265, -0.00830534, 0.00852273
1.03299, -0.566577, -0.499149, -0.564663, -0.490837, -0.00191408, -0.00831166, 0.00852921
1.03399, -0.564231, -0.502374, -0.562315, -0.494057, -0.00191522, -0.00831711, 0.00853478
1.03499, -0.561885, -0.505605, -0.559969, -0.497282, -0.00191677, -0.00832242, 0.00854029
1.03599, -0.559541, -0.50884, -0.557623, -0.500512, -0.00191802, -0.0083282, 0.00854621
1.03699, -0.557198, -0.51208, -0.555279, -0.503746, -0.00191969, -0.00833386, 0.0085521
1.03799, -0.554857, -0.515325, -0.552935, -0.506985, -0.00192153, -0.00834006, 0.00855856
1.03899, -0.552516, -0.518574, -0.550593, -0.51023, -0.00192279, -0.00834465, 0.00856331
1.03999, -0.550176, -0.521829, -0.548252, -0.513478, -0.00192422, -0.00835043, 0.00856927
1.04099, -0.547838, -0.525088, -0.545913, -0.516732, -0.00192535, -0.00835603, 0.00857498
1.04199, -0.545501, -0.528352, -0.543574, -0.519991, -0.0019269, -0.0083614, 0.00858056
1.04299, -0.543164, -0.531621, -0.541236, -0.523254, -0.00192857, -0.0083673, 0.00858668
1.04399, -0.540829, -0.534895, -0.538899, -0.526523, -0.0019297, -0.00837225, 0.00859176
1.04499, -0.538495, -0.538173, -0.536564, -0.529795, -0.00193149, -0.00837839, 0.00859814
1.04599, -0.536162, -0.541456, -0.53423, -0.533073, -0.00193274, -0.00838357, 0.00860347
1.04699, -0.53383, -0.544744, -0.531896, -0.536354, -0.00193411, -0.00838995, 0.00861
1.04799, -0.5315, -0.548037, -0.529564, -0.539642, -0.0019359, -0.00839537, 0.00861568
1.04899, -0.52917, -0.551335, -0.527233, -0.542934, -0.00193733, -0.00840056, 0.00862106
1.04999, -0.526842, -0.554637, -0.524903, -0.54623, -0.00193846, -0.00840694, 0.00862753
1.05099, -0.524514, -0.557944, -0.522574, -0.549532, -0.00193995, -0.0084123, 0.00863309
1.05199, -0.522188, -0.561256, -0.520247, -0.552838, -0.00194162, -0.00841737, 0.0086384
1.05299, -0.519863, -0.564572, -0.51792, -0.556148, -0.00194317, -0.00842363, 0.00864485
1.05399, -0.517539, -0.567893, -0.515594, -0.559465, -0.00194442, -0.00842816, 0.00864954
1.05499, -0.515216, -0.571219, -0.51327, -0.562785, -0.00194556, -0.00843382, 0.00865532
1.05599, -0.512894, -0.57455, -0.510947, -0.566111, -0.00194734, -0.00843918, 0.00866095
1.05699, -0.510573, -0.577885, -0.508625, -0.56944, -0.00194854, -0.00844496, 0.00866685
1.05799, -0.508254, -0.581225, -0.506304, -0.572775, -0.00194985, -0.00845045, 0.00867248
1.05899, -0.505935, -0.58457, -0.503983, -0.576113, -0.00195158, -0.00845635, 0.00867862
1.05999, -0.503618, -0.587919, -0.501665, -0.579458, -0.00195295, -0.00846118, 0.00868363
1.06099, -0.501301, -0.591273, -0.499347, -0.582806, -0.00195444, -0.00846714, 0.00868978
1.06199, -0.498986, -0.594632, -0.49703, -0.586158, -0.00195584, -0.00847346, 0.00869625
1.06299, -0.496672, -0.597995, -0.494714, -0.589517, -0.00195715, -0.00847799, 0.00870096
1.06399, -0.494359, -0.601363, -0.4924, -0.59288, -0.00195858, -0.00848359, 0.00870674
1.06499, -0.492046, -0.604736, -0.490086, -0.596246, -0.00196016, -0.00848955, 0.0087129
1.06599, -0.489736, -0.608113, -0.487774, -0.599619, -0.00196162, -0.00849444, 0.00871799
1.06699, -0.487426, -0.611495, -0.485463, -0.602995, -0.00196296, -0.0085004, 0.0087241
1.06799, -0.485117, -0.614882, -0.483152, -0.606376, -0.00196442, -0.008506, 0.00872989
1.06899, -0.482809, -0.618273, -0.480844, -0.609762, -0.00196555, -0.00851125, 0.00873526
1.06999, -0.480502, -0.621669, -0.478535, -0.613153, -0.00196704, -0.00851607, 0.0087403
1.07099, -0.478197, -0.625069, -0.476228, -0.616548, -0.00196865, -0.00852197, 0.00874641
1.07199, -0.475892, -0.628475, -0.473922, -0.619947, -0.00197014, -0.00852746, 0.00875209
1.07299, -0.473589, -0.631884, -0.471617, -0.623352, -0.00197151, -0.00853252, 0.00875733
1.07399, -0.471287, -0.635299, -0.469314, -0.62676, -0.001973, -0.0085386, 0.00876359
1.07499, -0.468985, -0.638717, -0.467011, -0.630173, -0.00197414, -0.00854427, 0.00876936
1.07599, -0.466685, -0.642141, -0.46471, -0.633591, -0.00197563, -0.00854951, 0.00877481
1.07699, -0.464386, -0.645569, -0.462409, -0.637013, -0.00197744, -0.00855577, 0.00878131
1.07799, -0.462088, -0.649002, -0.460109, -0.640441, -0.00197867, -0.00856018, 0.00878589
1.07899, -0.459791, -0.652439, -0.457811, -0.643873, -0.00198001, -0.00856555, 0.00879142
1.07999, -0.457495, -0.65588, -0.455513, -0.647309, -0.00198144, -0.00857121, 0.00879725
1.08099, -0.4552, -0.659327, -0.453218, -0.65075, -0.00198251, -0.00857711, 0.00880325
1.08199, -0.452906, -0.662778, -0.450922, -0.654196, -0.00198394, -0.00858188, 0.00880821
1.08299, -0.450613, -0.666233, -0.448628, -0.657645, -0.0019857, -0.0085876, 0.00881418
1.08399, -0.448322, -0.669693, -0.446335, -0.6611, -0.0019871, -0.00859284, 0.00881961
1.08499, -0.446031, -0.673157, -0.444043, -0.664559, -0.00198811, -0.00859833, 0.00882518
1.08599, -0.443741, -0.676626, -0.441751, -0.668022, -0.00198993, -0.00860405, 0.00883117
1.08699, -0.441453, -0.6801, -0.439462, -0.671491, -0.00199115, -0.00860858, 0.00883585
1.08799, -0.439165, -0.683578, -0.437173, -0.674963, -0.00199246, -0.00861472, 0.00884213
1.08899, -0.436879, -0.68706, -0.434885, -0.67844, -0.0019941, -0.00862038, 0.00884802
1.08999, -0.434593, -0.690547, -0.432598, -0.681922, -0.00199535, -0.00862551, 0.00885329
1.09099, -0.432309, -0.694039, -0.430312, -0.685408, -0.00199673, -0.00863087, 0.00885883
1.092, -0.430026, -0.697535, -0.428028, -0.688899, -0.00199819, -0.00863642, 0.00886456
1.093, -0.427744, -0.701035, -0.425744, -0.692394, -0.00199974, -0.00864142, 0.00886979
1.094, -0.425462, -0.70454, -0.423461, -0.695894, -0.0020009, -0.00864661, 0.0088751
1.095, -0.423182, -0.70805, -0.42118, -0.699398, -0.00200239, -0.00865197, 0.00888066
1.096, -0.420903, -0.711564, -0.4189, -0.702906, -0.00200349, -0.00865752, 0.00888631
1.097, -0.418625, -0.715082, -0.41662, -0.706419, -0.00200489, -0.00866252, 0.00889151
1.098, -0.416348, -0.718605, -0.414341, -0.709937, -0.00200662, -0.00866771, 0.00889695
1.099, -0.414072, -0.722132, -0.412064, -0.713459, -0.00200796, -0.00867301, 0.00890242
1.1, -0.411797, -0.725664, -0.409787, -0.716985, -0.00200939, -0.0086785, 0.00890808
1.101, -0.409523, -0.7292, -0.407512, -0.720516, -0.00201088, -0.0086841, 0.00891388
1.102, -0.40725, -0.73274, -0.405238, -0.724051, -0.00201222, -0.00868917, 0.00891912
1.103, -0.404978, -0.736285, -0.402964, -0.72759, -0.00201365, -0.00869507, 0.00892519
1.104, -0.402707, -0.739835, -0.400692, -0.731134, -0.00201514, -0.00870037, 0.00893069
1.105, -0.400437, -0.743389, -0.398421, -0.734683, -0.00201625, -0.00870508, 0.00893553
1.106, -0.398168, -0.746947, -0.396151, -0.738235, -0.00201765, -0.00871134, 0.00894194
1.107, -0.395901, -0.750509, -0.393882, -0.741793, -0.00201911, -0.00871629, 0.00894709
1.108, -0.393634, -0.754076, -0.391613, -0.745354, -0.00202066, -0.00872201, 0.00895301
1.109, -0.391368, -0.757648, -0.389347, -0.748921, -0.00202155, -0.00872642, 0.00895751
1.11, -0.389103, -0.761223, -0.38708, -0.752491, -0.00202322, -0.00873232, 0.00896364
1.111, -0.38684, -0.764804, -0.384815, -0.756066, -0.00202426, -0.00873762, 0.00896904
1.112, -0.384577, -0.768388, -0.382551, -0.759646, -0.00202608, -0.00874227, 0.00897398
1.113, -0.382315, -0.771977, -0.380288, -0.763229, -0.00202748, -0.0087477, 0.00897958
1.114, -0.380055, -0.77557, -0.378026, -0.766818, -0.00202847, -0.00875247, 0.00898445
1.115, -0.377795, -0.779168, -0.375765, -0.77041, -0.00202975, -0.00875801, 0.00899014
1.116, -0.375536, -0.78277, -0.373505, -0.774006, -0.00203133, -0.00876361, 0.00899595
1.117, -0.373279, -0.786376, -0.371246, -0.777607, -0.00203249, -0.00876927, 0.00900173
1.118, -0.371022, -0.789987, -0.368988, -0.781212, -0.00203395, -0.00877428, 0.00900694
1.119, -0.368767, -0.793602, -0.366731, -0.784822, -0.00203571, -0.00877935, 0.00901227
1.12, -0.366512, -0.797221, -0.364475, -0.788436, -0.00203702, -0.00878441, 0.0090175
1.121, -0.364258, -0.800844, -0.36222, -0.792054, -0.00203839, -0.00879025, 0.0090235
1.122, -0.362006, -0.804472, -0.359966, -0.795677, -0.00203982, -0.00879538, 0.00902882
1.123, -0.359754, -0.808104, -0.357713, -0.799304, -0.00204107, -0.00880051, 0.0090341
1.124, -0.357504, -0.811741, -0.355461, -0.802936, -0.00204235, -0.00880492, 0.00903868
1.125, -0.355254, -0.815382, -0.35321, -0.806571, -0.00204369, -0.00881076, 0.00904468
1.126, -0.353006, -0.819027, -0.35096, -0.810211, -0.00204507, -0.00881588, 0.00904998
1.127, -0.350758, -0.822676, -0.348711, -0.813856, -0.0020465, -0.0088203, 0.0090546
1.128, -0.348511, -0.82633, -0.346464, -0.817504, -0.00204772, -0.00882542, 0.00905987
1.129, -0.346266, -0.829988, -0.344217, -0.821156, -0.002049, -0.00883126, 0.00906585
1.13, -0.344021, -0.83365, -0.341971, -0.824813, -0.00205031, -0.00883704, 0.00907178
1.131, -0.341778, -0.837316, -0.339726, -0.828474, -0.00205189, -0.00884211, 0.00907707
1.132, -0.339535, -0.840987, -0.337482, -0.83214, -0.00205305, -0.00884712, 0.00908221
1.133, -0.337293, -0.844662, -0.335239, -0.83581, -0.00205448, -0.00885206, 0.00908735
1.134, -0.335053, -0.848341, -0.332997, -0.839483, -0.00205618, -0.00885767, 0.00909319
1.135, -0.332813, -0.852025, -0.330756, -0.843162, -0.00205719, -0.00886256, 0.00909818
1.136, -0.330574, -0.855712, -0.328516, -0.846845, -0.00205824, -0.00886738, 0.00910312
1.137, -0.328337, -0.859404, -0.326277, -0.850531, -0.00206003, -0.00887281, 0.00910881
1.138, -0.3261, -0.8631, -0.324039, -0.854222, -0.00206137, -0.00887817, 0.00911434
1.139, -0.323864, -0.8668, -0.321802, -0.857917, -0.00206274, -0.00888348, 0.00911982
1.14, -0.32163, -0.870505, -0.319566, -0.861616, -0.00206414, -0.00888872, 0.00912524
1.141, -0.319396, -0.874214, -0.317331, -0.865321, -0.00206533, -0.00889313, 0.00912981
1.142, -0.317163, -0.877927, -0.315097, -0.869029, -0.00206655, -0.0088982, 0.00913502
1.143, -0.314931, -0.881644, -0.312864, -0.87274, -0.0020678, -0.00890386, 0.00914082
1.144, -0.312701, -0.885365, -0.310631, -0.876456, -0.00206929, -0.00890869, 0.00914586
1.145, -0.310471, -0.889091, -0.3084, -0.880176, -0.00207034, -0.00891411, 0.00915138
1.146, -0.308242, -0.89282, -0.30617, -0.883901, -0.00207165, -0.00891942, 0.00915684
1.147, -0.306014, -0.896554, -0.303941, -0.887629, -0.0020732, -0.0089246, 0.00916224
1.148, -0.303787, -0.900292, -0.301712, -0.891362, -0.00207478, -0.00892967, 0.00916754
1.149, -0.301561, -0.904034, -0.299485, -0.8951, -0.00207564, -0.00893462, 0.00917255
1.15, -0.299336, -0.907781, -0.297259, -0.898841, -0.00207725, -0.00893945, 0.00917762
1.151, -0.297112, -0.911531, -0.295034, -0.902587, -0.00207838, -0.00894409, 0.0091824
1.152, -0.294889, -0.915286, -0.292809, -0.906336, -0.00207978, -0.00895005, 0.00918852
1.153, -0.292667, -0.919044, -0.290586, -0.91009, -0.00208142, -0.00895441, 0.00919313
1.154, -0.290446, -0.922807, -0.288363, -0.913848, -0.00208259, -0.00895935, 0.00919822
1.155, -0.288226, -0.926574, -0.286142, -0.917609, -0.00208402, -0.00896484, 0.00920388
1.156, -0.286006, -0.930345, -0.283921, -0.921376, -0.00208497, -0.00896943, 0.00920857
1.157, -0.283788, -0.934121, -0.281702, -0.925146, -0.00208616, -0.00897455, 0.00921383
1.158, -0.281571, -0.9379, -0.279483, -0.928919, -0.00208807, -0.00898093, 0.00922047
1.159, -0.279355, -0.941683, -0.277265, -0.932698, -0.00208926, -0.00898498, 0.00922469
1.16, -0.277139, -0.945471, -0.275049, -0.936481, -0.00209045, -0.00899029, 0.00923013
1.161, -0.274925, -0.949263, -0.272833, -0.940267, -0.00209188, -0.00899535, 0.00923539
1.162, -0.272711, -0.953058, -0.270618, -0.944057, -0.00209332, -0.00900096, 0.00924117
1.163, -0.270499, -0.956858, -0.268404, -0.947853, -0.00209451, -0.00900561, 0.00924597
1.164, -0.268287, -0.960662, -0.266191, -0.951651, -0.00209594, -0.00901079, 0.00925134
1.165, -0.266077, -0.96447, -0.263979, -0.955455, -0.00209713, -0.00901502, 0.00925573
1.166, -0.263867, -0.968282, -0.261769, -0.959262, -0.00209832, -0.00902045, 0.00926129
1.167, -0.261658, -0.972098, -0.259558, -0.963073, -0.00209972, -0.00902492, 0.00926596
1.168, -0.25945, -0.975918, -0.257349, -0.966888, -0.00210112, -0.00903058, 0.00927179
1.169, -0.257244, -0.979742, -0.255141, -0.970707, -0.00210229, -0.00903529, 0.00927664
1.17, -0.255038, -0.983571, -0.252934, -0.974531, -0.00210366, -0.00903976, 0.0092813
1.171, -0.252833, -0.987403, -0.250728, -0.978357, -0.00210479, -0.00904542, 0.00928708
1.172, -0.250629, -0.991239, -0.248523, -0.982188, -0.00210592, -0.00905085, 0.00929262
1.173, -0.248426, -0.99508, -0.246318, -0.986024, -0.00210774, -0.00905597, 0.00929802
1.174, -0.246223, -0.998924, -0.244115, -0.989864, -0.00210883, -0.00906014, 0.00930233
1.175, -0.244022, -1.00277, -0.241912, -0.993707, -0.0021099, -0.00906545, 0.00930774
1.176, -0.241822, -1.00662, -0.239711, -0.997554, -0.0021112, -0.00907046, 0.00931291
1.177, -0.239623, -1.01048, -0.23751, -1.00141, -0.0021127, -0.00907516, 0.00931784
1.178, -0.237424, -1.01434, -0.235311, -1.00526, -0.00211371, -0.00908029, 0.00932306
1.179, -0.235227, -1.01821, -0.233111, -1.00912, -0.00211541, -0.00908518, 0.00932821
1.18, -0.23303, -1.02207, -0.230914, -1.01298, -0.00211638, -0.00908971, 0.00933284
1.181, -0.230835, -1.02595, -0.228717, -1.01685, -0.00211804, -0.00909543, 0.00933879
1.182, -0.22864, -1.02982, -0.226521, -1.02072, -0.00211918, -0.00910008, 0.00934357
1.183, -0.226446, -1.0337, -0.224326, -1.0246, -0.00212055, -0.00910449, 0.00934818
1.184, -0.224253, -1.03759, -0.222131, -1.02848, -0.0021219, -0.00910997, 0.00935383
1.185, -0.222061, -1.04148, -0.219938, -1.03236, -0.00212321, -0.00911438, 0.00935842
1.186, -0.219871, -1.04537, -0.217746, -1.03625, -0.00212449, -0.00912058, 0.00936475
1.187, -0.21768, -1.04926, -0.215555, -1.04014, -0.00212573, -0.00912499, 0.00936932
1.188, -0.215491, -1.05316, -0.213364, -1.04403, -0.00212693, -0.00912988, 0.00937436
1.189, -0.213303, -1.05707, -0.211175, -1.04793, -0.00212811, -0.00913441, 0.00937904
1.19, -0.211116, -1.06098, -0.208986, -1.05184, -0.00212948, -0.0091393, 0.00938411
1.191, -0.208929, -1.06489, -0.206798, -1.05574, -0.00213106, -0.00914454, 0.00938957
1.192, -0.206744, -1.0688, -0.204612, -1.05965, -0.00213212, -0.00914943, 0.00939457
1.193, -0.204559, -1.07272, -0.202426, -1.06357, -0.00213338, -0.00915396, 0.00939927
1.194, -0.202376, -1.07665, -0.200241, -1.06749, -0.00213484, -0.00915873, 0.00940425
1.195, -0.200193, -1.08058, -0.198057, -1.07141, -0.00213578, -0.00916386, 0.00940945
1.196, -0.198011, -1.08451, -0.195874, -1.07534, -0.00213739, -0.00916862, 0.00941446
1.197, -0.19583, -1.08844, -0.193691, -1.07927, -0.00213872, -0.00917375, 0.00941976
1.198, -0.19365, -1.09238, -0.19151, -1.0832, -0.00213976, -0.0091784, 0.00942452
1.199, -0.191471, -1.09632, -0.18933, -1.08714, -0.00214124, -0.00918341, 0.00942973
1.2, -0.189293, -1.10027, -0.18715, -1.09108, -0.00214243, -0.00918877, 0.00943523
1.201, -0.187116, -1.10422, -0.184972, -1.09503, -0.0021438, -0.00919366, 0.0094403
1.202, -0.184939, -1.10818, -0.182794, -1.09898, -0.00214489, -0.0091989, 0.00944565
1.203, -0.182764, -1.11214, -0.180617, -1.10293, -0.00214639, -0.00920296, 0.00944994
1.204, -0.180589, -1.1161, -0.178442, -1.10689, -0.00214761, -0.00920808, 0.00945521
1.205, -0.178415, -1.12007, -0.176267, -1.11085, -0.00214854, -0.00921273, 0.00945995
1.206, -0.176243, -1.12404, -0.174093, -1.11482, -0.00215013, -0.00921762, 0.00946507
1.207, -0.174071, -1.12801, -0.17192, -1.11879, -0.00215119, -0.00922215, 0.00946972
1.208, -0.1719, -1.13199, -0.169747, -1.12276, -0.00215243, -0.00922763, 0.00947534
1.209, -0.16973, -1.13597, -0.167576, -1.12674, -0.00215384, -0.00923264, 0.00948054
1.21, -0.16756, -1.13996, -0.165405, -1.13072, -0.0021552, -0.00923645, 0.00948457
1.211, -0.165392, -1.14395, -0.163236, -1.1347, -0.0021565, -0.00924194, 0.0094902
1.212, -0.163225, -1.14794, -0.161067, -1.13869, -0.00215773, -0.00924623, 0.00949466
1.213, -0.161058, -1.15194, -0.158899, -1.14268, -0.00215913, -0.00925148, 0.00950009
1.214, -0.158893, -1.15594, -0.156733, -1.14668, -0.00216, -0.00925696, 0.00950562
1.215, -0.156728, -1.15994, -0.154566, -1.15068, -0.00216174, -0.00926125, 0.0095102
1.216, -0.154564, -1.16395, -0.152401, -1.15468, -0.00216295, -0.00926578, 0.00951489
1.217, -0.152401, -1.16796, -0.150237, -1.15869, -0.00216408, -0.00927055, 0.00951979
1.218, -0.150239, -1.17198, -0.148074, -1.1627, -0.00216515, -0.00927556, 0.00952491
1.219, -0.148078, -1.176, -0.145911, -1.16672, -0.00216663, -0.00928009, 0.00952965
1.22, -0.145917, -1.18002, -0.143749, -1.17074, -0.00216803, -0.00928473, 0.0095345
1.221, -0.143758, -1.18405, -0.141588, -1.17476, -0.00216936, -0.00928962, 0.00953956
1.222, -0.141599, -1.18808, -0.139429, -1.17879, -0.00217013, -0.00929475, 0.00954473
1.223, -0.139442, -1.19212, -0.13727, -1.18282, -0.00217155, -0.00929856, 0.00954876
1.224, -0.137285, -1.19615, -0.135112, -1.18685, -0.00217289, -0.00930405, 0.00955441
1.225, -0.135129, -1.2002, -0.132955, -1.19089, -0.00217415, -0.00930834, 0.00955888
1.226, -0.132974, -1.20424, -0.130798, -1.19493, -0.00217557, -0.00931346, 0.00956419
1.227, -0.130819, -1.20829, -0.128643, -1.19898, -0.00217643, -0.00931799, 0.0095688
1.228, -0.128666, -1.21235, -0.126489, -1.20302, -0.00217746, -0.00932276, 0.00957367
1.229, -0.126514, -1.2164, -0.124335, -1.20708, -0.00217912, -0.00932765, 0.00957881
1.23, -0.124362, -1.22047, -0.122182, -1.21113, -0.00218045, -0.00933278, 0.0095841
1.231, -0.122211, -1.22453, -0.12003, -1.21519, -0.00218146, -0.00933731, 0.00958874
1.232, -0.120062, -1.2286, -0.117879, -1.21926, -0.00218286, -0.00934196, 0.00959359
1.233, -0.117913, -1.23267, -0.115728, -1.22333, -0.00218417, -0.00934672, 0.00959853
1.234, -0.115764, -1.23675, -0.113579, -1.2274, -0.00218539, -0.0093509, 0.00960287
1.235, -0.113617, -1.24083, -0.11143, -1.23147, -0.00218676, -0.00935602, 0.00960818
1.236, -0.111471, -1.24491, -0.109283, -1.23555, -0.00218756, -0.00936055, 0.00961277
1.237, -0.109325, -1.249, -0.107136, -1.23963, -0.00218923, -0.0093652, 0.00961768
1.238, -0.107181, -1.25309, -0.10499, -1.24372, -0.00219033, -0.00936997, 0.00962257
1.239, -0.105037, -1.25718, -0.102845, -1.24781, -0.00219157, -0.00937486, 0.00962761
1.24, -0.102894, -1.26128, -0.100701, -1.2519, -0.00219296, -0.00937974, 0.00963269
1.241, -0.100752, -1.26539, -0.0985579, -1.256, -0.00219377, -0.00938332, 0.00963636
1.242, -0.0986105, -1.26949, -0.096415, -1.2601, -0.00219544, -0.00938916, 0.00964242
1.243, -0.0964701, -1.2736, -0.0942736, -1.26421, -0.00219654, -0.00939369, 0.00964708
1.244, -0.0943306, -1.27771, -0.0921328, -1.26832, -0.00219776, -0.00939834, 0.00965189
1.245, -0.0921919, -1.28183, -0.089993, -1.27243, -0.0021989, -0.00940299, 0.00965668
1.246, -0.0900541, -1.28595, -0.0878541, -1.27654, -0.00219993, -0.00940776, 0.00966155
1.247, -0.0879171, -1.29007, -0.0857155, -1.28066, -0.00220156, -0.00941265, 0.00966669
1.248, -0.085781, -1.2942, -0.0835783, -1.28479, -0.00220262, -0.00941682, 0.00967099
1.249, -0.0836457, -1.29833, -0.0814419, -1.28891, -0.00220381, -0.00942183, 0.00967614
1.25, -0.0815113, -1.30247, -0.0793061, -1.29304, -0.00220514, -0.00942612, 0.00968062
1.251, -0.0793777, -1.30661, -0.0771713, -1.29718, -0.00220636, -0.00943053, 0.00968519
1.252, -0.0772449, -1.31075, -0.0750375, -1.30131, -0.00220747, -0.00943494, 0.00968974
1.253, -0.0751131, -1.31489, -0.0729046, -1.30546, -0.00220846, -0.00943935, 0.00969426
1.254, -0.072982, -1.31904, -0.0707719, -1.3096, -0.00221007, -0.00944459, 0.00969973
1.255, -0.0708518, -1.3232, -0.0686405, -1.31375, -0.00221132, -0.00944984, 0.00970512
1.256, -0.0687224, -1.32735, -0.0665102, -1.3179, -0.00221222, -0.00945365, 0.00970904
1.257, -0.0665939, -1.33151, -0.0643802, -1.32206, -0.00221372, -0.00945902, 0.00971461
1.258, -0.0644662, -1.33568, -0.0622511, -1.32621, -0.0022151, -0.00946367, 0.00971945
1.259, -0.0623393, -1.33985, -0.0601232, -1.33038, -0.00221613, -0.00946832, 0.00972421
1.26, -0.0602133, -1.34402, -0.057996, -1.33454, -0.00221728, -0.00947225, 0.0097283
1.261, -0.0580881, -1.34819, -0.0558696, -1.33871, -0.00221855, -0.00947762, 0.00973382
1.262, -0.0559638, -1.35237, -0.0537443, -1.34289, -0.00221946, -0.00948155, 0.00973785
1.263, -0.0538403, -1.35655, -0.0516193, -1.34706, -0.00222097, -0.0094862, 0.00974272
1.264, -0.0517176, -1.36074, -0.0494957, -1.35125, -0.00222187, -0.00949085, 0.00974746
1.265, -0.0495957, -1.36493, -0.0473723, -1.35543, -0.00222337, -0.0094955, 0.00975232
1.266, -0.0474747, -1.36912, -0.0452499, -1.35962, -0.00222474, -0.00950015, 0.00975716
1.267, -0.0453545, -1.37331, -0.0431287, -1.36381, -0.00222575, -0.00950396, 0.00976111
1.268, -0.0432351, -1.37751, -0.041008, -1.368, -0.00222711, -0.00950849, 0.00976583
1.269, -0.0411166, -1.38172, -0.0388885, -1.3722, -0.0022281, -0.00951374, 0.00977116
1.27, -0.0389988, -1.38592, -0.0367692, -1.3764, -0.00222968, -0.00951898, 0.00977663
1.271, -0.0368819, -1.39013, -0.0346513, -1.38061, -0.00223066, -0.00952268, 0.00978045
1.272, -0.0347659, -1.39435, -0.0325341, -1.38482, -0.00223174, -0.00952709, 0.00978499
1.273, -0.0326506, -1.39856, -0.0304177, -1.38903, -0.00223292, -0.00953209, 0.00979013
1.274, -0.0305362, -1.40278, -0.028302, -1.39325, -0.00223421, -0.0095371, 0.0097953
1.275, -0.0284225, -1.40701, -0.0261869, -1.39747, -0.00223561, -0.00954127, 0.00979969
1.276, -0.0263098, -1.41124, -0.0240734, -1.40169, -0.00223639, -0.00954545, 0.00980393
1.277, -0.0241978, -1.41547, -0.0219598, -1.40592, -0.00223799, -0.00955021, 0.00980893
1.278, -0.0220866, -1.4197, -0.0198476, -1.41015, -0.00223897, -0.00955427, 0.0098131
1.279, -0.0199763, -1.42394, -0.0177362, -1.41438, -0.00224006, -0.00955892, 0.00981788
1.28, -0.0178667, -1.42818, -0.0156255, -1.41862, -0.00224124, -0.00956345, 0.00982256
1.281, -0.015758, -1.43243, -0.0135155, -1.42286, -0.00224252, -0.00956798, 0.00982726
1.282, -0.0136501, -1.43668, -0.0114062, -1.4271, -0.0022439, -0.00957239, 0.00983187
1.283, -0.011543, -1.44093, -0.00929785, -1.43135, -0.00224513, -0.00957739, 0.00983703
1.284, -0.00943669, -1.44518, -0.00719047, -1.4356, -0.00224622, -0.00958228, 0.00984203
1.285, -0.0073312, -1.44944, -0.00508356, -1.43986, -0.00224764, -0.00958705, 0.009847
1.286, -0.00522653, -1.45371, -0.00297785, -1.44411, -0.00224868, -0.00959098, 0.00985107
1.287, -0.00312265, -1.45797, -0.000872612, -1.44838, -0.00225004, -0.00959551, 0.00985579
1.288, -0.00101959, -1.46224, 0.00123119, -1.45264, -0.00225078, -0.00959992, 0.00986025
1.289, 0.00108267, -1.46651, 0.003335, -1.45691, -0.00225233, -0.00960422, 0.00986478
1.29, 0.00318413, -1.47079, 0.00543737, -1.46118, -0.00225324, -0.00960839, 0.00986905
1.291, 0.00528479, -1.47507, 0.00753927, -1.46546, -0.00225449, -0.00961244, 0.00987328
1.292, 0.00738464, -1.47935, 0.00964022, -1.46974, -0.00225558, -0.00961709, 0.00987806
1.293, 0.0094837, -1.48364, 0.0117402, -1.47402, -0.00225651, -0.00962162, 0.00988268
1.294, 0.011582, -1.48793, 0.0138402, -1.4783, -0.00225824, -0.00962663, 0.00988795
1.295, 0.0136794, -1.49222, 0.0159388, -1.48259, -0.00225935, -0.0096308, 0.00989227
1.296, 0.0157761, -1.49652, 0.0180368, -1.48689, -0.00226077, -0.00963485, 0.00989654
1.29681, 0.0174715, -1.5, 0.019733, -1.49036, -0.00226149, -0.0096395, 0.00990123
